epigenomics
study - 10.1038/s41598-018-35603-0
coord
chr6	31572209	31572209	0.000100000
chr6	31572221	31572221	0.000100000
chr1	236543745	236543745	0.029910000
chr18	76402614	76402614	0.000100000
chr21	44968247	44968247	0.001400000
chr6	161375822	161375822	0.001400000
chr10	92789283	92789283	0.004320000
chr8	143317165	143317165	0.029910000
chr6	31572196	31572196	0.000004570
chr6	31572225	31572225	0.000100000
chr1	91952441	91952441	0.011970000
chr17	1095192	1095192	0.001400000
chr11	8364165	8364165	0.000410000
chr12	6550358	6550358	0.001400000
chr14	106851665	106851665	0.004320000
chr17	76982605	76982605	0.001400000
chr21	36159592	36159592	0.000100000
chr11	128290742	128290742	0.000100000
chr8	125576310	125576310	0.001400000
chr17	77100157	77100157	0.001400000
chr19	11296317	11296317	0.000410000
chr16	2284162	2284162	0.004320000
chr19	15281021	15281021	0.004320000
chr1	39934161	39934161	0.000410000
chr7	73305227	73305227	0.000100000
chr6	31572237	31572237	0.000023400
chr4	1301259	1301259	0.001400000
chr17	45901167	45901167	0.029910000
chr6	31571958	31571958	0.000410000
chr16	84827312	84827312	0.000410000
chr1	175073161	175073161	0.001400000
chr15	101237595	101237595	0.001400000
chr2	1169665	1169665	0.004320000
chr5	179765523	179765523	0.000100000
chr6	7169399	7169399	0.000410000
chr7	119131	119131	0.000100000
chr4	2430271	2430271	0.000410000
chr7	2908489	2908489	0.004320000
chr10	127996730	127996730	0.001400000
chr2	218745380	218745380	0.000100000
chr7	1086682	1086682	0.000410000
chr18	79523493	79523493	0.000004570
chr21	34512210	34512210	0.000410000
chr17	3802581	3802581	0.000410000
chr7	151808030	151808030	0.000410000
chr3	195762435	195762435	0.000023400
chr18	9474145	9474145	0.000410000
chr4	2430145	2430145	0.000023400
chr9	94643271	94643271	0.000410000
chr15	90004460	90004460	0.000410000
chr6	161375818	161375818	0.001400000
chr7	139732379	139732379	0.000100000
chr16	4347290	4347290	0.001400000
chr17	48111751	48111751	0.004320000
chr16	8849579	8849579	0.000410000
chr17	7626375	7626375	0.001400000
chr16	87888079	87888079	0.000100000
chr3	23272238	23272238	0.001400000
chr11	119116083	119116083	0.001400000
chr17	63933096	63933096	0.004320000
chr6	31572344	31572344	0.000100000
chr19	35139401	35139401	0.001400000
chr1	54228260	54228260	0.004320000
chr11	62806866	62806866	0.000410000
chr11	57569468	57569468	0.000023400
chr11	73201396	73201396	0.000023400
chr3	127592195	127592195	0.000410000
chr6	31572249	31572249	0.000023400
chr12	8053006	8053006	0.000410000
chr16	4680135	4680135	0.001400000
chr16	85930467	85930467	0.000410000
chr19	1177576	1177576	0.000410000
chr19	55326653	55326653	0.000100000
chr10	79949435	79949435	0.001400000
chr11	44859359	44859359	0.000100000
chr2	233117175	233117175	0.000100000
chr3	159928712	159928712	0.001400000
chr4	1300995	1300995	0.004320000
chr11	95360645	95360645	0.001400000
chr15	55282714	55282714	0.004320000
chr2	219020892	219020892	0.000100000
chr6	28917791	28917791	0.000410000
chr12	131985392	131985392	0.000100000
chr1	36483380	36483380	0.000100000
chr10	112815200	112815200	0.001400000
chr11	61356874	61356874	0.004320000
chr13	110676436	110676436	0.004320000
chr6	28916822	28916822	0.000100000
chr13	114152981	114152981	0.000100000
chr6	15089932	15089932	0.000410000
chr10	112227618	112227618	0.000023400
chr11	69445368	69445368	0.000410000
chr14	21017741	21017741	0.001400000
chr16	15829630	15829630	0.000100000
chr21	44905938	44905938	0.000410000
chr5	140183288	140183288	0.000023400
chr6	32153124	32153124	0.004320000
chr19	852311	852311	0.000023400
chr19	35139375	35139375	0.000410000
chr1	226699343	226699343	0.004320000
chr5	135447891	135447891	0.004320000
chr6	73567250	73567250	0.000023400
chr10	113151893	113151893	0.000023400
chr13	114062789	114062789	0.001400000
chr14	75297626	75297626	0.000410000
chr16	85544241	85544241	0.001400000
chr11	69446276	69446276	0.000023400
chr11	134228689	134228689	0.000410000
chr14	23113924	23113924	0.004320000
chr1	23804510	23804510	0.000410000
chr3	50238833	50238833	0.001400000
chr1	226938125	226938125	0.000100000
chr11	72135742	72135742	0.001400000
chr13	114151748	114151748	0.001400000
chr17	82915696	82915696	0.001400000
chr7	4810629	4810629	0.000100000
chr17	58535001	58535001	0.001400000
chr19	38651371	38651371	0.000100000
chr1	1765253	1765253	0.000410000
chr10	101814869	101814869	0.000410000
chr11	68371765	68371765	0.004320000
chr17	27540587	27540587	0.000410000
chr7	157390772	157390772	0.004320000
chr2	241860040	241860040	0.000000761
chr3	153209808	153209808	0.001400000
chr8	29583900	29583900	0.004320000
chr10	3467566	3467566	0.001400000
chr17	82871433	82871433	0.001400000
chr1	11662878	11662878	0.000100000
chr3	31687257	31687257	0.001400000
chr8	11492788	11492788	0.029910000
chr13	110666143	110666143	0.001400000
chr19	35139451	35139451	0.000410000
chr11	3156392	3156392	0.000410000
chr14	24576911	24576911	0.004320000
chr17	49252190	49252190	0.000410000
chr1	19081403	19081403	0.001400000
chr1	32251401	32251401	0.001400000
chr10	69344968	69344968	0.001400000
chr11	64319634	64319634	0.000100000
chr12	123084571	123084571	0.011970000
chr13	24249940	24249940	0.001400000
chr22	29799310	29799310	0.000410000
chr4	83336000	83336000	0.001400000
chr6	25027390	25027390	0.000023400
chr11	2812029	2812029	0.004320000
chr1	161631263	161631263	0.001400000
chr3	11225334	11225334	0.000100000
chr17	64175164	64175164	0.001400000
chr18	63237095	63237095	0.000023400
chr21	33402321	33402321	0.000023400
chr15	93028758	93028758	0.001400000
chr1	161214515	161214515	0.000410000
chr2	218370792	218370792	0.000410000
chr7	143331615	143331615	0.000410000
chr20	35093420	35093420	0.001400000
chr1	21338317	21338317	0.000410000
chr2	241550802	241550802	0.011970000
chr11	1522045	1522045	0.000410000
chr4	687297	687297	0.000100000
chr15	90184328	90184328	0.000100000
chr18	76402752	76402752	0.000100000
chr1	41538042	41538042	0.000410000
chr2	28274802	28274802	0.000410000
chr9	98249436	98249436	0.000410000
chr11	11156341	11156341	0.001400000
chr12	6549459	6549459	0.000410000
chr13	113607619	113607619	0.001400000
chr17	58278070	58278070	0.000100000
chr1	12040574	12040574	0.001400000
chr6	3024830	3024830	0.000100000
chr10	30999358	30999358	0.000100000
chr12	57816878	57816878	0.000410000
chr12	113861271	113861271	0.000410000
chr19	10638102	10638102	0.001400000
chr21	33401858	33401858	0.000023400
chr1	6365259	6365259	0.001400000
chr2	62218144	62218144	0.001400000
chr3	66442568	66442568	0.000410000
chr14	21015482	21015482	0.001400000
chr2	216492436	216492436	0.011970000
chr11	118883826	118883826	0.011970000
chr7	47520617	47520617	0.001400000
chr9	114394603	114394603	0.000023400
chr11	59059002	59059002	0.004320000
chr11	60457767	60457767	0.011970000
chr15	74588710	74588710	0.000410000
chr16	3242971	3242971	0.004320000
chr1	39954627	39954627	0.001400000
chr1	110434127	110434127	0.000410000
chr2	168149493	168149493	0.000100000
chr9	133856061	133856061	0.001400000
chr11	46857965	46857965	0.000410000
chr12	2342003	2342003	0.001400000
chr19	1155057	1155057	0.000410000
chr19	46755419	46755419	0.001400000
chr1	157806900	157806900	0.004320000
chr3	125334971	125334971	0.001400000
chr7	2614321	2614321	0.000410000
chr10	124601266	124601266	0.011970000
chr11	23400324	23400324	0.029910000
chr11	67407372	67407372	0.001400000
chr11	123122500	123122500	0.000410000
chr12	645745	645745	0.000100000
chr12	6635891	6635891	0.004320000
chr14	50875602	50875602	0.001400000
chr16	85995742	85995742	0.011970000
chr18	63237004	63237004	0.000100000
chr1	2150876	2150876	0.000410000
chr1	8213292	8213292	0.000410000
chr1	111200398	111200398	0.029910000
chr11	59058941	59058941	0.001400000
chr11	111379476	111379476	0.000100000
chr14	24092855	24092855	0.000100000
chr16	28931698	28931698	0.000410000
chr17	1587193	1587193	0.000023400
chr20	18510840	18510840	0.000410000
chr21	43390103	43390103	0.001400000
chr4	2800885	2800885	0.000100000
chr8	652158	652158	0.000410000
chr9	88476641	88476641	0.001400000
chr1	111227669	111227669	0.000100000
chr1	248739799	248739799	0.000410000
chr2	239369402	239369402	0.004320000
chr6	41163240	41163240	0.000100000
chr6	170050096	170050096	0.004320000
chr8	11494337	11494337	0.011970000
chr10	78551610	78551610	0.001400000
chr14	23119407	23119407	0.000410000
chr3	46209027	46209027	0.000004570
chr5	1477604	1477604	0.000410000
chr5	1555676	1555676	0.001400000
chr14	24100334	24100334	0.000410000
chr15	88649725	88649725	0.000100000
chr21	42128016	42128016	0.000410000
chr2	46827694	46827694	0.004320000
chr3	14279023	14279023	0.001400000
chr3	46406593	46406593	0.001400000
chr6	31572663	31572663	0.000100000
chr9	121601569	121601569	0.000410000
chr11	7496032	7496032	0.004320000
chr11	72835123	72835123	0.000410000
chr16	4682405	4682405	0.000410000
chr1	223827373	223827373	0.001400000
chr2	239210646	239210646	0.000410000
chr3	188707468	188707468	0.001400000
chr6	31572359	31572359	0.000100000
chr12	1635791	1635791	0.000410000
chr16	85978382	85978382	0.000100000
chr16	87701650	87701650	0.000410000
chr17	69501738	69501738	0.000100000
chr5	135386389	135386389	0.000023400
chr14	20685292	20685292	0.000410000
chr1	1741205	1741205	0.000410000
chr2	46520240	46520240	0.000410000
chr3	38950709	38950709	0.000100000
chr6	43790270	43790270	0.001400000
chr6	158087156	158087156	0.001400000
chr11	113729130	113729130	0.000100000
chr11	119615731	119615731	0.000410000
chr15	22957082	22957082	0.004320000
chr17	82915489	82915489	0.004320000
chr19	54586602	54586602	0.011970000
chr10	73645502	73645502	0.000100000
chr11	111005417	111005417	0.000100000
chr13	51370371	51370371	0.000100000
chr1	58392402	58392402	0.000004570
chr1	111200649	111200649	0.011970000
chr1	165890477	165890477	0.001400000
chr3	169931805	169931805	0.004320000
chr6	3025091	3025091	0.000410000
chr7	44787187	44787187	0.029910000
chr11	822402	822402	0.001400000
chr15	101237556	101237556	0.001400000
chr1	12181016	12181016	0.000410000
chr1	149931423	149931423	0.000410000
chr1	156284966	156284966	0.001400000
chr2	74481640	74481640	0.000023400
chr5	10626699	10626699	0.001400000
chr11	2385154	2385154	0.004320000
chr15	58248203	58248203	0.000100000
chr18	76545937	76545937	0.004320000
chr19	35330731	35330731	0.011970000
chr1	226370795	226370795	0.001400000
chr3	122999564	122999564	0.029910000
chr5	150361467	150361467	0.001400000
chr7	139726231	139726231	0.000410000
chr7	157298741	157298741	0.000410000
chr17	7115943	7115943	0.004320000
chr20	62185863	62185863	0.000023400
chr3	52468429	52468429	0.000410000
chr7	24702933	24702933	0.029910000
chr12	122006674	122006674	0.000023400
chr14	20802989	20802989	0.001400000
chr15	22262692	22262692	0.000410000
chr16	11237077	11237077	0.001400000
chr16	71853584	71853584	0.004320000
chr17	45586213	45586213	0.011970000
chr17	58277938	58277938	0.000410000
chr2	134175608	134175608	0.000410000
chr3	195762911	195762911	0.000410000
chr6	35602447	35602447	0.011970000
chr12	124538569	124538569	0.000100000
chr14	22815350	22815350	0.000410000
chr14	76866640	76866640	0.001400000
chr16	81583269	81583269	0.000410000
chr17	16297267	16297267	0.000100000
chr17	64241313	64241313	0.000100000
chr1	151804524	151804524	0.004320000
chr1	209704833	209704833	0.000410000
chr9	69463913	69463913	0.001400000
chr10	71644413	71644413	0.001400000
chr5	57442417	57442417	0.004320000
chr7	47039140	47039140	0.004320000
chr8	138722200	138722200	0.001400000
chr10	31698302	31698302	0.001400000
chr16	10815504	10815504	0.000410000
chr16	66549175	66549175	0.000410000
chr19	51142166	51142166	0.004320000
chr1	151537247	151537247	0.000410000
chr3	128701670	128701670	0.000410000
chr5	1168948	1168948	0.001400000
chr6	32977982	32977982	0.000100000
chr7	2607699	2607699	0.000100000
chr9	123339029	123339029	0.001400000
chr12	6550354	6550354	0.000004570
chr17	81155118	81155118	0.000100000
chr22	44192470	44192470	0.001400000
chr2	120579137	120579137	0.011970000
chr3	138125594	138125594	0.000410000
chr6	35740180	35740180	0.000100000
chr10	124106764	124106764	0.001400000
chr13	114074187	114074187	0.000023400
chr16	28931877	28931877	0.001400000
chr16	30603092	30603092	0.000410000
chr19	4950876	4950876	0.000410000
chr1	2151083	2151083	0.000410000
chr1	4027154	4027154	0.000410000
chr8	11494062	11494062	0.011970000
chr9	134226302	134226302	0.001400000
chr11	35111727	35111727	0.000410000
chr12	116382303	116382303	0.000410000
chr13	36674107	36674107	0.011970000
chr15	98505716	98505716	0.000410000
chr16	8644447	8644447	0.000100000
chr1	11735840	11735840	0.000410000
chr1	109883468	109883468	0.000100000
chr6	31572337	31572337	0.001400000
chr11	117824876	117824876	0.011970000
chr16	8644674	8644674	0.001400000
chr16	28931773	28931773	0.011970000
chr17	58280957	58280957	0.000100000
chr17	81912441	81912441	0.004320000
chr19	1155226	1155226	0.000410000
chr6	30102626	30102626	0.000410000
chr8	140545196	140545196	0.001400000
chr11	47393846	47393846	0.000004570
chr11	111379471	111379471	0.000410000
chr15	67762955	67762955	0.001400000
chr17	1575919	1575919	0.000410000
chr17	58275534	58275534	0.001400000
chr17	82915780	82915780	0.001400000
chr20	50595036	50595036	0.004320000
chr5	178313105	178313105	0.000023400
chr6	31572274	31572274	0.000004570
chr6	32660108	32660108	0.004320000
chr10	97463987	97463987	0.000100000
chr11	110565457	110565457	0.000100000
chr14	72563958	72563958	0.004320000
chr16	72054345	72054345	0.000100000
chr18	63890501	63890501	0.000100000
chr1	1678533	1678533	0.001400000
chr1	109280474	109280474	0.000410000
chr2	101961414	101961414	0.000410000
chr2	127295313	127295313	0.000100000
chr5	56480014	56480014	0.000410000
chr7	1086690	1086690	0.001400000
chr19	929046	929046	0.000100000
chr20	62671912	62671912	0.001400000
chr21	44353899	44353899	0.000100000
chr1	10986128	10986128	0.011970000
chr1	20603147	20603147	0.000100000
chr3	51953672	51953672	0.000100000
chr6	144215189	144215189	0.001400000
chr6	166849966	166849966	0.004320000
chr7	41778173	41778173	0.011970000
chr7	140232929	140232929	0.000410000
chr1	220882448	220882448	0.000100000
chr5	136048391	136048391	0.029910000
chr6	167122696	167122696	0.001400000
chr8	37900935	37900935	0.000100000
chr8	133119799	133119799	0.001400000
chr14	68790171	68790171	0.000000761
chr17	82871385	82871385	0.001400000
chr3	121992876	121992876	0.004320000
chr3	195180628	195180628	0.000410000
chr4	3203065	3203065	0.000004570
chr4	41934846	41934846	0.000023400
chr6	118581884	118581884	0.001400000
chr8	141151741	141151741	0.000410000
chr10	80539850	80539850	0.001400000
chr10	109900145	109900145	0.004320000
chr11	94545902	94545902	0.000100000
chr16	4680409	4680409	0.001400000
chr21	45028177	45028177	0.029910000
chr1	201828070	201828070	0.000023400
chr2	31384895	31384895	0.000410000
chr2	105625779	105625779	0.004320000
chr4	979389	979389	0.001400000
chr5	179475698	179475698	0.000100000
chr10	71343638	71343638	0.000410000
chr11	111379706	111379706	0.001400000
chr17	29116813	29116813	0.000100000
chr2	218322709	218322709	0.000410000
chr3	195762837	195762837	0.000410000
chr6	33170331	33170331	0.029910000
chr6	42915796	42915796	0.011970000
chr8	37874568	37874568	0.001400000
chr11	12126741	12126741	0.000100000
chr11	47391536	47391536	0.001400000
chr11	118883798	118883798	0.000100000
chr13	114069208	114069208	0.000410000
chr14	64716814	64716814	0.001400000
chr14	73771678	73771678	0.000410000
chr20	45910036	45910036	0.000410000
chr20	57699040	57699040	0.004320000
chr2	111662521	111662521	0.000023400
chr10	93363996	93363996	0.001400000
chr10	97688723	97688723	0.000410000
chr11	3156635	3156635	0.000410000
chr11	129947822	129947822	0.004320000
chr14	93073268	93073268	0.000410000
chr15	85771970	85771970	0.000023400
chr16	67566021	67566021	0.004320000
chr17	81155085	81155085	0.029910000
chr2	233202499	233202499	0.011970000
chr5	61323105	61323105	0.000100000
chr5	74643458	74643458	0.001400000
chr11	45858179	45858179	0.001400000
chr11	60932094	60932094	0.001400000
chr11	114082740	114082740	0.000410000
chr17	57045177	57045177	0.000004570
chr17	81323748	81323748	0.001400000
chr1	2150910	2150910	0.000410000
chr1	226640949	226640949	0.011970000
chr2	134411962	134411962	0.011970000
chr3	187917395	187917395	0.000410000
chr3	197495440	197495440	0.011970000
chr6	4611830	4611830	0.004320000
chr6	131635871	131635871	0.029910000
chr7	100373156	100373156	0.000023400
chr8	124665946	124665946	0.029910000
chr19	1415758	1415758	0.001400000
chr19	50418294	50418294	0.011970000
chr21	38773480	38773480	0.000410000
chr3	196625156	196625156	0.000410000
chr6	31572684	31572684	0.000023400
chr6	43926902	43926902	0.000410000
chr11	33892541	33892541	0.000100000
chr17	17152270	17152270	0.001400000
chr18	79460712	79460712	0.011970000
chr1	209649583	209649583	0.000100000
chr2	96539410	96539410	0.000023400
chr4	107893448	107893448	0.000410000
chr9	91191326	91191326	0.004320000
chr11	8794881	8794881	0.000410000
chr14	21041897	21041897	0.001400000
chr15	101156717	101156717	0.004320000
chr16	49632101	49632101	0.011970000
chr19	4667093	4667093	0.000100000
chr22	17477420	17477420	0.000100000
chr2	113127700	113127700	0.004320000
chr2	239369373	239369373	0.011970000
chr6	30716507	30716507	0.000410000
chr7	1000321	1000321	0.001400000
chr8	141228592	141228592	0.000410000
chr17	28982151	28982151	0.000100000
chr20	23087054	23087054	0.001400000
chr1	30744393	30744393	0.000410000
chr5	80110452	80110452	0.011970000
chr5	149939549	149939549	0.001400000
chr7	100373393	100373393	0.000410000
chr8	109574926	109574926	0.004320000
chr9	137083841	137083841	0.029910000
chr10	113264558	113264558	0.011970000
chr11	2386469	2386469	0.029910000
chr16	4679904	4679904	0.000410000
chr19	35139202	35139202	0.000410000
chr1	201457162	201457162	0.000023400
chr4	2430586	2430586	0.000410000
chr10	124058301	124058301	0.000100000
chr13	114143801	114143801	0.004320000
chr14	68576205	68576205	0.000410000
chr17	7839444	7839444	0.000410000
chr19	41380360	41380360	0.001400000
chr19	42114255	42114255	0.011970000
chr20	23087115	23087115	0.000410000
chr22	41288456	41288456	0.001400000
chr1	31397661	31397661	0.000410000
chr1	32251360	32251360	0.001400000
chr1	158290124	158290124	0.011970000
chr3	187021811	187021811	0.011970000
chr4	6939188	6939188	0.004320000
chr10	3484531	3484531	0.004320000
chr12	121429922	121429922	0.001400000
chr12	123019162	123019162	0.001400000
chr16	21653681	21653681	0.000410000
chr17	29562808	29562808	0.001400000
chr17	58278001	58278001	0.000410000
chr1	228838386	228838386	0.000100000
chr3	111595339	111595339	0.011970000
chr5	1555729	1555729	0.001400000
chr7	931391	931391	0.000410000
chr8	26627929	26627929	0.011970000
chr8	27299998	27299998	0.004320000
chr10	112843073	112843073	0.011970000
chr4	6275546	6275546	0.001400000
chr7	75662930	75662930	0.004320000
chr11	17822308	17822308	0.000410000
chr11	118883884	118883884	0.000410000
chr12	124427475	124427475	0.000100000
chr15	31231054	31231054	0.011970000
chr16	88771705	88771705	0.000100000
chr17	42969136	42969136	0.001400000
chr21	38752353	38752353	0.001400000
chr1	93989433	93989433	0.004320000
chr7	157297337	157297337	0.000023400
chr10	45463323	45463323	0.001400000
chr10	104308815	104308815	0.000023400
chr12	55643012	55643012	0.001400000
chr16	27403215	27403215	0.000000106
chr17	57092147	57092147	0.000410000
chr18	76402772	76402772	0.000100000
chr19	1648683	1648683	0.004320000
chr19	54242764	54242764	0.004320000
chr1	153391013	153391013	0.001400000
chr2	27011004	27011004	0.001400000
chr2	47695466	47695466	0.011970000
chr3	119780343	119780343	0.000410000
chr5	150488402	150488402	0.000410000
chr7	1004225	1004225	0.011970000
chr7	75954103	75954103	0.001400000
chr10	80539913	80539913	0.004320000
chr12	6353515	6353515	0.000410000
chr12	51199483	51199483	0.001400000
chr16	4682368	4682368	0.000410000
chr17	75265799	75265799	0.000023400
chr22	17117621	17117621	0.000023400
chr6	7167235	7167235	0.000410000
chr6	32936540	32936540	0.000410000
chr7	3042372	3042372	0.000410000
chr8	652097	652097	0.000100000
chr8	109575035	109575035	0.001400000
chr9	35848333	35848333	0.004320000
chr10	97423603	97423603	0.000410000
chr11	12159920	12159920	0.000100000
chr11	61357888	61357888	0.001400000
chr13	99313682	99313682	0.001400000
chr20	23087134	23087134	0.001400000
chr1	151805928	151805928	0.011970000
chr1	203202371	203202371	0.001400000
chr5	1555772	1555772	0.004320000
chr5	135434410	135434410	0.001400000
chr6	126337662	126337662	0.000100000
chr10	89235540	89235540	0.000100000
chr16	85041643	85041643	0.001400000
chr1	26554518	26554518	0.004320000
chr5	151676089	151676089	0.000100000
chr5	172887130	172887130	0.000100000
chr6	30562681	30562681	0.004320000
chr6	36697843	36697843	0.000410000
chr8	37874706	37874706	0.001400000
chr11	20022882	20022882	0.001400000
chr11	74026079	74026079	0.004320000
chr12	124592225	124592225	0.000410000
chr14	22815759	22815759	0.011970000
chr1	150971352	150971352	0.000100000
chr1	230047504	230047504	0.000410000
chr2	206972045	206972045	0.000100000
chr4	24974095	24974095	0.000410000
chr7	2908447	2908447	0.011970000
chr8	125386489	125386489	0.029910000
chr11	1521976	1521976	0.000023400
chr12	131819140	131819140	0.001400000
chr14	68976645	68976645	0.001400000
chr19	35139430	35139430	0.000410000
chr1	17287649	17287649	0.001400000
chr1	56256123	56256123	0.004320000
chr3	17195448	17195448	0.029910000
chr6	14136397	14136397	0.001400000
chr6	30656690	30656690	0.004320000
chr8	102367301	102367301	0.001400000
chr8	134601579	134601579	0.001400000
chr11	6576889	6576889	0.000410000
chr11	67285521	67285521	0.000410000
chr17	1588991	1588991	0.000023400
chr17	10036687	10036687	0.000100000
chr17	50424951	50424951	0.000004570
chr19	3548979	3548979	0.000410000
chr19	40719469	40719469	0.000410000
chr20	1330202	1330202	0.000410000
chr20	60055335	60055335	0.001400000
chr1	236091044	236091044	0.000023400
chr3	11225386	11225386	0.000023400
chr4	38079178	38079178	0.001400000
chr5	1518018	1518018	0.000100000
chr7	150407617	150407617	0.011970000
chr10	74822557	74822557	0.000410000
chr10	80539981	80539981	0.011970000
chr10	92688775	92688775	0.001400000
chr13	114044620	114044620	0.000100000
chr14	103692392	103692392	0.029910000
chr16	21647176	21647176	0.000023400
chr17	1095264	1095264	0.001400000
chr17	50932297	50932297	0.000100000
chr4	3529876	3529876	0.004320000
chr6	31615060	31615060	0.000410000
chr6	89689958	89689958	0.001400000
chr6	167644876	167644876	0.011970000
chr12	52186644	52186644	0.000410000
chr13	114035831	114035831	0.000410000
chr17	2728838	2728838	0.004320000
chr17	66786295	66786295	0.004320000
chr19	2607759	2607759	0.000100000
chr19	48186661	48186661	0.004320000
chr22	21937869	21937869	0.004320000
chr1	2233163	2233163	0.000410000
chr1	109371613	109371613	0.001400000
chr2	65125763	65125763	0.000410000
chr2	241200184	241200184	0.001400000
chr4	1228050	1228050	0.004320000
chr6	167122575	167122575	0.000100000
chr7	151745265	151745265	0.004320000
chr7	157300288	157300288	0.000410000
chr12	1812892	1812892	0.000100000
chr12	54411561	54411561	0.001400000
chr12	132064816	132064816	0.000100000
chr14	101071733	101071733	0.004320000
chr17	81245191	81245191	0.000023400
chr1	225898136	225898136	0.001400000
chr2	172726422	172726422	0.000410000
chr2	224774991	224774991	0.000410000
chr3	33054763	33054763	0.000410000
chr5	149428893	149428893	0.000100000
chr6	29960585	29960585	0.000100000
chr13	112839625	112839625	0.011970000
chr14	24576915	24576915	0.011970000
chr16	16076228	16076228	0.000100000
chr16	84656827	84656827	0.004320000
chr19	45454208	45454208	0.001400000
chr1	109636505	109636505	0.000410000
chr1	111191046	111191046	0.000410000
chr4	24974132	24974132	0.000410000
chr6	31577154	31577154	0.000100000
chr6	158086921	158086921	0.000100000
chr7	151809061	151809061	0.000000761
chr8	22995228	22995228	0.001400000
chr16	85098767	85098767	0.001400000
chr19	7646267	7646267	0.001400000
chr1	116990792	116990792	0.000100000
chr1	206784669	206784669	0.004320000
chr2	25099048	25099048	0.000410000
chr2	174663615	174663615	0.000100000
chr5	10456967	10456967	0.000410000
chr5	151298601	151298601	0.000410000
chr6	30651465	30651465	0.029910000
chr7	43647290	43647290	0.011970000
chr7	151745285	151745285	0.004320000
chr10	45463311	45463311	0.001400000
chr15	43267110	43267110	0.004320000
chr19	16326978	16326978	0.001400000
chr21	36319449	36319449	0.000023400
chr1	154971456	154971456	0.000410000
chr6	6890718	6890718	0.001400000
chr6	14728799	14728799	0.000100000
chr9	35042347	35042347	0.000100000
chr9	36986009	36986009	0.011970000
chr10	133293180	133293180	0.000100000
chr11	2385042	2385042	0.011970000
chr11	128473889	128473889	0.000410000
chr11	129896259	129896259	0.001400000
chr13	114153034	114153034	0.000023400
chr14	105326168	105326168	0.001400000
chr19	41409547	41409547	0.000100000
chr22	27637321	27637321	0.004320000
chr1	155645873	155645873	0.000100000
chr2	60528608	60528608	0.000410000
chr3	10437534	10437534	0.004320000
chr5	54986631	54986631	0.001400000
chr6	30562767	30562767	0.000100000
chr6	31572392	31572392	0.000004570
chr6	157561326	157561326	0.004320000
chr7	41880294	41880294	0.000410000
chr7	100085641	100085641	0.001400000
chr7	158470585	158470585	0.000410000
chr12	55727701	55727701	0.029910000
chr16	3256685	3256685	0.000023400
chr16	16120356	16120356	0.000004570
chr17	60422359	60422359	0.000410000
chr19	827715	827715	0.004320000
chr20	38168111	38168111	0.000410000
chr1	151832765	151832765	0.001400000
chr7	2614419	2614419	0.000410000
chr8	141209345	141209345	0.004320000
chr11	66509470	66509470	0.000410000
chr11	118883856	118883856	0.004320000
chr14	68506749	68506749	0.001400000
chr17	76569713	76569713	0.000023400
chr1	21294319	21294319	0.001400000
chr1	161090210	161090210	0.000100000
chr3	43692339	43692339	0.001400000
chr5	1342057	1342057	0.029910000
chr6	30688805	30688805	0.004320000
chr6	37004351	37004351	0.004320000
chr7	2076733	2076733	0.000023400
chr7	101718115	101718115	0.001400000
chr10	3096342	3096342	0.001400000
chr10	99537885	99537885	0.001400000
chr11	66287699	66287699	0.000004570
chr12	57234871	57234871	0.001400000
chr14	20954806	20954806	0.004320000
chr15	40309266	40309266	0.001400000
chr16	87487804	87487804	0.000023400
chr17	42023823	42023823	0.001400000
chr17	81155222	81155222	0.011970000
chr21	35025759	35025759	0.001400000
chr21	38773437	38773437	0.001400000
chr22	23753802	23753802	0.004320000
chr1	28529769	28529769	0.001400000
chr3	4752377	4752377	0.011970000
chr3	43031566	43031566	0.004320000
chr3	194131529	194131529	0.004320000
chr5	150256732	150256732	0.004320000
chr6	30688722	30688722	0.029910000
chr7	603518	603518	0.004320000
chr9	136522742	136522742	0.000410000
chr10	124677562	124677562	0.001400000
chr12	55843085	55843085	0.001400000
chr17	3590372	3590372	0.001400000
chr17	81031247	81031247	0.011970000
chr1	160796745	160796745	0.000100000
chr2	40431778	40431778	0.000410000
chr2	100394307	100394307	0.000100000
chr3	46954994	46954994	0.000410000
chr4	24794208	24794208	0.001400000
chr5	139378965	139378965	0.000004570
chr5	139389711	139389711	0.001400000
chr6	30688915	30688915	0.004320000
chr6	44052508	44052508	0.000410000
chr11	121570183	121570183	0.004320000
chr11	129947817	129947817	0.004320000
chr12	95995769	95995769	0.001400000
chr14	68283245	68283245	0.004320000
chr19	15281135	15281135	0.001400000
chr20	32332683	32332683	0.001400000
chr1	16370052	16370052	0.000410000
chr1	159826839	159826839	0.004320000
chr1	201422619	201422619	0.004320000
chr2	8545957	8545957	0.000100000
chr3	46202608	46202608	0.001400000
chr6	150631949	150631949	0.001400000
chr9	36169952	36169952	0.004320000
chr9	105291528	105291528	0.000410000
chr9	136758385	136758385	0.001400000
chr9	137430826	137430826	0.011970000
chr11	75580056	75580056	0.029910000
chr11	118895782	118895782	0.000410000
chr12	116511123	116511123	0.011970000
chr16	21612330	21612330	0.001400000
chr16	88069429	88069429	0.001400000
chr17	4187230	4187230	0.000410000
chr19	17108263	17108263	0.000410000
chr2	88828580	88828580	0.004320000
chr7	918607	918607	0.000410000
chr7	151188274	151188274	0.011970000
chr8	1951777	1951777	0.000410000
chr8	141151788	141151788	0.000410000
chr10	124601402	124601402	0.011970000
chr11	45698276	45698276	0.004320000
chr12	52029887	52029887	0.011970000
chr12	55933433	55933433	0.001400000
chr20	63860880	63860880	0.000410000
chr1	1764146	1764146	0.001400000
chr6	166849737	166849737	0.000100000
chr6	167121683	167121683	0.001400000
chr7	76054229	76054229	0.001400000
chr12	121534697	121534697	0.001400000
chr19	5132052	5132052	0.000410000
chr20	1943919	1943919	0.001400000
chr20	3765668	3765668	0.000410000
chr1	154860059	154860059	0.004320000
chr5	178537872	178537872	0.000100000
chr6	108689757	108689757	0.000023400
chr9	133476793	133476793	0.000410000
chr10	71628160	71628160	0.001400000
chr11	60912534	60912534	0.000100000
chr12	113075221	113075221	0.011970000
chr16	1938797	1938797	0.000100000
chr16	89931481	89931481	0.001400000
chr17	67468181	67468181	0.001400000
chr17	80727457	80727457	0.004320000
chr1	41016011	41016011	0.011970000
chr1	41678727	41678727	0.001400000
chr1	111200578	111200578	0.001400000
chr1	160204051	160204051	0.001400000
chr2	237624656	237624656	0.000100000
chr2	239369731	239369731	0.001400000
chr6	11654413	11654413	0.001400000
chr6	24646554	24646554	0.011970000
chr7	47806826	47806826	0.001400000
chr10	104322779	104322779	0.011970000
chr17	82871152	82871152	0.004320000
chr19	10221489	10221489	0.000100000
chr22	41925083	41925083	0.004320000
chr1	24925239	24925239	0.000100000
chr1	26554056	26554056	0.011970000
chr1	115056524	115056524	0.000023400
chr1	202133292	202133292	0.000100000
chr1	233020173	233020173	0.001400000
chr6	158654741	158654741	0.000410000
chr8	123167635	123167635	0.000410000
chr11	1868974	1868974	0.001400000
chr14	105394648	105394648	0.000410000
chr16	87924675	87924675	0.001400000
chr17	81155278	81155278	0.004320000
chr1	155009353	155009353	0.001400000
chr4	39481161	39481161	0.004320000
chr6	37680499	37680499	0.011970000
chr6	137298006	137298006	0.000410000
chr7	151796561	151796561	0.000100000
chr9	133794191	133794191	0.011970000
chr10	127996739	127996739	0.001400000
chr11	111379404	111379404	0.000023400
chr11	130162920	130162920	0.001400000
chr12	2343789	2343789	0.001400000
chr12	6553415	6553415	0.000100000
chr13	110526012	110526012	0.011970000
chr14	20955525	20955525	0.000100000
chr14	69719572	69719572	0.001400000
chr19	852114	852114	0.004320000
chr22	17996616	17996616	0.000100000
chr1	36448748	36448748	0.000410000
chr2	98508407	98508407	0.001400000
chr5	139384689	139384689	0.001400000
chr5	170307758	170307758	0.004320000
chr6	138423412	138423412	0.000023400
chr8	143814137	143814137	0.001400000
chr10	2949997	2949997	0.004320000
chr11	64877015	64877015	0.001400000
chr11	94545746	94545746	0.000410000
chr12	89245113	89245113	0.029910000
chr15	31230983	31230983	0.004320000
chr17	1095471	1095471	0.000100000
chr17	66786251	66786251	0.000100000
chr19	4902887	4902887	0.000410000
chr19	7702343	7702343	0.004320000
chr20	63736532	63736532	0.000410000
chr22	43129673	43129673	0.001400000
chr1	157099533	157099533	0.000023400
chr3	134328432	134328432	0.000410000
chr5	10456922	10456922	0.000023400
chr6	30102565	30102565	0.000100000
chr6	41287147	41287147	0.001400000
chr10	132335862	132335862	0.004320000
chr12	53754433	53754433	0.000410000
chr14	64746760	64746760	0.000410000
chr16	89395326	89395326	0.001400000
chr17	16972228	16972228	0.004320000
chr17	42418215	42418215	0.001400000
chr20	1939761	1939761	0.001400000
chr1	32265876	32265876	0.000410000
chr1	234778733	234778733	0.001400000
chr2	64838841	64838841	0.000100000
chr2	108287509	108287509	0.004320000
chr4	10021360	10021360	0.000410000
chr6	30656725	30656725	0.000410000
chr7	98245947	98245947	0.001400000
chr15	89396021	89396021	0.000410000
chr17	43721719	43721719	0.000023400
chr17	67491346	67491346	0.000410000
chr1	3793739	3793739	0.000023400
chr1	39104503	39104503	0.000410000
chr1	152411366	152411366	0.004320000
chr1	223752954	223752954	0.000410000
chr1	230281350	230281350	0.004320000
chr1	239816205	239816205	0.001400000
chr5	1342055	1342055	0.011970000
chr5	151023905	151023905	0.000410000
chr6	42915766	42915766	0.011970000
chr7	98286490	98286490	0.000100000
chr7	100373615	100373615	0.000410000
chr8	22701209	22701209	0.011970000
chr11	822397	822397	0.000410000
chr11	3156794	3156794	0.001400000
chr12	2334003	2334003	0.001400000
chr16	89375246	89375246	0.011970000
chr1	153563802	153563802	0.000410000
chr7	6620154	6620154	0.000004570
chr7	43782350	43782350	0.000410000
chr7	47786789	47786789	0.000410000
chr8	122789113	122789113	0.011970000
chr8	144583191	144583191	0.001400000
chr11	3154406	3154406	0.001400000
chr11	44954872	44954872	0.000410000
chr12	6333360	6333360	0.004320000
chr12	53217615	53217615	0.000410000
chr12	57817095	57817095	0.000410000
chr16	8644584	8644584	0.001400000
chr18	63890453	63890453	0.000100000
chr1	11738221	11738221	0.001400000
chr1	159826827	159826827	0.001400000
chr2	20538511	20538511	0.004320000
chr2	29522437	29522437	0.000410000
chr6	30885556	30885556	0.011970000
chr9	126337228	126337228	0.001400000
chr12	124427503	124427503	0.000100000
chr14	23545292	23545292	0.000100000
chr15	43776470	43776470	0.004320000
chr16	12062668	12062668	0.000100000
chr16	28931911	28931911	0.001400000
chr16	84827265	84827265	0.000004570
chr16	85544194	85544194	0.004320000
chr20	60055260	60055260	0.001400000
chr1	53331097	53331097	0.000100000
chr5	178630844	178630844	0.001400000
chr6	6543426	6543426	0.004320000
chr6	25027766	25027766	0.000100000
chr6	30679762	30679762	0.000100000
chr7	100221487	100221487	0.000100000
chr7	101216447	101216447	0.000410000
chr10	84179695	84179695	0.000100000
chr11	94130976	94130976	0.001400000
chr11	119029401	119029401	0.011970000
chr13	114111785	114111785	0.001400000
chr16	85930594	85930594	0.011970000
chr17	1761926	1761926	0.011970000
chr17	38415394	38415394	0.001400000
chr18	79524742	79524742	0.000004570
chr20	3798008	3798008	0.000100000
chr1	6082659	6082659	0.000100000
chr1	149931288	149931288	0.000410000
chr3	4814412	4814412	0.000100000
chr4	87087515	87087515	0.000100000
chr7	75878019	75878019	0.000023400
chr8	25214803	25214803	0.004320000
chr8	138722241	138722241	0.011970000
chr9	87792973	87792973	0.001400000
chr10	95755641	95755641	0.004320000
chr10	98168310	98168310	0.011970000
chr11	64799649	64799649	0.004320000
chr11	64814772	64814772	0.011970000
chr11	121359056	121359056	0.001400000
chr14	92564833	92564833	0.000410000
chr16	67966860	67966860	0.000023400
chr16	85030136	85030136	0.000410000
chr17	74783289	74783289	0.004320000
chr18	79465973	79465973	0.004320000
chr19	15588217	15588217	0.001400000
chr2	230873243	230873243	0.004320000
chr5	157269510	157269510	0.011970000
chr5	178486433	178486433	0.000410000
chr7	1091331	1091331	0.000100000
chr8	6877950	6877950	0.000100000
chr10	119114118	119114118	0.004320000
chr10	132940782	132940782	0.001400000
chr11	2107541	2107541	0.004320000
chr12	95996281	95996281	0.001400000
chr12	121277086	121277086	0.004320000
chr16	27403097	27403097	0.000023400
chr17	29132817	29132817	0.000410000
chr17	81924166	81924166	0.000023400
chr18	79826147	79826147	0.004320000
chr19	2091407	2091407	0.000410000
chr20	63736541	63736541	0.000100000
chr1	21329554	21329554	0.000004570
chr1	153536847	153536847	0.000410000
chr2	120109646	120109646	0.000410000
chr4	76219525	76219525	0.000410000
chr5	10502400	10502400	0.001400000
chr8	27309593	27309593	0.000023400
chr9	105148837	105148837	0.001400000
chr10	93364017	93364017	0.004320000
chr10	119680333	119680333	0.000100000
chr11	48088493	48088493	0.000100000
chr12	52210825	52210825	0.004320000
chr13	41058504	41058504	0.004320000
chr14	68937720	68937720	0.000410000
chr21	38773999	38773999	0.011970000
chr3	129278212	129278212	0.001400000
chr5	10330733	10330733	0.000410000
chr6	6900712	6900712	0.001400000
chr6	32937413	32937413	0.004320000
chr10	70675545	70675545	0.001400000
chr11	64875086	64875086	0.000410000
chr12	54295494	54295494	0.001400000
chr19	54662059	54662059	0.004320000
chr1	40626031	40626031	0.001400000
chr2	109270274	109270274	0.001400000
chr2	231228344	231228344	0.001400000
chr5	139740624	139740624	0.001400000
chr5	178776431	178776431	0.000410000
chr7	2077013	2077013	0.000410000
chr7	2438155	2438155	0.004320000
chr7	98203518	98203518	0.001400000
chr11	70587188	70587188	0.004320000
chr11	76277970	76277970	0.011970000
chr16	87554953	87554953	0.001400000
chr17	82871728	82871728	0.004320000
chr1	9719251	9719251	0.011970000
chr1	206797850	206797850	0.000410000
chr2	239250016	239250016	0.001400000
chr3	171544020	171544020	0.000100000
chr3	197674768	197674768	0.004320000
chr5	1485355	1485355	0.011970000
chr6	32937308	32937308	0.000410000
chr6	42404546	42404546	0.004320000
chr7	77415117	77415117	0.011970000
chr7	100864022	100864022	0.000100000
chr9	134410385	134410385	0.000100000
chr11	74018809	74018809	0.000023400
chr12	53096568	53096568	0.000100000
chr15	74383890	74383890	0.004320000
chr15	76163507	76163507	0.001400000
chr16	8952012	8952012	0.001400000
chr16	67483938	67483938	0.004320000
chr17	45407033	45407033	0.004320000
chr17	58268478	58268478	0.000410000
chr19	33300464	33300464	0.000410000
chr1	160796015	160796015	0.000023400
chr1	179092019	179092019	0.000100000
chr5	150498621	150498621	0.000410000
chr7	1000239	1000239	0.011970000
chr7	1023329	1023329	0.000410000
chr7	101953060	101953060	0.000410000
chr12	6343430	6343430	0.011970000
chr12	64567177	64567177	0.000410000
chr12	95996365	95996365	0.000410000
chr13	20222077	20222077	0.004320000
chr14	91867427	91867427	0.000023400
chr17	7179745	7179745	0.000410000
chr17	41932427	41932427	0.011970000
chr18	13641736	13641736	0.011970000
chr20	19975162	19975162	0.001400000
chr22	41922375	41922375	0.011970000
chr1	161201679	161201679	0.000410000
chr1	161217049	161217049	0.011970000
chr1	220882622	220882622	0.001400000
chr1	234997591	234997591	0.000000106
chr2	68733524	68733524	0.000023400
chr2	74555912	74555912	0.001400000
chr4	1740736	1740736	0.004320000
chr6	32840912	32840912	0.001400000
chr6	157645868	157645868	0.001400000
chr7	100873990	100873990	0.001400000
chr8	11493998	11493998	0.011970000
chr9	97877141	97877141	0.000410000
chr10	79389140	79389140	0.011970000
chr10	132586532	132586532	0.000410000
chr12	55721245	55721245	0.011970000
chr12	62785911	62785911	0.004320000
chr12	122716825	122716825	0.001400000
chr17	82389036	82389036	0.004320000
chr19	2073191	2073191	0.000410000
chr19	41875640	41875640	0.000023400
chr1	23403199	23403199	0.000410000
chr1	159203750	159203750	0.000100000
chr2	241235382	241235382	0.000410000
chr5	150507924	150507924	0.000100000
chr5	150507935	150507935	0.004320000
chr6	33416760	33416760	0.000023400
chr7	2039151	2039151	0.001400000
chr7	141696053	141696053	0.004320000
chr9	133438361	133438361	0.000410000
chr14	64502656	64502656	0.000100000
chr14	89186799	89186799	0.004320000
chr16	29284865	29284865	0.011970000
chr16	68491426	68491426	0.000410000
chr17	17936095	17936095	0.000410000
chr17	55433960	55433960	0.000100000
chr18	13222582	13222582	0.000410000
chr19	47749366	47749366	0.001400000
chr19	54662052	54662052	0.004320000
chr1	1172059	1172059	0.000410000
chr1	1250977	1250977	0.004320000
chr1	12453441	12453441	0.001400000
chr1	33328207	33328207	0.001400000
chr2	9191242	9191242	0.001400000
chr2	120654563	120654563	0.001400000
chr3	46538042	46538042	0.000023400
chr6	32153130	32153130	0.011970000
chr6	42916024	42916024	0.004320000
chr6	143516754	143516754	0.000100000
chr7	75938151	75938151	0.004320000
chr11	117795285	117795285	0.000023400
chr12	55843061	55843061	0.000100000
chr14	22476191	22476191	0.000410000
chr15	68631788	68631788	0.011970000
chr17	68384186	68384186	0.011970000
chr19	39400271	39400271	0.004320000
chr20	33568630	33568630	0.004320000
chr20	63736536	63736536	0.000023400
chr3	11225839	11225839	0.000410000
chr3	119560300	119560300	0.011970000
chr3	128991547	128991547	0.001400000
chr6	159959540	159959540	0.000410000
chr7	100372879	100372879	0.000410000
chr10	3093572	3093572	0.004320000
chr10	97683698	97683698	0.029910000
chr11	116871429	116871429	0.000023400
chr15	60395811	60395811	0.004320000
chr15	70071988	70071988	0.004320000
chr15	74785350	74785350	0.000100000
chr15	89999992	89999992	0.001400000
chr16	3256855	3256855	0.000100000
chr17	78577417	78577417	0.001400000
chr19	58119062	58119062	0.001400000
chr22	31126190	31126190	0.011970000
chr1	8211937	8211937	0.000410000
chr1	89262352	89262352	0.001400000
chr2	174681110	174681110	0.000410000
chr3	141444862	141444862	0.000410000
chr6	30656701	30656701	0.000410000
chr6	36326627	36326627	0.004320000
chr14	23161500	23161500	0.000410000
chr16	28931967	28931967	0.004320000
chr17	15982012	15982012	0.001400000
chr19	40440971	40440971	0.000410000
chr20	37529273	37529273	0.000023400
chr1	10937599	10937599	0.001400000
chr1	36387355	36387355	0.001400000
chr1	44412077	44412077	0.000410000
chr1	207885641	207885641	0.000410000
chr2	38130157	38130157	0.000100000
chr2	239114198	239114198	0.000410000
chr3	56981073	56981073	0.001400000
chr5	14463955	14463955	0.000100000
chr5	66828339	66828339	0.000410000
chr5	142221429	142221429	0.011970000
chr7	4810714	4810714	0.000410000
chr7	157297452	157297452	0.000410000
chr8	141228653	141228653	0.001400000
chr9	35666826	35666826	0.029910000
chr10	6141909	6141909	0.000410000
chr11	2385778	2385778	0.004320000
chr11	66465450	66465450	0.004320000
chr12	54297034	54297034	0.001400000
chr13	114064258	114064258	0.011970000
chr16	87701210	87701210	0.011970000
chr19	851290	851290	0.000023400
chr19	43666374	43666374	0.001400000
chr1	153391104	153391104	0.000410000
chr2	10285535	10285535	0.000023400
chr2	46827824	46827824	0.004320000
chr5	141941219	141941219	0.004320000
chr9	128682618	128682618	0.011970000
chr11	44601909	44601909	0.001400000
chr15	69862233	69862233	0.004320000
chr16	57610020	57610020	0.001400000
chr16	67173130	67173130	0.004320000
chr17	82875517	82875517	0.004320000
chr21	45085215	45085215	0.000410000
chr1	153390451	153390451	0.000410000
chr5	140140905	140140905	0.004320000
chr6	32586608	32586608	0.001400000
chr7	1091061	1091061	0.000410000
chr9	98120094	98120094	0.011970000
chr10	95755615	95755615	0.029910000
chr11	47268637	47268637	0.000100000
chr11	65611151	65611151	0.000410000
chr13	41546521	41546521	0.000410000
chr14	103705358	103705358	0.001400000
chr15	100350791	100350791	0.004320000
chr16	85030102	85030102	0.000410000
chr16	85574452	85574452	0.000410000
chr17	8966644	8966644	0.000100000
chr17	42406045	42406045	0.000100000
chr17	60422493	60422493	0.011970000
chr21	33033373	33033373	0.004320000
chr1	2234140	2234140	0.004320000
chr1	111200746	111200746	0.029910000
chr1	161214030	161214030	0.001400000
chr2	37816869	37816869	0.001400000
chr3	129603694	129603694	0.011970000
chr3	193911856	193911856	0.001400000
chr5	177307342	177307342	0.004320000
chr6	1635405	1635405	0.001400000
chr6	37630488	37630488	0.000100000
chr6	41163179	41163179	0.004320000
chr7	6422360	6422360	0.000100000
chr7	151796734	151796734	0.000023400
chr7	155358732	155358732	0.004320000
chr12	56020658	56020658	0.000023400
chr12	124777499	124777499	0.000410000
chr13	110653516	110653516	0.000100000
chr16	16096536	16096536	0.000023400
chr16	22165552	22165552	0.001400000
chr17	45165224	45165224	0.000100000
chr19	11554325	11554325	0.001400000
chr19	38253104	38253104	0.011970000
chr1	14801184	14801184	0.000100000
chr1	111200789	111200789	0.011970000
chr1	160549635	160549635	0.011970000
chr2	7031966	7031966	0.001400000
chr2	48568855	48568855	0.011970000
chr2	240868507	240868507	0.000410000
chr3	50325628	50325628	0.000410000
chr3	123111328	123111328	0.004320000
chr6	31623093	31623093	0.001400000
chr6	35483710	35483710	0.000100000
chr7	2622268	2622268	0.001400000
chr7	4715379	4715379	0.011970000
chr7	29265368	29265368	0.001400000
chr8	37898037	37898037	0.004320000
chr9	129382826	129382826	0.000100000
chr11	8718040	8718040	0.001400000
chr11	118175195	118175195	0.000410000
chr12	109745133	109745133	0.004320000
chr13	112859837	112859837	0.000023400
chr13	114027649	114027649	0.011970000
chr16	84614835	84614835	0.001400000
chr16	88993028	88993028	0.000100000
chr17	39719456	39719456	0.004320000
chr17	55769755	55769755	0.001400000
chr17	81255585	81255585	0.000100000
chr17	81577391	81577391	0.000410000
chr19	8515625	8515625	0.029910000
chr20	63917948	63917948	0.011970000
chr22	49780409	49780409	0.000100000
chr1	54651863	54651863	0.001400000
chr1	206457039	206457039	0.000410000
chr2	217836706	217836706	0.000100000
chr2	238555075	238555075	0.011970000
chr5	448675	448675	0.000100000
chr5	150640726	150640726	0.001400000
chr6	31829639	31829639	0.004320000
chr6	32937350	32937350	0.001400000
chr6	166583349	166583349	0.000100000
chr7	98251251	98251251	0.000100000
chr7	116970184	116970184	0.000100000
chr10	78568133	78568133	0.001400000
chr11	7670900	7670900	0.000100000
chr12	116693914	116693914	0.004320000
chr14	53613883	53613883	0.004320000
chr16	4680464	4680464	0.000410000
chr16	68084088	68084088	0.004320000
chr17	76528289	76528289	0.011970000
chr19	54222998	54222998	0.011970000
chr1	206723925	206723925	0.000410000
chr2	240868442	240868442	0.004320000
chr3	126261252	126261252	0.001400000
chr5	1511307	1511307	0.011970000
chr5	142807752	142807752	0.011970000
chr5	177409694	177409694	0.001400000
chr6	44258658	44258658	0.029910000
chr8	123517033	123517033	0.004320000
chr10	112227643	112227643	0.004320000
chr11	3153777	3153777	0.000410000
chr11	46687688	46687688	0.000023400
chr11	110184700	110184700	0.000100000
chr16	28932356	28932356	0.029910000
chr16	87701471	87701471	0.029910000
chr17	40936802	40936802	0.011970000
chr17	49583774	49583774	0.000410000
chr19	11554287	11554287	0.004320000
chr1	228085973	228085973	0.001400000
chr2	168499447	168499447	0.001400000
chr4	5885998	5885998	0.004320000
chr4	11470106	11470106	0.004320000
chr4	80198319	80198319	0.000410000
chr6	30158399	30158399	0.001400000
chr6	36697834	36697834	0.000410000
chr10	46578992	46578992	0.004320000
chr11	111378934	111378934	0.000410000
chr11	114033263	114033263	0.001400000
chr12	124379982	124379982	0.000100000
chr13	110666208	110666208	0.000410000
chr14	22505965	22505965	0.000410000
chr16	4664814	4664814	0.029910000
chr16	15041540	15041540	0.000004570
chr16	30964865	30964865	0.000100000
chr17	63770525	63770525	0.001400000
chr17	64008172	64008172	0.000023400
chr17	82223139	82223139	0.000410000
chr17	82388973	82388973	0.000410000
chr18	48004327	48004327	0.001400000
chr22	36164753	36164753	0.011970000
chr1	32107010	32107010	0.004320000
chr1	208090101	208090101	0.000004570
chr2	74568059	74568059	0.000023400
chr3	195697967	195697967	0.000023400
chr4	26273467	26273467	0.001400000
chr4	184951675	184951675	0.000410000
chr5	176548900	176548900	0.011970000
chr5	178529198	178529198	0.000410000
chr6	32840842	32840842	0.000023400
chr6	37083413	37083413	0.001400000
chr7	1980496	1980496	0.011970000
chr7	158470512	158470512	0.000100000
chr7	158470529	158470529	0.000023400
chr10	49387135	49387135	0.000410000
chr12	26239634	26239634	0.004320000
chr13	114151724	114151724	0.004320000
chr15	22957076	22957076	0.001400000
chr15	80824120	80824120	0.011970000
chr15	93179361	93179361	0.001400000
chr16	72054723	72054723	0.000410000
chr16	85985330	85985330	0.004320000
chr17	1588912	1588912	0.000100000
chr17	10036804	10036804	0.000410000
chr17	44850870	44850870	0.011970000
chr17	50429024	50429024	0.001400000
chr19	16281408	16281408	0.004320000
chr1	8880401	8880401	0.001400000
chr1	156371732	156371732	0.004320000
chr1	161083768	161083768	0.000410000
chr6	38155536	38155536	0.011970000
chr6	167122276	167122276	0.001400000
chr7	151188371	151188371	0.000410000
chr10	49179303	49179303	0.029910000
chr12	24930143	24930143	0.000100000
chr14	50823418	50823418	0.004320000
chr15	45645559	45645559	0.000410000
chr16	87555077	87555077	0.000410000
chr16	87701837	87701837	0.004320000
chr16	87870974	87870974	0.001400000
chr17	3967121	3967121	0.001400000
chr17	27471992	27471992	0.011970000
chr17	43018676	43018676	0.004320000
chr17	50154368	50154368	0.001400000
chr17	58277970	58277970	0.000410000
chr18	47932905	47932905	0.000100000
chr19	48495785	48495785	0.000410000
chr19	49765826	49765826	0.000410000
chr1	2151019	2151019	0.001400000
chr2	241771631	241771631	0.000004570
chr6	30656743	30656743	0.000410000
chr6	39818790	39818790	0.000410000
chr6	90403787	90403787	0.000410000
chr8	1952726	1952726	0.011970000
chr8	6878037	6878037	0.000410000
chr8	23560876	23560876	0.001400000
chr8	141228671	141228671	0.001400000
chr10	73851169	73851169	0.001400000
chr10	109893605	109893605	0.001400000
chr11	2394387	2394387	0.011970000
chr12	128795904	128795904	0.001400000
chr14	101005206	101005206	0.001400000
chr15	75044095	75044095	0.004320000
chr16	1469784	1469784	0.001400000
chr16	88194758	88194758	0.000410000
chr17	44750936	44750936	0.000410000
chr17	82873046	82873046	0.000410000
chr19	50418096	50418096	0.004320000
chr20	19974893	19974893	0.000023400
chr1	117646134	117646134	0.000410000
chr1	178581709	178581709	0.011970000
chr2	108287496	108287496	0.001400000
chr6	11702156	11702156	0.001400000
chr6	32197544	32197544	0.011970000
chr6	37004387	37004387	0.011970000
chr7	36984947	36984947	0.000100000
chr8	18978770	18978770	0.004320000
chr10	86340597	86340597	0.029910000
chr10	126134496	126134496	0.004320000
chr11	1880518	1880518	0.000410000
chr11	65408011	65408011	0.029910000
chr12	57816933	57816933	0.001400000
chr14	100549176	100549176	0.011970000
chr17	1193411	1193411	0.004320000
chr17	10021483	10021483	0.001400000
chr19	33404784	33404784	0.001400000
chr1	3910079	3910079	0.004320000
chr1	27111887	27111887	0.011970000
chr1	160863770	160863770	0.000004570
chr1	224457048	224457048	0.001400000
chr1	234755726	234755726	0.001400000
chr2	174025117	174025117	0.011970000
chr5	150489292	150489292	0.001400000
chr6	30199288	30199288	0.001400000
chr6	30656618	30656618	0.000100000
chr6	166638030	166638030	0.004320000
chr11	65316503	65316503	0.000100000
chr12	1812901	1812901	0.004320000
chr13	51324812	51324812	0.029910000
chr16	4011607	4011607	0.000023400
chr16	27113747	27113747	0.004320000
chr21	43444082	43444082	0.011970000
chr21	43444124	43444124	0.004320000
chr1	1179583	1179583	0.004320000
chr1	12178333	12178333	0.004320000
chr1	27886316	27886316	0.011970000
chr1	109983569	109983569	0.000100000
chr1	204480699	204480699	0.004320000
chr1	206739842	206739842	0.001400000
chr2	43040677	43040677	0.004320000
chr2	43178808	43178808	0.000023400
chr2	84832887	84832887	0.001400000
chr4	184955129	184955129	0.004320000
chr6	408730	408730	0.011970000
chr6	139162056	139162056	0.000000761
chr7	931494	931494	0.000410000
chr7	106050366	106050366	0.000410000
chr7	151796543	151796543	0.000100000
chr8	143328802	143328802	0.029910000
chr9	129109726	129109726	0.000410000
chr12	128795720	128795720	0.011970000
chr14	101361112	101361112	0.011970000
chr16	70699869	70699869	0.000410000
chr16	81784024	81784024	0.001400000
chr17	58277233	58277233	0.001400000
chr17	76716347	76716347	0.029910000
chr17	77320151	77320151	0.004320000
chr17	78134058	78134058	0.001400000
chr1	111200580	111200580	0.001400000
chr2	218273101	218273101	0.004320000
chr3	4741622	4741622	0.000023400
chr11	64891915	64891915	0.004320000
chr11	67302343	67302343	0.000410000
chr12	14260156	14260156	0.001400000
chr12	52280162	52280162	0.000100000
chr12	54295720	54295720	0.001400000
chr14	55302970	55302970	0.000100000
chr16	57667543	57667543	0.000100000
chr16	66548689	66548689	0.000023400
chr17	27471947	27471947	0.001400000
chr17	60422339	60422339	0.001400000
chr18	77114813	77114813	0.000023400
chr19	2619610	2619610	0.001400000
chr22	41940269	41940269	0.001400000
chr22	45212611	45212611	0.000410000
chr1	3909861	3909861	0.001400000
chr1	173478288	173478288	0.000000761
chr6	30651413	30651413	0.001400000
chr6	37004251	37004251	0.004320000
chr7	73587549	73587549	0.000100000
chr7	98245981	98245981	0.001400000
chr9	83625251	83625251	0.004320000
chr11	47947443	47947443	0.001400000
chr11	68371440	68371440	0.011970000
chr11	76232184	76232184	0.001400000
chr11	94545372	94545372	0.001400000
chr12	109451053	109451053	0.004320000
chr12	112384574	112384574	0.000410000
chr14	105685826	105685826	0.001400000
chr16	596395	596395	0.001400000
chr16	85947767	85947767	0.000004570
chr17	6591760	6591760	0.001400000
chr17	79940508	79940508	0.000100000
chr20	49257535	49257535	0.000100000
chr21	34374499	34374499	0.000410000
chr22	50304991	50304991	0.001400000
chr1	4027166	4027166	0.029910000
chr1	209704625	209704625	0.000100000
chr2	55409419	55409419	0.011970000
chr2	131112825	131112825	0.000410000
chr2	232378048	232378048	0.004320000
chr4	38072214	38072214	0.000023400
chr5	10566670	10566670	0.029910000
chr5	150488796	150488796	0.000023400
chr5	157268400	157268400	0.000410000
chr5	179793588	179793588	0.000100000
chr6	12114170	12114170	0.000410000
chr6	32212268	32212268	0.004320000
chr7	928558	928558	0.001400000
chr7	2733438	2733438	0.000100000
chr11	1863758	1863758	0.001400000
chr11	67668106	67668106	0.004320000
chr11	72816520	72816520	0.000023400
chr11	118883821	118883821	0.011970000
chr13	20223307	20223307	0.000023400
chr15	43793749	43793749	0.001400000
chr16	4664732	4664732	0.000100000
chr17	1080944	1080944	0.001400000
chr19	54081367	54081367	0.000410000
chr21	34890599	34890599	0.000410000
chr22	45212584	45212584	0.000100000
chr1	109983536	109983536	0.001400000
chr1	153358282	153358282	0.000410000
chr2	8328292	8328292	0.000100000
chr3	33054394	33054394	0.011970000
chr3	66582831	66582831	0.000004570
chr3	196220050	196220050	0.004320000
chr6	32816478	32816478	0.011970000
chr7	1105346	1105346	0.000100000
chr7	101718247	101718247	0.000100000
chr9	123339965	123339965	0.011970000
chr10	49679442	49679442	0.000100000
chr10	131766253	131766253	0.004320000
chr12	108636339	108636339	0.004320000
chr14	103002245	103002245	0.000410000
chr15	64857046	64857046	0.004320000
chr15	68631775	68631775	0.011970000
chr15	100721957	100721957	0.011970000
chr16	30051827	30051827	0.000004570
chr16	50696902	50696902	0.011970000
chr16	66549178	66549178	0.001400000
chr17	7912516	7912516	0.000100000
chr17	8153649	8153649	0.004320000
chr17	81614685	81614685	0.001400000
chr18	79792402	79792402	0.004320000
chr19	698371	698371	0.000100000
chr21	44354114	44354114	0.000410000
chr22	30290819	30290819	0.000410000
chr22	45213521	45213521	0.000023400
chr1	23592348	23592348	0.001400000
chr2	128638846	128638846	0.004320000
chr3	52226655	52226655	0.029910000
chr3	195763038	195763038	0.000023400
chr4	6925456	6925456	0.000410000
chr4	10077930	10077930	0.004320000
chr6	108553747	108553747	0.000100000
chr8	125436096	125436096	0.000100000
chr9	71684017	71684017	0.001400000
chr10	48671809	48671809	0.029910000
chr10	125573708	125573708	0.004320000
chr10	129614704	129614704	0.029910000
chr11	120180968	120180968	0.011970000
chr12	6549391	6549391	0.000410000
chr13	21949251	21949251	0.011970000
chr13	51557768	51557768	0.000410000
chr15	63475161	63475161	0.001400000
chr15	90035323	90035323	0.000410000
chr16	75002420	75002420	0.000100000
chr17	19532492	19532492	0.001400000
chr19	827821	827821	0.004320000
chr19	12779215	12779215	0.000410000
chr19	45040280	45040280	0.000023400
chr19	47702504	47702504	0.000100000
chr22	50527694	50527694	0.000410000
chr1	18891513	18891513	0.000410000
chr1	20588841	20588841	0.029910000
chr2	241871482	241871482	0.004320000
chr3	123695886	123695886	0.000100000
chr4	7646900	7646900	0.001400000
chr5	178313068	178313068	0.001400000
chr7	2076877	2076877	0.000100000
chr7	2979525	2979525	0.004320000
chr7	25859068	25859068	0.000100000
chr8	19578940	19578940	0.004320000
chr8	29061304	29061304	0.001400000
chr9	129109739	129109739	0.000410000
chr10	3750091	3750091	0.000023400
chr11	94545291	94545291	0.000410000
chr13	114151822	114151822	0.000023400
chr14	22851796	22851796	0.004320000
chr16	57668327	57668327	0.000410000
chr16	66408471	66408471	0.001400000
chr17	82871281	82871281	0.011970000
chr19	1155031	1155031	0.001400000
chr20	3765170	3765170	0.000100000
chr20	17693588	17693588	0.000100000
chr22	31205071	31205071	0.000004570
chr1	17618165	17618165	0.000100000
chr1	203765350	203765350	0.000100000
chr2	16623141	16623141	0.000410000
chr2	45771409	45771409	0.004320000
chr2	47755493	47755493	0.004320000
chr2	64858630	64858630	0.000410000
chr2	144510417	144510417	0.001400000
chr2	233117078	233117078	0.000410000
chr2	242046555	242046555	0.004320000
chr3	184575577	184575577	0.000100000
chr5	598609	598609	0.000023400
chr6	209809	209809	0.000410000
chr6	32158839	32158839	0.011970000
chr7	1942698	1942698	0.004320000
chr8	11783451	11783451	0.000410000
chr8	29116911	29116911	0.000100000
chr8	95268327	95268327	0.001400000
chr11	72135687	72135687	0.001400000
chr11	75149940	75149940	0.000100000
chr12	6444323	6444323	0.000410000
chr12	55727231	55727231	0.001400000
chr12	93414619	93414619	0.000410000
chr14	105575496	105575496	0.000100000
chr15	98927185	98927185	0.000410000
chr16	85481043	85481043	0.004320000
chr16	87487757	87487757	0.001400000
chr17	17491418	17491418	0.011970000
chr17	29586775	29586775	0.000410000
chr18	13641873	13641873	0.011970000
chr19	1155185	1155185	0.001400000
chr19	1265303	1265303	0.000410000
chr1	1179532	1179532	0.000410000
chr2	46970659	46970659	0.011970000
chr3	123009241	123009241	0.001400000
chr6	157561181	157561181	0.004320000
chr8	66126920	66126920	0.001400000
chr8	144878836	144878836	0.000023400
chr9	93055234	93055234	0.000410000
chr9	120893609	120893609	0.004320000
chr9	131252188	131252188	0.001400000
chr11	8733209	8733209	0.011970000
chr11	47416232	47416232	0.000100000
chr11	61162874	61162874	0.001400000
chr12	66188802	66188802	0.011970000
chr13	113187485	113187485	0.001400000
chr13	113507624	113507624	0.011970000
chr13	113616294	113616294	0.000410000
chr14	24207336	24207336	0.004320000
chr16	2796004	2796004	0.000100000
chr16	66521956	66521956	0.001400000
chr17	10036910	10036910	0.004320000
chr17	50935532	50935532	0.001400000
chr17	77450368	77450368	0.011970000
chr19	35139570	35139570	0.000410000
chr21	43565124	43565124	0.000410000
chr1	23727363	23727363	0.001400000
chr1	27002844	27002844	0.000100000
chr1	167430884	167430884	0.001400000
chr1	204306798	204306798	0.000410000
chr2	239775774	239775774	0.000410000
chr6	166598604	166598604	0.004320000
chr7	100163430	100163430	0.000004570
chr9	35651002	35651002	0.000410000
chr11	68036645	68036645	0.000410000
chr11	94545415	94545415	0.000004570
chr12	13125337	13125337	0.004320000
chr12	52010377	52010377	0.000100000
chr13	113607554	113607554	0.004320000
chr16	1543177	1543177	0.000000761
chr16	2690347	2690347	0.001400000
chr16	49632593	49632593	0.004320000
chr16	66487288	66487288	0.000100000
chr16	85445163	85445163	0.001400000
chr17	76468252	76468252	0.011970000
chr17	79940363	79940363	0.000410000
chr17	82624049	82624049	0.000410000
chr19	7702698	7702698	0.000410000
chr21	44156202	44156202	0.000100000
chr22	38042199	38042199	0.004320000
chr1	9197033	9197033	0.000023400
chr1	32249827	32249827	0.001400000
chr1	155185843	155185843	0.011970000
chr1	201024970	201024970	0.000100000
chr2	8535469	8535469	0.000410000
chr2	30611808	30611808	0.000100000
chr3	12896455	12896455	0.000410000
chr3	48465688	48465688	0.004320000
chr3	196650944	196650944	0.000004570
chr4	6779838	6779838	0.000410000
chr6	32937337	32937337	0.004320000
chr6	42252109	42252109	0.001400000
chr7	143384194	143384194	0.000100000
chr7	150407567	150407567	0.004320000
chr7	151725064	151725064	0.029910000
chr8	59285015	59285015	0.004320000
chr8	140564108	140564108	0.004320000
chr9	136521650	136521650	0.001400000
chr10	1489210	1489210	0.004320000
chr10	12606339	12606339	0.000023400
chr10	80488097	80488097	0.029910000
chr10	110357691	110357691	0.001400000
chr11	61356992	61356992	0.004320000
chr12	4289342	4289342	0.000410000
chr14	20891578	20891578	0.001400000
chr14	21023310	21023310	0.004320000
chr17	48872342	48872342	0.029910000
chr17	81056494	81056494	0.011970000
chr17	81840753	81840753	0.000100000
chr19	2235128	2235128	0.004320000
chr19	4374570	4374570	0.000410000
chr19	40442389	40442389	0.000100000
chr1	42952528	42952528	0.000410000
chr3	42659182	42659182	0.000410000
chr4	185812274	185812274	0.011970000
chr5	964115	964115	0.011970000
chr5	177307632	177307632	0.000410000
chr6	33416614	33416614	0.001400000
chr7	140229629	140229629	0.000023400
chr7	158740513	158740513	0.004320000
chr11	47938374	47938374	0.001400000
chr11	73147077	73147077	0.004320000
chr14	68689443	68689443	0.001400000
chr15	22810215	22810215	0.001400000
chr16	13957860	13957860	0.000100000
chr17	17028522	17028522	0.004320000
chr17	80925592	80925592	0.011970000
chr17	82908187	82908187	0.000410000
chr1	9233524	9233524	0.001400000
chr1	153536808	153536808	0.000023400
chr2	206983087	206983087	0.004320000
chr2	231612364	231612364	0.001400000
chr2	239223326	239223326	0.004320000
chr7	1592629	1592629	0.011970000
chr8	1946438	1946438	0.000410000
chr8	143326060	143326060	0.001400000
chr11	587926	587926	0.011970000
chr11	69444497	69444497	0.001400000
chr11	94545247	94545247	0.000023400
chr16	424528	424528	0.000410000
chr17	75460118	75460118	0.011970000
chr17	77528029	77528029	0.000410000
chr18	46680827	46680827	0.004320000
chr19	1947961	1947961	0.011970000
chr20	17680193	17680193	0.011970000
chr1	31102502	31102502	0.000100000
chr2	46873773	46873773	0.001400000
chr2	85668878	85668878	0.011970000
chr2	195595897	195595897	0.004320000
chr4	24795067	24795067	0.000100000
chr6	37049093	37049093	0.004320000
chr7	5231297	5231297	0.001400000
chr7	50826873	50826873	0.000410000
chr8	19682699	19682699	0.004320000
chr8	100557177	100557177	0.001400000
chr11	47587170	47587170	0.001400000
chr11	67253084	67253084	0.011970000
chr11	111379630	111379630	0.011970000
chr12	11668974	11668974	0.000410000
chr14	65156914	65156914	0.011970000
chr17	521118	521118	0.004320000
chr17	7179696	7179696	0.000100000
chr19	15281116	15281116	0.011970000
chr22	36161559	36161559	0.001400000
chr1	36151969	36151969	0.001400000
chr1	204496456	204496456	0.001400000
chr2	74526632	74526632	0.004320000
chr2	112786771	112786771	0.011970000
chr4	1000015	1000015	0.000100000
chr4	40586536	40586536	0.000410000
chr5	290802	290802	0.004320000
chr5	169946343	169946343	0.000023400
chr8	143572856	143572856	0.004320000
chr11	2385482	2385482	0.001400000
chr11	60184084	60184084	0.001400000
chr11	73648917	73648917	0.001400000
chr11	86740806	86740806	0.001400000
chr11	111417375	111417375	0.004320000
chr11	125251044	125251044	0.004320000
chr12	95995705	95995705	0.004320000
chr12	121248699	121248699	0.000410000
chr15	70474844	70474844	0.004320000
chr16	66366501	66366501	0.000023400
chr16	79272395	79272395	0.000410000
chr17	35726037	35726037	0.001400000
chr17	42775681	42775681	0.001400000
chr17	76528770	76528770	0.004320000
chr17	82242909	82242909	0.011970000
chr19	4543853	4543853	0.001400000
chr19	49340665	49340665	0.011970000
chr19	51372197	51372197	0.001400000
chr1	17560570	17560570	0.000410000
chr2	42931470	42931470	0.000100000
chr2	85693913	85693913	0.001400000
chr3	11591500	11591500	0.001400000
chr3	44334470	44334470	0.004320000
chr3	45537862	45537862	0.000023400
chr4	687491	687491	0.000410000
chr4	98483035	98483035	0.000100000
chr5	150256800	150256800	0.011970000
chr6	35238841	35238841	0.000100000
chr6	42316108	42316108	0.001400000
chr8	61760885	61760885	0.012930000
chr9	128246241	128246241	0.001400000
chr9	136206656	136206656	0.000410000
chr10	125573681	125573681	0.001400000
chr11	69445020	69445020	0.000100000
chr11	130181563	130181563	0.004320000
chr12	53299270	53299270	0.000410000
chr14	22506399	22506399	0.004320000
chr14	91396469	91396469	0.001400000
chr14	101442661	101442661	0.000023400
chr15	91855965	91855965	0.001400000
chr16	424467	424467	0.000410000
chr17	76528984	76528984	0.004320000
chr17	77323953	77323953	0.001400000
chr17	81330388	81330388	0.000004570
chr19	667808	667808	0.000004570
chr19	3398780	3398780	0.001400000
chr1	24901548	24901548	0.004320000
chr1	27496861	27496861	0.011970000
chr1	32208590	32208590	0.004320000
chr1	68213917	68213917	0.011970000
chr1	184629460	184629460	0.000410000
chr1	225920199	225920199	0.000100000
chr2	118942213	118942213	0.004320000
chr7	1086613	1086613	0.004320000
chr8	11898560	11898560	0.001400000
chr8	42391184	42391184	0.004320000
chr8	130335048	130335048	0.000410000
chr8	140351009	140351009	0.004320000
chr10	96304605	96304605	0.011970000
chr11	818892	818892	0.000410000
chr11	128906321	128906321	0.000410000
chr11	130156903	130156903	0.000100000
chr12	132064747	132064747	0.011970000
chr14	68789973	68789973	0.000410000
chr16	85535900	85535900	0.000410000
chr17	81323635	81323635	0.011970000
chr18	48980163	48980163	0.001400000
chr1	2149271	2149271	0.011970000
chr1	242890632	242890632	0.000410000
chr2	88915756	88915756	0.011970000
chr3	177597438	177597438	0.004320000
chr3	196171033	196171033	0.004320000
chr5	133241416	133241416	0.000410000
chr6	485971	485971	0.011970000
chr6	30685390	30685390	0.000100000
chr6	158086898	158086898	0.001400000
chr8	143814013	143814013	0.001400000
chr10	11242585	11242585	0.011970000
chr10	97101272	97101272	0.029910000
chr11	3167977	3167977	0.000410000
chr11	73152763	73152763	0.001400000
chr12	6377886	6377886	0.000100000
chr12	123268725	123268725	0.029910000
chr13	23696182	23696182	0.000410000
chr14	23953210	23953210	0.000100000
chr14	105394617	105394617	0.000004570
chr16	4319511	4319511	0.000410000
chr16	11640527	11640527	0.000023400
chr16	69933160	69933160	0.011970000
chr17	82861116	82861116	0.004320000
chr19	2607852	2607852	0.001400000
chr19	41431529	41431529	0.000410000
chr20	19974792	19974792	0.001400000
chr1	36322815	36322815	0.001400000
chr1	86157418	86157418	0.004320000
chr1	203006093	203006093	0.000410000
chr1	230106017	230106017	0.004320000
chr2	47519329	47519329	0.004320000
chr2	218381984	218381984	0.029910000
chr2	219278503	219278503	0.004320000
chr2	241108944	241108944	0.001400000
chr3	49553575	49553575	0.004320000
chr3	52495048	52495048	0.000100000
chr5	173643251	173643251	0.004320000
chr6	30071665	30071665	0.001400000
chr6	149454485	149454485	0.000410000
chr7	1875679	1875679	0.004320000
chr7	100372825	100372825	0.004320000
chr7	140316068	140316068	0.004320000
chr11	67284506	67284506	0.001400000
chr11	74461806	74461806	0.004320000
chr11	75031456	75031456	0.000410000
chr13	22838270	22838270	0.029910000
chr13	51066933	51066933	0.000023400
chr13	111188143	111188143	0.001400000
chr14	101732267	101732267	0.000100000
chr15	41917921	41917921	0.000004570
chr17	40552213	40552213	0.011970000
chr19	35712930	35712930	0.000410000
chr1	44355802	44355802	0.000410000
chr1	161215131	161215131	0.001400000
chr1	209938216	209938216	0.001400000
chr2	85320108	85320108	0.000410000
chr4	38137329	38137329	0.001400000
chr4	184348146	184348146	0.011970000
chr4	184805682	184805682	0.001400000
chr5	172429059	172429059	0.000100000
chr6	2763685	2763685	0.001400000
chr6	31464125	31464125	0.004320000
chr7	1592389	1592389	0.011970000
chr7	2100596	2100596	0.001400000
chr7	4713371	4713371	0.029910000
chr7	37694450	37694450	0.000100000
chr8	130341723	130341723	0.000410000
chr8	140210391	140210391	0.000023400
chr11	57464934	57464934	0.001400000
chr11	61342635	61342635	0.000100000
chr11	62806931	62806931	0.011970000
chr11	68316985	68316985	0.001400000
chr11	112016614	112016614	0.011970000
chr11	117828196	117828196	0.000100000
chr12	6839955	6839955	0.004320000
chr12	54384528	54384528	0.000023400
chr12	130933512	130933512	0.000410000
chr13	30408834	30408834	0.001400000
chr13	114062980	114062980	0.000410000
chr14	105531778	105531778	0.029910000
chr16	27311035	27311035	0.011970000
chr17	3801177	3801177	0.004320000
chr17	7910854	7910854	0.001400000
chr19	13149058	13149058	0.000410000
chr19	49470864	49470864	0.004320000
chr1	2497425	2497425	0.001400000
chr1	42957401	42957401	0.000100000
chr2	218382332	218382332	0.000410000
chr4	139560647	139560647	0.001400000
chr5	1316149	1316149	0.000410000
chr5	132260909	132260909	0.001400000
chr5	159050699	159050699	0.001400000
chr6	13302833	13302833	0.004320000
chr6	36697777	36697777	0.004320000
chr7	44045758	44045758	0.000410000
chr7	100356565	100356565	0.004320000
chr8	26610025	26610025	0.001400000
chr9	93037588	93037588	0.000023400
chr10	109934165	109934165	0.004320000
chr10	117237635	117237635	0.004320000
chr15	91043144	91043144	0.011970000
chr16	8644612	8644612	0.000410000
chr17	18247393	18247393	0.001400000
chr17	39867893	39867893	0.000410000
chr17	44043528	44043528	0.004320000
chr17	77277814	77277814	0.000023400
chr17	80709282	80709282	0.011970000
chr17	80877703	80877703	0.004320000
chr17	82964652	82964652	0.000410000
chr19	3537696	3537696	0.011970000
chr22	46579079	46579079	0.000100000
chr22	49780380	49780380	0.001400000
chr1	1179534	1179534	0.001400000
chr1	1614319	1614319	0.004320000
chr1	12714901	12714901	0.004320000
chr1	25707806	25707806	0.000004570
chr1	116495624	116495624	0.001400000
chr1	153924114	153924114	0.001400000
chr2	42968405	42968405	0.000410000
chr2	160299710	160299710	0.004320000
chr2	197198026	197198026	0.000100000
chr2	230225816	230225816	0.000100000
chr2	230984978	230984978	0.001400000
chr3	53747080	53747080	0.000410000
chr3	195076370	195076370	0.004320000
chr3	195955724	195955724	0.001400000
chr5	32522827	32522827	0.000100000
chr6	41935789	41935789	0.000004570
chr7	965453	965453	0.001400000
chr7	140291904	140291904	0.001400000
chr10	79949235	79949235	0.011970000
chr11	34655136	34655136	0.000023400
chr11	89491338	89491338	0.011970000
chr12	6123813	6123813	0.004320000
chr12	95995916	95995916	0.000410000
chr14	75539586	75539586	0.004320000
chr15	70495226	70495226	0.004320000
chr16	8929506	8929506	0.029910000
chr17	5516116	5516116	0.000410000
chr17	58197046	58197046	0.011970000
chr17	58238801	58238801	0.000100000
chr19	54100807	54100807	0.000410000
chr20	45254531	45254531	0.000410000
chr1	13782480	13782480	0.000410000
chr1	23394792	23394792	0.001400000
chr1	161222759	161222759	0.001400000
chr1	207822407	207822407	0.029910000
chr2	31174417	31174417	0.004320000
chr2	70030166	70030166	0.000023400
chr2	101464212	101464212	0.000410000
chr3	129059856	129059856	0.011970000
chr4	8172421	8172421	0.000023400
chr5	1514025	1514025	0.004320000
chr5	1518064	1518064	0.004320000
chr5	141959039	141959039	0.001400000
chr6	3770232	3770232	0.001400000
chr6	30752714	30752714	0.000410000
chr6	31572622	31572622	0.000023400
chr6	42926361	42926361	0.001400000
chr7	1535985	1535985	0.000100000
chr8	28084035	28084035	0.000023400
chr10	31583368	31583368	0.000100000
chr10	124701748	124701748	0.000100000
chr11	2899505	2899505	0.000410000
chr12	94282912	94282912	0.004320000
chr14	68703293	68703293	0.001400000
chr16	4752847	4752847	0.029910000
chr16	27286770	27286770	0.004320000
chr17	3903953	3903953	0.000410000
chr17	82908237	82908237	0.000410000
chr1	26534186	26534186	0.001400000
chr1	58573884	58573884	0.001400000
chr1	181096362	181096362	0.004320000
chr9	136046047	136046047	0.000100000
chr1	235883639	235883639	0.004320000
chr2	104755629	104755629	0.004320000
chr3	12964414	12964414	0.001400000
chr5	3605967	3605967	0.011970000
chr5	80257787	80257787	0.001400000
chr6	13305092	13305092	0.000100000
chr6	35691364	35691364	0.000410000
chr6	35725796	35725796	0.000023400
chr6	144061827	144061827	0.000410000
chr11	64764271	64764271	0.001400000
chr12	121641196	121641196	0.001400000
chr12	124682863	124682863	0.000004570
chr14	24308502	24308502	0.000410000
chr14	91867421	91867421	0.000000761
chr16	30709949	30709949	0.000410000
chr16	66366696	66366696	0.001400000
chr16	89233715	89233715	0.000100000
chr17	28370260	28370260	0.001400000
chr18	13620808	13620808	0.011970000
chr19	2486433	2486433	0.029910000
chr19	17499942	17499942	0.004320000
chr19	46631649	46631649	0.000100000
chr20	32589473	32589473	0.001400000
chr20	45254349	45254349	0.001400000
chr21	43431364	43431364	0.000023400
chr21	43565211	43565211	0.001400000
chr1	9655992	9655992	0.000100000
chr1	209651480	209651480	0.004320000
chr1	247333102	247333102	0.000410000
chr2	85318785	85318785	0.000410000
chr2	217921186	217921186	0.000410000
chr2	230225925	230225925	0.001400000
chr3	124084281	124084281	0.011970000
chr4	8247185	8247185	0.001400000
chr5	14492665	14492665	0.000410000
chr5	115551533	115551533	0.001400000
chr6	2891914	2891914	0.001400000
chr6	149485499	149485499	0.000410000
chr7	150788550	150788550	0.001400000
chr10	5862598	5862598	0.004320000
chr10	13871931	13871931	0.001400000
chr10	71316907	71316907	0.000100000
chr10	98264521	98264521	0.001400000
chr12	57135606	57135606	0.004320000
chr12	131872443	131872443	0.004320000
chr15	58520761	58520761	0.004320000
chr16	29157409	29157409	0.011970000
chr19	41424989	41424989	0.004320000
chr20	3227454	3227454	0.004320000
chr21	34512078	34512078	0.000023400
chr21	44815137	44815137	0.001400000
chr1	26531283	26531283	0.000410000
chr1	42957249	42957249	0.001400000
chr1	150508058	150508058	0.000410000
chr1	158060188	158060188	0.000410000
chr1	213997650	213997650	0.000100000
chr2	108587774	108587774	0.000410000
chr2	230924750	230924750	0.001400000
chr2	239283564	239283564	0.004320000
chr3	160135189	160135189	0.004320000
chr5	149799220	149799220	0.001400000
chr6	149451014	149451014	0.004320000
chr6	167951841	167951841	0.004320000
chr7	875327	875327	0.029910000
chr7	1026388	1026388	0.004320000
chr7	130903749	130903749	0.000410000
chr10	119368102	119368102	0.000100000
chr10	124033425	124033425	0.004320000
chr11	43920868	43920868	0.004320000
chr11	122334674	122334674	0.000410000
chr12	111360830	111360830	0.004320000
chr14	95713982	95713982	0.011970000
chr14	103002136	103002136	0.004320000
chr15	63362410	63362410	0.001400000
chr15	64883530	64883530	0.001400000
chr16	69932999	69932999	0.011970000
chr16	87914173	87914173	0.000100000
chr17	1191261	1191261	0.000100000
chr17	81517377	81517377	0.004320000
chr19	846117	846117	0.011970000
chr19	41428810	41428810	0.000023400
chr20	3799535	3799535	0.000410000
chr21	43397540	43397540	0.000410000
chr22	17477413	17477413	0.001400000
chr1	159440046	159440046	0.001400000
chr1	160547749	160547749	0.029910000
chr1	161201593	161201593	0.001400000
chr1	206100670	206100670	0.000410000
chr2	47034761	47034761	0.029910000
chr2	60306451	60306451	0.000100000
chr3	150944910	150944910	0.011970000
chr3	196171041	196171041	0.011970000
chr6	30752486	30752486	0.001400000
chr7	2607321	2607321	0.001400000
chr7	102331728	102331728	0.029910000
chr8	140589337	140589337	0.000410000
chr9	131657729	131657729	0.000100000
chr9	132160830	132160830	0.004320000
chr10	48589214	48589214	0.000023400
chr10	119395612	119395612	0.000410000
chr12	6230034	6230034	0.001400000
chr14	89137718	89137718	0.001400000
chr16	87924801	87924801	0.004320000
chr16	88911360	88911360	0.029910000
chr17	40560954	40560954	0.004320000
chr17	48580142	48580142	0.000100000
chr19	33304484	33304484	0.001400000
chr19	53874582	53874582	0.001400000
chr20	33678988	33678988	0.011970000
chr20	33679855	33679855	0.000100000
chr21	44155676	44155676	0.001400000
chr22	22025702	22025702	0.029910000
chr22	49780417	49780417	0.000410000
chr1	20587829	20587829	0.004320000
chr1	27153615	27153615	0.000410000
chr1	155008267	155008267	0.011970000
chr2	108612881	108612881	0.001400000
chr3	49688718	49688718	0.000410000
chr3	138350581	138350581	0.000100000
chr5	1489774	1489774	0.001400000
chr5	139383401	139383401	0.001400000
chr6	30688890	30688890	0.011970000
chr6	31571824	31571824	0.000410000
chr6	31900218	31900218	0.029910000
chr6	167094080	167094080	0.001400000
chr7	38188268	38188268	0.029910000
chr9	98119713	98119713	0.001400000
chr10	49120947	49120947	0.011970000
chr12	1918639	1918639	0.000100000
chr13	49641981	49641981	0.000410000
chr14	95666735	95666735	0.011970000
chr15	80154109	80154109	0.000100000
chr16	1471655	1471655	0.011970000
chr17	47294412	47294412	0.029910000
chr17	60422550	60422550	0.001400000
chr17	63930552	63930552	0.000410000
chr18	3446568	3446568	0.004320000
chr19	1649124	1649124	0.011970000
chr19	53734501	53734501	0.004320000
chr19	54100896	54100896	0.000410000
chr20	45969046	45969046	0.000410000
chr1	41518572	41518572	0.011970000
chr1	153541788	153541788	0.000410000
chr2	113127539	113127539	0.004320000
chr3	48370755	48370755	0.001400000
chr3	122795967	122795967	0.000004570
chr3	184605539	184605539	0.004320000
chr5	139476114	139476114	0.000410000
chr6	30656859	30656859	0.000410000
chr7	590836	590836	0.029910000
chr8	30526111	30526111	0.029910000
chr9	78315497	78315497	0.000410000
chr10	126974195	126974195	0.001400000
chr11	63535927	63535927	0.004320000
chr11	130166647	130166647	0.001400000
chr14	20955958	20955958	0.001400000
chr15	37825265	37825265	0.000410000
chr15	64150362	64150362	0.011970000
chr15	64150379	64150379	0.011970000
chr16	331873	331873	0.001400000
chr16	1471616	1471616	0.001400000
chr16	57667549	57667549	0.000100000
chr16	89843269	89843269	0.000100000
chr17	81841535	81841535	0.011970000
chr19	48517271	48517271	0.001400000
chr20	43558716	43558716	0.011970000
chr22	38958110	38958110	0.000410000
chr1	1053243	1053243	0.004320000
chr1	155010145	155010145	0.001400000
chr2	54673918	54673918	0.001400000
chr2	218382262	218382262	0.000410000
chr3	192860162	192860162	0.029910000
chr4	1348606	1348606	0.004320000
chr5	159341968	159341968	0.004320000
chr5	176529343	176529343	0.004320000
chr6	14729491	14729491	0.000410000
chr7	37259322	37259322	0.000410000
chr10	80201712	80201712	0.004320000
chr10	132915541	132915541	0.029910000
chr11	1786103	1786103	0.004320000
chr11	47254918	47254918	0.000100000
chr11	72014294	72014294	0.000004570
chr12	48766397	48766397	0.001400000
chr12	57529927	57529927	0.001400000
chr13	22838204	22838204	0.029910000
chr13	110559827	110559827	0.000410000
chr14	68789960	68789960	0.000410000
chr14	105566596	105566596	0.001400000
chr15	28993524	28993524	0.001400000
chr15	41503846	41503846	0.000100000
chr15	85771980	85771980	0.000100000
chr16	68789787	68789787	0.000100000
chr17	1761887	1761887	0.000410000
chr17	43402295	43402295	0.004320000
chr20	19886501	19886501	0.000410000
chr22	22243554	22243554	0.011970000
chr22	45212547	45212547	0.001400000
chr1	2233103	2233103	0.004320000
chr1	12596302	12596302	0.011970000
chr1	14773534	14773534	0.004320000
chr1	33306431	33306431	0.011970000
chr1	56434764	56434764	0.000023400
chr3	138862860	138862860	0.000100000
chr5	137688474	137688474	0.000410000
chr6	31572682	31572682	0.000100000
chr6	166463338	166463338	0.000410000
chr7	128407398	128407398	0.004320000
chr7	128813089	128813089	0.000023400
chr8	129988169	129988169	0.004320000
chr10	6141565	6141565	0.001400000
chr11	111379627	111379627	0.001400000
chr11	118893192	118893192	0.000004570
chr12	1563274	1563274	0.004320000
chr12	24997468	24997468	0.029910000
chr12	122167076	122167076	0.029910000
chr14	22517488	22517488	0.011970000
chr14	94109702	94109702	0.004320000
chr16	51034740	51034740	0.011970000
chr17	57455781	57455781	0.001400000
chr17	77528073	77528073	0.011970000
chr19	54207424	54207424	0.000100000
chr20	36182483	36182483	0.004320000
chr20	45910030	45910030	0.000410000
chr20	62337617	62337617	0.001400000
chr20	63899054	63899054	0.011970000
chr21	34512050	34512050	0.000410000
chr1	27626825	27626825	0.011970000
chr1	35443008	35443008	0.001400000
chr1	40902042	40902042	0.001400000
chr1	53893189	53893189	0.011970000
chr1	93693062	93693062	0.000100000
chr1	151858668	151858668	0.000410000
chr1	154192518	154192518	0.001400000
chr1	206556357	206556357	0.000410000
chr2	238139133	238139133	0.011970000
chr5	134116497	134116497	0.001400000
chr8	9324742	9324742	0.000410000
chr9	34098453	34098453	0.000100000
chr9	137405775	137405775	0.000100000
chr11	62553664	62553664	0.011970000
chr16	30759473	30759473	0.000023400
chr16	81495340	81495340	0.004320000
chr16	85256454	85256454	0.004320000
chr17	1638469	1638469	0.004320000
chr17	80280113	80280113	0.004320000
chr17	81323818	81323818	0.001400000
chr19	40283019	40283019	0.001400000
chr20	48359734	48359734	0.000023400
chr21	43957336	43957336	0.011970000
chr21	44155949	44155949	0.000410000
chr22	19716673	19716673	0.004320000
chr22	46686147	46686147	0.011970000
chr1	9279624	9279624	0.001400000
chr1	31690066	31690066	0.000100000
chr2	120251600	120251600	0.011970000
chr2	240622668	240622668	0.000410000
chr3	66582984	66582984	0.000023400
chr3	129616852	129616852	0.004320000
chr5	1152247	1152247	0.000410000
chr5	133018438	133018438	0.001400000
chr5	135654596	135654596	0.000410000
chr5	151141696	151141696	0.000100000
chr5	178117993	178117993	0.029910000
chr6	31574963	31574963	0.011970000
chr6	46325834	46325834	0.001400000
chr6	111793914	111793914	0.011970000
chr6	169289844	169289844	0.000410000
chr7	2039015	2039015	0.001400000
chr8	1960135	1960135	0.001400000
chr8	133237557	133237557	0.000410000
chr8	140509171	140509171	0.011970000
chr9	134175490	134175490	0.001400000
chr11	67374559	67374559	0.000023400
chr12	107461770	107461770	0.029910000
chr12	123075932	123075932	0.000004570
chr14	24398285	24398285	0.001400000
chr14	106592707	106592707	0.001400000
chr16	88118564	88118564	0.011970000
chr16	89102555	89102555	0.000004570
chr17	8912526	8912526	0.001400000
chr17	32494939	32494939	0.000410000
chr17	80827006	80827006	0.000100000
chr17	81922946	81922946	0.000410000
chr21	44883343	44883343	0.000100000
chr1	12079149	12079149	0.000410000
chr1	58433121	58433121	0.029910000
chr1	113940975	113940975	0.029910000
chr1	160096797	160096797	0.000004570
chr2	106175970	106175970	0.004320000
chr2	128624218	128624218	0.011970000
chr2	239231407	239231407	0.001400000
chr3	139676923	139676923	0.000023400
chr3	195258836	195258836	0.004320000
chr5	74395077	74395077	0.004320000
chr6	29602231	29602231	0.004320000
chr6	167122598	167122598	0.004320000
chr7	149022996	149022996	0.000000761
chr8	19551512	19551512	0.004320000
chr8	23072676	23072676	0.001400000
chr10	78756760	78756760	0.000023400
chr10	103490780	103490780	0.000100000
chr11	9765574	9765574	0.011970000
chr11	94545158	94545158	0.000410000
chr11	118893150	118893150	0.000100000
chr12	2284518	2284518	0.000023400
chr12	54371886	54371886	0.000004570
chr12	113090986	113090986	0.001400000
chr13	114047539	114047539	0.004320000
chr16	21653817	21653817	0.004320000
chr16	88025443	88025443	0.011970000
chr17	18186626	18186626	0.029910000
chr17	60422345	60422345	0.000410000
chr17	81032287	81032287	0.004320000
chr19	4903940	4903940	0.000100000
chr19	12943620	12943620	0.004320000
chr22	38078140	38078140	0.000023400
chr22	50219478	50219478	0.011970000
chr1	1834001	1834001	0.001400000
chr1	14540448	14540448	0.000410000
chr1	47023610	47023610	0.000100000
chr1	197775895	197775895	0.029910000
chr1	201650494	201650494	0.029910000
chr2	16625966	16625966	0.004320000
chr2	27627325	27627325	0.004320000
chr2	218393037	218393037	0.004320000
chr2	238108508	238108508	0.029910000
chr3	128343765	128343765	0.000410000
chr3	197674701	197674701	0.011970000
chr4	1205249	1205249	0.004320000
chr6	31572634	31572634	0.000410000
chr6	44561056	44561056	0.001400000
chr6	108589081	108589081	0.000100000
chr7	4678094	4678094	0.000410000
chr7	151850951	151850951	0.000004570
chr8	11898484	11898484	0.000410000
chr8	141287076	141287076	0.011970000
chr8	143158086	143158086	0.000023400
chr10	48671869	48671869	0.029910000
chr11	3154322	3154322	0.001400000
chr11	57349688	57349688	0.000410000
chr11	60873172	60873172	0.001400000
chr12	95995810	95995810	0.001400000
chr16	8891781	8891781	0.011970000
chr16	49835844	49835844	0.029910000
chr16	68364630	68364630	0.000100000
chr16	88069733	88069733	0.001400000
chr17	80847804	80847804	0.004320000
chr17	83089908	83089908	0.001400000
chr19	2529024	2529024	0.004320000
chr19	41876655	41876655	0.001400000
chr19	51418558	51418558	0.000023400
chr22	46364781	46364781	0.004320000
chr1	2848104	2848104	0.004320000
chr1	7060044	7060044	0.004320000
chr1	9094191	9094191	0.000410000
chr1	77605570	77605570	0.000410000
chr1	115649036	115649036	0.001400000
chr1	230154342	230154342	0.004320000
chr1	244352591	244352591	0.029910000
chr2	24363512	24363512	0.000100000
chr2	239378423	239378423	0.011970000
chr3	183158768	183158768	0.001400000
chr4	1300778	1300778	0.004320000
chr5	1849869	1849869	0.001400000
chr5	78908569	78908569	0.000100000
chr5	132428064	132428064	0.004320000
chr7	157670222	157670222	0.000410000
chr8	2064475	2064475	0.000410000
chr9	124278283	124278283	0.029910000
chr9	127977559	127977559	0.004320000
chr10	6141492	6141492	0.000410000
chr11	8031859	8031859	0.029910000
chr12	6376371	6376371	0.001400000
chr12	47756080	47756080	0.001400000
chr12	49827278	49827278	0.000000761
chr17	56624331	56624331	0.029910000
chr17	80890739	80890739	0.000410000
chr17	81031147	81031147	0.000410000
chr17	81031862	81031862	0.004320000
chr17	81453119	81453119	0.004320000
chr20	63552613	63552613	0.000004570
chr20	63942742	63942742	0.011970000
chr1	9037363	9037363	0.000100000
chr1	54378751	54378751	0.011970000
chr1	226698008	226698008	0.000410000
chr3	5190725	5190725	0.000410000
chr3	130849278	130849278	0.000100000
chr5	181241568	181241568	0.000410000
chr6	32936844	32936844	0.029910000
chr7	1088131	1088131	0.000100000
chr7	129958785	129958785	0.001400000
chr7	140343278	140343278	0.001400000
chr8	53693006	53693006	0.029910000
chr10	43131113	43131113	0.000023400
chr10	97718962	97718962	0.001400000
chr10	102226979	102226979	0.000410000
chr11	843956	843956	0.004320000
chr11	1852527	1852527	0.000410000
chr11	68036484	68036484	0.001400000
chr11	72308987	72308987	0.011970000
chr12	130830180	130830180	0.004320000
chr13	114115414	114115414	0.011970000
chr14	50001523	50001523	0.000023400
chr16	4683252	4683252	0.000100000
chr16	70419282	70419282	0.011970000
chr17	44216259	44216259	0.000004570
chr17	63697434	63697434	0.000000761
chr17	81919438	81919438	0.000410000
chr19	1155739	1155739	0.000100000
chr19	7702393	7702393	0.011970000
chr19	35139484	35139484	0.001400000
chr19	54081547	54081547	0.011970000
chr20	32651369	32651369	0.011970000
chr21	43812351	43812351	0.000410000
chr1	16005840	16005840	0.001400000
chr1	30723749	30723749	0.000004570
chr1	51963727	51963727	0.011970000
chr1	101193863	101193863	0.001400000
chr1	154575109	154575109	0.004320000
chr2	870572	870572	0.001400000
chr2	9768447	9768447	0.004320000
chr3	125000165	125000165	0.000100000
chr6	14477122	14477122	0.011970000
chr6	32076607	32076607	0.000023400
chr6	167111910	167111910	0.001400000
chr7	957981	957981	0.001400000
chr7	50730867	50730867	0.001400000
chr7	74312778	74312778	0.000410000
chr7	143223003	143223003	0.004320000
chr8	1897432	1897432	0.001400000
chr8	125579662	125579662	0.011970000
chr9	93137020	93137020	0.004320000
chr11	698201	698201	0.004320000
chr11	18248794	18248794	0.000100000
chr11	47359200	47359200	0.004320000
chr11	117313137	117313137	0.011970000
chr13	114034833	114034833	0.001400000
chr13	114115628	114115628	0.004320000
chr13	114122983	114122983	0.001400000
chr14	105679098	105679098	0.004320000
chr15	68631881	68631881	0.011970000
chr16	85832742	85832742	0.000410000
chr16	85945454	85945454	0.029910000
chr16	88642894	88642894	0.001400000
chr17	2939912	2939912	0.000410000
chr17	40552147	40552147	0.011970000
chr19	827843	827843	0.001400000
chr19	2608973	2608973	0.001400000
chr19	6528280	6528280	0.004320000
chr1	11802850	11802850	0.004320000
chr1	53091783	53091783	0.001400000
chr1	79006676	79006676	0.004320000
chr1	153543146	153543146	0.000100000
chr1	209231705	209231705	0.001400000
chr2	85421389	85421389	0.000100000
chr2	200471546	200471546	0.001400000
chr3	9134527	9134527	0.001400000
chr3	46097813	46097813	0.004320000
chr3	134607499	134607499	0.001400000
chr4	155379093	155379093	0.000410000
chr6	31733483	31733483	0.011970000
chr8	1949803	1949803	0.011970000
chr8	2010764	2010764	0.001400000
chr8	37521601	37521601	0.001400000
chr11	10599945	10599945	0.000100000
chr11	96123494	96123494	0.000100000
chr11	110328240	110328240	0.004320000
chr12	6377914	6377914	0.000410000
chr13	39952883	39952883	0.000100000
chr14	74299517	74299517	0.011970000
chr14	100440352	100440352	0.004320000
chr15	41917004	41917004	0.001400000
chr16	15502512	15502512	0.000100000
chr17	5786297	5786297	0.000100000
chr17	16972282	16972282	0.004320000
chr17	27622064	27622064	0.004320000
chr17	34319137	34319137	0.001400000
chr17	74736293	74736293	0.004320000
chr19	49560797	49560797	0.001400000
chr19	54923696	54923696	0.000023400
chr20	59721153	59721153	0.000100000
chr20	62667325	62667325	0.000410000
chr21	44897998	44897998	0.000023400
chr1	40860645	40860645	0.004320000
chr1	167669681	167669681	0.011970000
chr1	200870332	200870332	0.011970000
chr1	201014110	201014110	0.004320000
chr1	209674384	209674384	0.000410000
chr1	248859557	248859557	0.001400000
chr2	1742481	1742481	0.004320000
chr2	20214435	20214435	0.029910000
chr2	20618156	20618156	0.011970000
chr2	119010998	119010998	0.000410000
chr2	231393652	231393652	0.001400000
chr3	48564469	48564469	0.000100000
chr3	58666776	58666776	0.000000761
chr3	196338817	196338817	0.004320000
chr5	135450906	135450906	0.001400000
chr6	7115112	7115112	0.004320000
chr6	15504613	15504613	0.004320000
chr6	15504692	15504692	0.011970000
chr6	31587239	31587239	0.001400000
chr6	32950202	32950202	0.001400000
chr6	33267727	33267727	0.000004570
chr6	166463402	166463402	0.001400000
chr7	72950331	72950331	0.001400000
chr7	87476082	87476082	0.004320000
chr7	149869989	149869989	0.000023400
chr8	142465497	142465497	0.029910000
chr10	35128235	35128235	0.029910000
chr10	73917253	73917253	0.004320000
chr10	132413013	132413013	0.000410000
chr11	313527	313527	0.001400000
chr11	18590002	18590002	0.004320000
chr11	64638579	64638579	0.004320000
chr11	71998791	71998791	0.029910000
chr11	114086222	114086222	0.001400000
chr12	121423813	121423813	0.000004570
chr14	24574552	24574552	0.000410000
chr14	99174680	99174680	0.011970000
chr14	100533849	100533849	0.000410000
chr15	44735963	44735963	0.029910000
chr15	90870006	90870006	0.001400000
chr16	1469972	1469972	0.001400000
chr17	3685846	3685846	0.000410000
chr17	10064100	10064100	0.004320000
chr17	82457593	82457593	0.004320000
chr18	79478375	79478375	0.000410000
chr19	951681	951681	0.011970000
chr19	14514798	14514798	0.004320000
chr19	51501376	51501376	0.000410000
chr1	3890253	3890253	0.011970000
chr1	12141543	12141543	0.000410000
chr1	54888033	54888033	0.004320000
chr1	67339845	67339845	0.000100000
chr1	184792739	184792739	0.004320000
chr1	226821544	226821544	0.001400000
chr1	228987894	228987894	0.001400000
chr2	37816338	37816338	0.011970000
chr3	44058888	44058888	0.000410000
chr3	45916172	45916172	0.001400000
chr3	48564607	48564607	0.000410000
chr4	38731040	38731040	0.000023400
chr5	502176	502176	0.001400000
chr5	139647439	139647439	0.004320000
chr5	150904857	150904857	0.004320000
chr6	30688800	30688800	0.011970000
chr6	31562216	31562216	0.000410000
chr6	33609934	33609934	0.029910000
chr7	101960018	101960018	0.001400000
chr8	37873227	37873227	0.004320000
chr8	102535917	102535917	0.000100000
chr11	2389566	2389566	0.000004570
chr11	68374766	68374766	0.011970000
chr12	214076	214076	0.004320000
chr14	103382645	103382645	0.000100000
chr15	31376273	31376273	0.001400000
chr16	31393064	31393064	0.000410000
chr16	81447005	81447005	0.029910000
chr17	1606747	1606747	0.004320000
chr17	42311788	42311788	0.000100000
chr17	82861152	82861152	0.004320000
chr19	18274914	18274914	0.011970000
chr20	46361952	46361952	0.001400000
chr20	50343307	50343307	0.000410000
chr21	44155690	44155690	0.000100000
chr1	12126022	12126022	0.000100000
chr1	12244395	12244395	0.001400000
chr1	36327689	36327689	0.000410000
chr1	37844384	37844384	0.001400000
chr1	154970033	154970033	0.011970000
chr1	228088127	228088127	0.000410000
chr2	27123428	27123428	0.004320000
chr2	30446731	30446731	0.011970000
chr2	96524671	96524671	0.000100000
chr2	231394720	231394720	0.000410000
chr2	239239923	239239923	0.001400000
chr4	6693887	6693887	0.004320000
chr4	40322079	40322079	0.000100000
chr5	178468046	178468046	0.011970000
chr6	32852144	32852144	0.000410000
chr7	6173144	6173144	0.000410000
chr7	74482900	74482900	0.004320000
chr11	45930686	45930686	0.004320000
chr11	73218938	73218938	0.000410000
chr11	126115149	126115149	0.011970000
chr12	110349302	110349302	0.000410000
chr12	122917803	122917803	0.000410000
chr12	131091543	131091543	0.001400000
chr13	44132829	44132829	0.011970000
chr13	99355023	99355023	0.004320000
chr15	72228291	72228291	0.004320000
chr16	424430	424430	0.000410000
chr16	66368464	66368464	0.000410000
chr16	85913613	85913613	0.000100000
chr16	87289814	87289814	0.000410000
chr17	81252174	81252174	0.001400000
chr19	836716	836716	0.000410000
chr19	12940759	12940759	0.000410000
chr19	14004799	14004799	0.000023400
chr19	38870807	38870807	0.000100000
chr20	3071469	3071469	0.004320000
chr20	19973944	19973944	0.000410000
chr20	45945632	45945632	0.000100000
chr22	19966189	19966189	0.000410000
chr1	9715697	9715697	0.029910000
chr1	18891718	18891718	0.001400000
chr1	37995278	37995278	0.001400000
chr1	149929250	149929250	0.000410000
chr1	159826868	159826868	0.004320000
chr2	60460257	60460257	0.001400000
chr2	70524589	70524589	0.001400000
chr2	231394570	231394570	0.011970000
chr2	238100477	238100477	0.000100000
chr3	10205803	10205803	0.000100000
chr3	69081767	69081767	0.001400000
chr3	123635189	123635189	0.000410000
chr5	1503144	1503144	0.011970000
chr5	139524490	139524490	0.011970000
chr5	172943521	172943521	0.004320000
chr6	31577183	31577183	0.001400000
chr6	37280992	37280992	0.000100000
chr6	44133453	44133453	0.004320000
chr6	159094372	159094372	0.001400000
chr8	128048569	128048569	0.004320000
chr9	132888280	132888280	0.011970000
chr10	110871077	110871077	0.029910000
chr11	2827080	2827080	0.000023400
chr11	46675832	46675832	0.001400000
chr11	134040446	134040446	0.011970000
chr12	108630023	108630023	0.029910000
chr13	111962755	111962755	0.011970000
chr13	112773780	112773780	0.004320000
chr14	103705503	103705503	0.000410000
chr15	92645151	92645151	0.004320000
chr15	93037097	93037097	0.004320000
chr16	3257037	3257037	0.001400000
chr16	27531007	27531007	0.001400000
chr16	29994535	29994535	0.000410000
chr16	70408034	70408034	0.004320000
chr16	88748205	88748205	0.004320000
chr17	41789562	41789562	0.000410000
chr17	45112254	45112254	0.011970000
chr17	81841482	81841482	0.000100000
chr19	838964	838964	0.000410000
chr19	841082	841082	0.000023400
chr19	16080407	16080407	0.004320000
chr19	38733730	38733730	0.011970000
chr22	19876785	19876785	0.011970000
chr1	3910517	3910517	0.004320000
chr1	54672386	54672386	0.011970000
chr1	108118608	108118608	0.000100000
chr1	226724512	226724512	0.004320000
chr2	48753466	48753466	0.011970000
chr3	15269514	15269514	0.001400000
chr3	51568105	51568105	0.000410000
chr4	5706747	5706747	0.000100000
chr4	139816364	139816364	0.000000761
chr5	142977477	142977477	0.011970000
chr5	157861513	157861513	0.001400000
chr7	2487757	2487757	0.011970000
chr7	2608655	2608655	0.000410000
chr7	2738424	2738424	0.004320000
chr7	149872794	149872794	0.000410000
chr7	155357986	155357986	0.029910000
chr8	11454359	11454359	0.004320000
chr8	28190191	28190191	0.011970000
chr10	6400539	6400539	0.004320000
chr10	13484236	13484236	0.001400000
chr10	103454061	103454061	0.004320000
chr11	18119846	18119846	0.001400000
chr14	103628282	103628282	0.001400000
chr16	1963057	1963057	0.004320000
chr16	8644383	8644383	0.001400000
chr16	30097083	30097083	0.004320000
chr17	17840968	17840968	0.000023400
chr17	40445424	40445424	0.001400000
chr17	77450349	77450349	0.001400000
chr17	80826974	80826974	0.029910000
chr17	81032244	81032244	0.000410000
chr19	11693912	11693912	0.004320000
chr20	13995447	13995447	0.000000106
chr20	33081586	33081586	0.011970000
chr22	26618152	26618152	0.000100000
chr1	1237884	1237884	0.029910000
chr1	30806380	30806380	0.001400000
chr1	211329877	211329877	0.000023400
chr2	85324727	85324727	0.011970000
chr2	215899340	215899340	0.004320000
chr3	15065599	15065599	0.004320000
chr3	128055111	128055111	0.011970000
chr3	196338698	196338698	0.011970000
chr5	179762809	179762809	0.029910000
chr6	30206314	30206314	0.004320000
chr6	33204134	33204134	0.001400000
chr6	39227243	39227243	0.000410000
chr6	84033279	84033279	0.004320000
chr7	1980247	1980247	0.004320000
chr7	2313767	2313767	0.004320000
chr7	2893663	2893663	0.011970000
chr8	636336	636336	0.011970000
chr8	143328645	143328645	0.001400000
chr9	136075998	136075998	0.004320000
chr10	30207532	30207532	0.011970000
chr10	43315735	43315735	0.000023400
chr10	124601524	124601524	0.011970000
chr11	64659944	64659944	0.004320000
chr12	94816277	94816277	0.000023400
chr12	131035453	131035453	0.029910000
chr13	24223995	24223995	0.000023400
chr13	79804196	79804196	0.001400000
chr14	75183270	75183270	0.000410000
chr14	76918857	76918857	0.000410000
chr14	101442684	101442684	0.000023400
chr16	88432675	88432675	0.004320000
chr16	88840776	88840776	0.004320000
chr17	16441260	16441260	0.000410000
chr17	28982121	28982121	0.000410000
chr17	57608580	57608580	0.004320000
chr17	77528268	77528268	0.011970000
chr17	82887355	82887355	0.000410000
chr18	79792568	79792568	0.011970000
chr19	611506	611506	0.000410000
chr19	33389884	33389884	0.001400000
chr19	49969213	49969213	0.001400000
chr20	44430232	44430232	0.001400000
chr20	62881549	62881549	0.000023400
chr22	42152365	42152365	0.000004570
chr22	46364608	46364608	0.011970000
chr1	24927597	24927597	0.000100000
chr1	26554316	26554316	0.011970000
chr1	45550501	45550501	0.000023400
chr1	183568635	183568635	0.011970000
chr1	207337334	207337334	0.000100000
chr2	44084779	44084779	0.000100000
chr2	230226030	230226030	0.004320000
chr3	52690028	52690028	0.029910000
chr3	129248550	129248550	0.001400000
chr4	2260591	2260591	0.001400000
chr6	2375661	2375661	0.029910000
chr6	2840558	2840558	0.000100000
chr6	31662123	31662123	0.029910000
chr6	158475758	158475758	0.000100000
chr7	2005853	2005853	0.011970000
chr7	55570537	55570537	0.001400000
chr8	41623120	41623120	0.029910000
chr8	140360130	140360130	0.011970000
chr9	99058562	99058562	0.004320000
chr9	107548514	107548514	0.001400000
chr10	96690980	96690980	0.000410000
chr10	99537751	99537751	0.000004570
chr10	132964963	132964963	0.029910000
chr11	47409261	47409261	0.004320000
chr11	68036588	68036588	0.000410000
chr12	47810897	47810897	0.000100000
chr12	92420308	92420308	0.011970000
chr14	23953159	23953159	0.001400000
chr14	24180129	24180129	0.004320000
chr14	68624736	68624736	0.000023400
chr15	52113450	52113450	0.000100000
chr15	101528429	101528429	0.001400000
chr16	4664442	4664442	0.004320000
chr16	84995225	84995225	0.000410000
chr16	85078764	85078764	0.000410000
chr17	3801327	3801327	0.001400000
chr19	40580341	40580341	0.011970000
chr20	1467950	1467950	0.004320000
chr20	63873835	63873835	0.001750000
chr1	17425265	17425265	0.000100000
chr1	41807023	41807023	0.004320000
chr1	178058297	178058297	0.000100000
chr1	203765431	203765431	0.000100000
chr2	42880318	42880318	0.000410000
chr2	241821609	241821609	0.004320000
chr4	1769110	1769110	0.029910000
chr5	68226470	68226470	0.011970000
chr5	72301873	72301873	0.029910000
chr5	135451252	135451252	0.004320000
chr6	3848556	3848556	0.000100000
chr6	30679872	30679872	0.000100000
chr6	32326726	32326726	0.000410000
chr6	41042915	41042915	0.001400000
chr6	70666931	70666931	0.000023400
chr8	785312	785312	0.001400000
chr10	48684257	48684257	0.000023400
chr11	63909725	63909725	0.001400000
chr11	73217881	73217881	0.000410000
chr11	73218009	73218009	0.000410000
chr12	27244004	27244004	0.029910000
chr12	53577010	53577010	0.000410000
chr12	116605090	116605090	0.000410000
chr13	114143401	114143401	0.000004570
chr15	73922942	73922942	0.004320000
chr15	93027723	93027723	0.000410000
chr16	1390603	1390603	0.000410000
chr16	3587955	3587955	0.000023400
chr16	85527696	85527696	0.001400000
chr16	85752504	85752504	0.029910000
chr16	88813185	88813185	0.001400000
chr16	88957225	88957225	0.000023400
chr17	4004176	4004176	0.000023400
chr17	10064114	10064114	0.001400000
chr17	16971815	16971815	0.011970000
chr17	39563660	39563660	0.011970000
chr17	60422455	60422455	0.001400000
chr19	49153743	49153743	0.000410000
chr20	3071575	3071575	0.000410000
chr20	47318281	47318281	0.000410000
chr21	41679300	41679300	0.029910000
chr1	41516064	41516064	0.004320000
chr1	156496296	156496296	0.001400000
chr1	203051013	203051013	0.004320000
chr1	220804516	220804516	0.001400000
chr2	9463558	9463558	0.011970000
chr4	24800765	24800765	0.000023400
chr5	173859142	173859142	0.004320000
chr5	178941252	178941252	0.001400000
chr6	32840975	32840975	0.000023400
chr7	74610630	74610630	0.004320000
chr8	2003217	2003217	0.001400000
chr8	95073157	95073157	0.001400000
chr8	125434681	125434681	0.011970000
chr8	143547532	143547532	0.004320000
chr10	288791	288791	0.001400000
chr10	104329445	104329445	0.029910000
chr11	47257632	47257632	0.000410000
chr11	72737494	72737494	0.000100000
chr11	74467755	74467755	0.000410000
chr12	122029273	122029273	0.001400000
chr13	112992418	112992418	0.000410000
chr14	23062416	23062416	0.011970000
chr15	73936498	73936498	0.000410000
chr16	8891863	8891863	0.000410000
chr16	12317282	12317282	0.029910000
chr16	30187184	30187184	0.011970000
chr17	3590324	3590324	0.029910000
chr17	48546367	48546367	0.000023400
chr17	81251957	81251957	0.029910000
chr17	81456933	81456933	0.011970000
chr18	75204057	75204057	0.000410000
chr19	21586628	21586628	0.000100000
chr22	17563022	17563022	0.004320000
chr22	49829925	49829925	0.029910000
chr1	2159375	2159375	0.011970000
chr1	27656205	27656205	0.001400000
chr1	53634490	53634490	0.004320000
chr1	63893228	63893228	0.011970000
chr1	209231719	209231719	0.011970000
chr1	227561011	227561011	0.029910000
chr1	234876067	234876067	0.001400000
chr2	74832475	74832475	0.001400000
chr2	134097886	134097886	0.000100000
chr3	45942300	45942300	0.001400000
chr4	10608256	10608256	0.004320000
chr4	99815501	99815501	0.000410000
chr5	598702	598702	0.004320000
chr6	30206413	30206413	0.004320000
chr6	33008707	33008707	0.011970000
chr6	33416696	33416696	0.000410000
chr7	75565394	75565394	0.001400000
chr7	105849552	105849552	0.001400000
chr8	2006611	2006611	0.001400000
chr8	29373481	29373481	0.011970000
chr8	140589109	140589109	0.004320000
chr8	142681994	142681994	0.000100000
chr9	76290419	76290419	0.004320000
chr10	112850749	112850749	0.000410000
chr11	2656538	2656538	0.000410000
chr12	989909	989909	0.000023400
chr12	111181610	111181610	0.001400000
chr12	128798941	128798941	0.011970000
chr12	132771530	132771530	0.011970000
chr15	72305945	72305945	0.000410000
chr16	2690588	2690588	0.000100000
chr16	30012294	30012294	0.004320000
chr16	49638776	49638776	0.001400000
chr16	83994266	83994266	0.004320000
chr17	81452713	81452713	0.011970000
chr19	859330	859330	0.004320000
chr19	35908444	35908444	0.011970000
chr22	21708011	21708011	0.004320000
chr22	33274021	33274021	0.011970000
chr22	46254478	46254478	0.001400000
chr1	1136817	1136817	0.004320000
chr1	2481304	2481304	0.029910000
chr1	3466001	3466001	0.001400000
chr2	98515578	98515578	0.000410000
chr2	161507753	161507753	0.011970000
chr2	218125260	218125260	0.000410000
chr3	13072459	13072459	0.029910000
chr5	150508225	150508225	0.000410000
chr5	172437130	172437130	0.000410000
chr5	172829354	172829354	0.000410000
chr7	105679372	105679372	0.004320000
chr7	142796529	142796529	0.000410000
chr8	133238694	133238694	0.000410000
chr8	140540440	140540440	0.004320000
chr10	62049314	62049314	0.001400000
chr10	86668360	86668360	0.000100000
chr10	96304418	96304418	0.000023400
chr11	65213610	65213610	0.011970000
chr11	70434383	70434383	0.004320000
chr11	94545437	94545437	0.004320000
chr12	13103832	13103832	0.001400000
chr12	49810028	49810028	0.000410000
chr14	24336143	24336143	0.000410000
chr14	92515322	92515322	0.011970000
chr17	58271701	58271701	0.000100000
chr17	66426275	66426275	0.011970000
chr19	2608497	2608497	0.000023400
chr19	55678586	55678586	0.011970000
chr21	44293836	44293836	0.000410000
chr1	952196	952196	0.000410000
chr1	15975067	15975067	0.001400000
chr1	23556847	23556847	0.000100000
chr1	151164900	151164900	0.000100000
chr1	206803344	206803344	0.000410000
chr1	223230104	223230104	0.000004570
chr1	245564285	245564285	0.004320000
chr2	10386327	10386327	0.001400000
chr2	219109464	219109464	0.004320000
chr3	4986458	4986458	0.000410000
chr3	45942105	45942105	0.011970000
chr3	129059732	129059732	0.001400000
chr5	154206419	154206419	0.004320000
chr6	15504641	15504641	0.011970000
chr6	30752484	30752484	0.000100000
chr6	32852081	32852081	0.029910000
chr6	163347294	163347294	0.001400000
chr7	1922332	1922332	0.004320000
chr7	2100508	2100508	0.000410000
chr7	2524182	2524182	0.011970000
chr7	100373246	100373246	0.000100000
chr8	133303277	133303277	0.000023400
chr9	136917905	136917905	0.000410000
chr10	97141014	97141014	0.000410000
chr11	1931526	1931526	0.004320000
chr11	45850385	45850385	0.004320000
chr11	64853387	64853387	0.001400000
chr11	128691112	128691112	0.000410000
chr12	1811949	1811949	0.001400000
chr12	6636005	6636005	0.001400000
chr12	6935624	6935624	0.004320000
chr12	122006544	122006544	0.000023400
chr12	124242318	124242318	0.004320000
chr14	22816156	22816156	0.004320000
chr14	91285429	91285429	0.004320000
chr14	105855831	105855831	0.004320000
chr16	1543213	1543213	0.000410000
chr16	28371895	28371895	0.011970000
chr17	3921203	3921203	0.001400000
chr17	8941189	8941189	0.001400000
chr17	16972244	16972244	0.001400000
chr17	42193655	42193655	0.001400000
chr17	50917597	50917597	0.000410000
chr17	81858802	81858802	0.004320000
chr17	82227442	82227442	0.001400000
chr22	49803214	49803214	0.029910000
chr1	1764070	1764070	0.004320000
chr1	32274151	32274151	0.000410000
chr1	58933018	58933018	0.029910000
chr1	226827717	226827717	0.001400000
chr2	25302008	25302008	0.001400000
chr2	74555961	74555961	0.000410000
chr3	49799915	49799915	0.004320000
chr3	157130348	157130348	0.001400000
chr5	1513962	1513962	0.004320000
chr6	33079279	33079279	0.011970000
chr6	149454717	149454717	0.000410000
chr7	1023093	1023093	0.011970000
chr7	2734780	2734780	0.011970000
chr7	54542260	54542260	0.004320000
chr8	27361995	27361995	0.000410000
chr8	141905309	141905309	0.011970000
chr9	121282861	121282861	0.000410000
chr9	127567309	127567309	0.000100000
chr11	44605158	44605158	0.004320000
chr11	129947696	129947696	0.001400000
chr12	120719786	120719786	0.004320000
chr12	124947198	124947198	0.004320000
chr14	68607738	68607738	0.004320000
chr16	19183886	19183886	0.000410000
chr16	57524908	57524908	0.000410000
chr17	7579157	7579157	0.004320000
chr17	76534905	76534905	0.029910000
chr17	80826967	80826967	0.004320000
chr17	81518017	81518017	0.001400000
chr19	2431173	2431173	0.004320000
chr19	6274197	6274197	0.004320000
chr20	63894444	63894444	0.004320000
chr22	44179575	44179575	0.011970000
chr22	46047515	46047515	0.001400000
chr1	1614438	1614438	0.004320000
chr1	30758516	30758516	0.000410000
chr1	36116150	36116150	0.000410000
chr2	126832602	126832602	0.004320000
chr2	207122814	207122814	0.011970000
chr3	42659186	42659186	0.001400000
chr3	119809453	119809453	0.001400000
chr4	3078024	3078024	0.004320000
chr4	154490451	154490451	0.029910000
chr4	186723585	186723585	0.004320000
chr6	32058370	32058370	0.029910000
chr6	32586704	32586704	0.011970000
chr6	33320519	33320519	0.000410000
chr7	924132	924132	0.001400000
chr7	102028276	102028276	0.011970000
chr7	135171810	135171810	0.004320000
chr8	1417336	1417336	0.011970000
chr8	37691684	37691684	0.000410000
chr8	69835828	69835828	0.000410000
chr10	3099695	3099695	0.000410000
chr10	3467518	3467518	0.001400000
chr10	38729914	38729914	0.004320000
chr11	64395868	64395868	0.001400000
chr11	67285185	67285185	0.000004570
chr11	73981110	73981110	0.001400000
chr13	114059607	114059607	0.011970000
chr14	68363987	68363987	0.011970000
chr14	105388671	105388671	0.000100000
chr15	89828460	89828460	0.004320000
chr16	27327070	27327070	0.001400000
chr17	3801200	3801200	0.004320000
chr17	82964931	82964931	0.000410000
chr19	831456	831456	0.004320000
chr19	35273807	35273807	0.000410000
chr20	915706	915706	0.000100000
chr20	916233	916233	0.001400000
chr20	2759292	2759292	0.011970000
chr20	32360408	32360408	0.029910000
chr21	43053386	43053386	0.000410000
chr22	46053872	46053872	0.029910000
chr22	50176448	50176448	0.029910000
chr1	27557834	27557834	0.004320000
chr1	112686481	112686481	0.011970000
chr1	143883599	143883599	0.001400000
chr1	153566921	153566921	0.000100000
chr2	43018503	43018503	0.000004570
chr2	66444595	66444595	0.001400000
chr2	106065753	106065753	0.001400000
chr3	79766698	79766698	0.001400000
chr3	128684192	128684192	0.001400000
chr4	140256602	140256602	0.000410000
chr5	80150052	80150052	0.000410000
chr5	139740475	139740475	0.004320000
chr5	177428303	177428303	0.000410000
chr6	11324200	11324200	0.001400000
chr6	31662132	31662132	0.004320000
chr6	43114558	43114558	0.000410000
chr7	1023184	1023184	0.011970000
chr7	139093998	139093998	0.000100000
chr9	91164271	91164271	0.000100000
chr10	22631096	22631096	0.011970000
chr11	10748488	10748488	0.004320000
chr11	69445063	69445063	0.001400000
chr13	112184076	112184076	0.000100000
chr15	84651747	84651747	0.004320000
chr16	474778	474778	0.011970000
chr17	1182087	1182087	0.029910000
chr17	16972035	16972035	0.011970000
chr17	83023768	83023768	0.004320000
chr17	83084147	83084147	0.001400000
chr19	827739	827739	0.001400000
chr19	846179	846179	0.000023400
chr22	45212811	45212811	0.000100000
chr1	54850808	54850808	0.000100000
chr1	153390788	153390788	0.011970000
chr1	154860645	154860645	0.029910000
chr1	204320316	204320316	0.000410000
chr2	25990639	25990639	0.000023400
chr2	33134214	33134214	0.011970000
chr2	112627330	112627330	0.000100000
chr2	239509450	239509450	0.000100000
chr3	52065545	52065545	0.000100000
chr3	187736651	187736651	0.000100000
chr5	964081	964081	0.004320000
chr6	31577157	31577157	0.000410000
chr7	585499	585499	0.001400000
chr7	965361	965361	0.000023400
chr7	1946610	1946610	0.000410000
chr7	138864919	138864919	0.000100000
chr7	150450448	150450448	0.001400000
chr7	151850884	151850884	0.000410000
chr8	127795817	127795817	0.011970000
chr9	35908120	35908120	0.000410000
chr10	1489334	1489334	0.004320000
chr10	25175079	25175079	0.001400000
chr10	43131023	43131023	0.000410000
chr10	95295682	95295682	0.000004570
chr10	129056079	129056079	0.004320000
chr11	34215101	34215101	0.001400000
chr11	69296092	69296092	0.004320000
chr12	1592950	1592950	0.000023400
chr12	107661065	107661065	0.004320000
chr13	110666293	110666293	0.004320000
chr13	112783696	112783696	0.000023400
chr16	69933070	69933070	0.011970000
chr17	4487987	4487987	0.000000761
chr17	73828133	73828133	0.001400000
chr17	78916954	78916954	0.011970000
chr17	78926056	78926056	0.000100000
chr17	80064340	80064340	0.004320000
chr17	81517934	81517934	0.029910000
chr19	18274862	18274862	0.000410000
chr19	44913112	44913112	0.001400000
chr19	49104324	49104324	0.011970000
chr20	3071578	3071578	0.000410000
chr21	34527150	34527150	0.004320000
chr21	42568672	42568672	0.029910000
chr21	43433590	43433590	0.001400000
chr22	48497182	48497182	0.029910000
chr1	9266223	9266223	0.000100000
chr1	9413692	9413692	0.000410000
chr1	40307373	40307373	0.004320000
chr1	109624887	109624887	0.029910000
chr2	60536196	60536196	0.004320000
chr3	46931794	46931794	0.001400000
chr3	52373065	52373065	0.001400000
chr3	56801254	56801254	0.000410000
chr3	72728094	72728094	0.011970000
chr4	13525145	13525145	0.001400000
chr4	82268488	82268488	0.000100000
chr4	146030197	146030197	0.000023400
chr5	151063107	151063107	0.000410000
chr6	30656672	30656672	0.000100000
chr6	30688731	30688731	0.001400000
chr6	30883292	30883292	0.000410000
chr6	32096097	32096097	0.001400000
chr6	42143129	42143129	0.000410000
chr7	2733493	2733493	0.001400000
chr7	128155542	128155542	0.001400000
chr8	1922632	1922632	0.004320000
chr8	30726407	30726407	0.001400000
chr8	128077047	128077047	0.004320000
chr8	133054345	133054345	0.004320000
chr8	143215144	143215144	0.000410000
chr9	134753884	134753884	0.011970000
chr10	42898280	42898280	0.001400000
chr11	2741941	2741941	0.004320000
chr11	62547562	62547562	0.004320000
chr11	128803639	128803639	0.001400000
chr12	6839950	6839950	0.000100000
chr12	14568354	14568354	0.000410000
chr12	39145620	39145620	0.000023400
chr12	49869203	49869203	0.001400000
chr12	55733284	55733284	0.001400000
chr12	121452360	121452360	0.000410000
chr13	113517186	113517186	0.011970000
chr14	20458068	20458068	0.004320000
chr15	67024523	67024523	0.000023400
chr15	67039575	67039575	0.001400000
chr15	70072020	70072020	0.004320000
chr16	50251343	50251343	0.000410000
chr16	50696970	50696970	0.000100000
chr16	57005004	57005004	0.000100000
chr16	68287955	68287955	0.004320000
chr16	87701271	87701271	0.029910000
chr16	88968739	88968739	0.000410000
chr17	3801280	3801280	0.001400000
chr17	31857978	31857978	0.000410000
chr17	40064045	40064045	0.000100000
chr17	43780235	43780235	0.000000761
chr17	48576253	48576253	0.000410000
chr17	57578393	57578393	0.000410000
chr17	78875652	78875652	0.000100000
chr17	81919513	81919513	0.000023400
chr19	935259	935259	0.001400000
chr19	6276649	6276649	0.000410000
chr19	17074713	17074713	0.011970000
chr19	43475164	43475164	0.011970000
chr21	42108624	42108624	0.011970000
chr1	2260219	2260219	0.004320000
chr1	42961521	42961521	0.004320000
chr1	153549236	153549236	0.004320000
chr1	167795974	167795974	0.000100000
chr1	202859021	202859021	0.000410000
chr1	203408680	203408680	0.011970000
chr1	203520597	203520597	0.000410000
chr1	203765128	203765128	0.000100000
chr2	10307764	10307764	0.000410000
chr2	32265697	32265697	0.011970000
chr2	174059702	174059702	0.011970000
chr3	13022501	13022501	0.004320000
chr3	126472338	126472338	0.001400000
chr4	153205329	153205329	0.004320000
chr6	26743490	26743490	0.011970000
chr6	33909531	33909531	0.004320000
chr7	2084931	2084931	0.001400000
chr7	28137099	28137099	0.000100000
chr7	102441702	102441702	0.011970000
chr7	129146892	129146892	0.001400000
chr8	22059313	22059313	0.000023400
chr8	98904757	98904757	0.001400000
chr9	107487468	107487468	0.004320000
chr9	129667643	129667643	0.000100000
chr9	130995646	130995646	0.000023400
chr9	134376228	134376228	0.000100000
chr10	42935088	42935088	0.000023400
chr10	69337894	69337894	0.000410000
chr11	67558509	67558509	0.029910000
chr12	128795588	128795588	0.029910000
chr12	131786128	131786128	0.000410000
chr13	20189227	20189227	0.011970000
chr13	114115356	114115356	0.029910000
chr14	58599376	58599376	0.004320000
chr14	95489988	95489988	0.011970000
chr15	31345389	31345389	0.004320000
chr15	67881716	67881716	0.001400000
chr15	91515615	91515615	0.011970000
chr16	4680656	4680656	0.011970000
chr16	50667153	50667153	0.011970000
chr16	85932591	85932591	0.011970000
chr17	14201342	14201342	0.029910000
chr17	42337703	42337703	0.011970000
chr19	3388015	3388015	0.000023400
chr20	37529249	37529249	0.000004570
chr22	21566980	21566980	0.004320000
chr22	24688589	24688589	0.001400000
chr22	45213538	45213538	0.000100000
chr1	26320310	26320310	0.000100000
chr1	42941121	42941121	0.000100000
chr1	148992363	148992363	0.000410000
chr1	154419594	154419594	0.004320000
chr1	247415557	247415557	0.001400000
chr2	127408703	127408703	0.004320000
chr3	4752398	4752398	0.011970000
chr3	13074343	13074343	0.000410000
chr3	128604236	128604236	0.000100000
chr3	171428548	171428548	0.011970000
chr4	6019811	6019811	0.000410000
chr5	134125183	134125183	0.001400000
chr5	181221843	181221843	0.029910000
chr6	11277772	11277772	0.004320000
chr6	28922219	28922219	0.029910000
chr6	33116212	33116212	0.000410000
chr7	2166092	2166092	0.004320000
chr7	142345381	142345381	0.004320000
chr7	148914731	148914731	0.011970000
chr11	503807	503807	0.001400000
chr11	2385077	2385077	0.004320000
chr11	2898459	2898459	0.011970000
chr11	45649819	45649819	0.001400000
chr11	117095983	117095983	0.000100000
chr12	124501578	124501578	0.004320000
chr13	32034967	32034967	0.004320000
chr14	52043983	52043983	0.029910000
chr14	103705607	103705607	0.001400000
chr15	40341001	40341001	0.001400000
chr15	43239749	43239749	0.000410000
chr15	93048576	93048576	0.000410000
chr16	11273445	11273445	0.000004570
chr16	88969649	88969649	0.000100000
chr17	4004205	4004205	0.000100000
chr17	7115308	7115308	0.000410000
chr17	43780346	43780346	0.004320000
chr17	77212227	77212227	0.004320000
chr19	840737	840737	0.000100000
chr19	852813	852813	0.000410000
chr19	8503828	8503828	0.004320000
chr19	10553294	10553294	0.004320000
chr19	41113017	41113017	0.001400000
chr19	45526198	45526198	0.000023400
chr20	37519147	37519147	0.000410000
chr20	50637015	50637015	0.000000761
chr1	2100619	2100619	0.001400000
chr1	44048249	44048249	0.000004570
chr1	53506330	53506330	0.004320000
chr1	109499906	109499906	0.000100000
chr1	204296282	204296282	0.011970000
chr2	47652595	47652595	0.011970000
chr2	174778763	174778763	0.000100000
chr2	207334741	207334741	0.000410000
chr2	209209296	209209296	0.029910000
chr2	231684514	231684514	0.000410000
chr2	241776134	241776134	0.001400000
chr3	4752336	4752336	0.001400000
chr3	9136565	9136565	0.000410000
chr3	9653221	9653221	0.000410000
chr5	142846933	142846933	0.011970000
chr5	150639352	150639352	0.001400000
chr6	11771260	11771260	0.001400000
chr6	31157201	31157201	0.001400000
chr6	31577475	31577475	0.011970000
chr6	32840892	32840892	0.004320000
chr6	44561128	44561128	0.000023400
chr7	102299721	102299721	0.004320000
chr8	37820805	37820805	0.000023400
chr8	133294862	133294862	0.001400000
chr9	37565562	37565562	0.004320000
chr9	134360270	134360270	0.000100000
chr10	71746889	71746889	0.000410000
chr10	127880485	127880485	0.001400000
chr11	46345093	46345093	0.000023400
chr11	69444479	69444479	0.000410000
chr12	113058363	113058363	0.004320000
chr14	50083871	50083871	0.004320000
chr14	68942132	68942132	0.000410000
chr14	94390814	94390814	0.004320000
chr14	102908171	102908171	0.004320000
chr15	63594748	63594748	0.000100000
chr15	93037082	93037082	0.001400000
chr16	3548600	3548600	0.011970000
chr16	28924345	28924345	0.000410000
chr16	81492756	81492756	0.004320000
chr16	88771960	88771960	0.001400000
chr17	1761878	1761878	0.001400000
chr17	3801308	3801308	0.001400000
chr17	28334348	28334348	0.000410000
chr17	30825916	30825916	0.011970000
chr18	13641895	13641895	0.000410000
chr18	74498781	74498781	0.011970000
chr18	77250177	77250177	0.011970000
chr19	19194531	19194531	0.004320000
chr20	33647815	33647815	0.000100000
chr20	49257618	49257618	0.001400000
chr22	36162043	36162043	0.000410000
chr22	46069837	46069837	0.004320000
chr1	1131843	1131843	0.004320000
chr1	39410115	39410115	0.000410000
chr1	41981494	41981494	0.004320000
chr2	238494654	238494654	0.004320000
chr2	239226495	239226495	0.001400000
chr2	241235474	241235474	0.001400000
chr3	155705379	155705379	0.011970000
chr3	171975372	171975372	0.001400000
chr3	194985439	194985439	0.000100000
chr4	40516789	40516789	0.000410000
chr5	56480537	56480537	0.001400000
chr5	140633401	140633401	0.000023400
chr5	150133740	150133740	0.004320000
chr6	3848632	3848632	0.000410000
chr6	29943765	29943765	0.004320000
chr6	31580330	31580330	0.001400000
chr6	33416713	33416713	0.000410000
chr6	149888504	149888504	0.011970000
chr6	163347379	163347379	0.000410000
chr6	170210192	170210192	0.029910000
chr7	1023045	1023045	0.011970000
chr7	2979626	2979626	0.011970000
chr7	75963100	75963100	0.000410000
chr7	76404478	76404478	0.000023400
chr7	87476100	87476100	0.000410000
chr8	1160520	1160520	0.000410000
chr8	1948909	1948909	0.001400000
chr8	23160951	23160951	0.004320000
chr8	37599811	37599811	0.000100000
chr8	90005533	90005533	0.029910000
chr8	100495477	100495477	0.000410000
chr8	125307901	125307901	0.004320000
chr9	121289425	121289425	0.000410000
chr9	129608072	129608072	0.001400000
chr9	131669141	131669141	0.001400000
chr9	136404905	136404905	0.011970000
chr10	1465513	1465513	0.004320000
chr10	6220710	6220710	0.029910000
chr10	133070673	133070673	0.000100000
chr11	67374530	67374530	0.001400000
chr11	67374797	67374797	0.000410000
chr11	71548393	71548393	0.001400000
chr11	119684923	119684923	0.001400000
chr12	52088508	52088508	0.001400000
chr12	111437679	111437679	0.000023400
chr12	124427378	124427378	0.001400000
chr12	130633881	130633881	0.029910000
chr13	50129341	50129341	0.004320000
chr17	1733160	1733160	0.004320000
chr17	3732286	3732286	0.029910000
chr17	27475256	27475256	0.004320000
chr17	30727705	30727705	0.000023400
chr18	78562900	78562900	0.004320000
chr19	14560559	14560559	0.001400000
chr20	23082159	23082159	0.011970000
chr20	62064348	62064348	0.000410000
chr21	43925552	43925552	0.001400000
chr1	15177942	15177942	0.000410000
chr1	25199460	25199460	0.011970000
chr1	54096367	54096367	0.000004570
chr1	200368342	200368342	0.011970000
chr1	201021354	201021354	0.000410000
chr1	204288278	204288278	0.000410000
chr1	205648974	205648974	0.000100000
chr1	212488675	212488675	0.004320000
chr2	241188344	241188344	0.001400000
chr3	150944105	150944105	0.001400000
chr3	196646672	196646672	0.004320000
chr4	8411009	8411009	0.011970000
chr4	76216929	76216929	0.000410000
chr5	964447	964447	0.011970000
chr5	140795302	140795302	0.011970000
chr5	181244896	181244896	0.011970000
chr6	31572679	31572679	0.004320000
chr6	134115322	134115322	0.000410000
chr6	157461175	157461175	0.001400000
chr7	2730231	2730231	0.001400000
chr7	47475462	47475462	0.011970000
chr7	116570142	116570142	0.004320000
chr8	38473222	38473222	0.000410000
chr9	92713469	92713469	0.004320000
chr9	96100543	96100543	0.011970000
chr10	99927168	99927168	0.029910000
chr10	101228632	101228632	0.011970000
chr11	2656111	2656111	0.000100000
chr11	3167336	3167336	0.000410000
chr11	64341686	64341686	0.001400000
chr12	24951864	24951864	0.011970000
chr12	25388430	25388430	0.004320000
chr12	51974205	51974205	0.011970000
chr12	128795789	128795789	0.011970000
chr14	55440656	55440656	0.001400000
chr14	100829960	100829960	0.001400000
chr14	103699138	103699138	0.001400000
chr14	105285292	105285292	0.004320000
chr14	105577764	105577764	0.011970000
chr15	40151652	40151652	0.001400000
chr15	66498072	66498072	0.001400000
chr15	66729749	66729749	0.000100000
chr15	73983281	73983281	0.004320000
chr15	77994179	77994179	0.004320000
chr16	596579	596579	0.001400000
chr16	4053224	4053224	0.000410000
chr16	4690693	4690693	0.000100000
chr16	30357471	30357471	0.001400000
chr16	75111945	75111945	0.001400000
chr16	85329357	85329357	0.004320000
chr16	88070023	88070023	0.001400000
chr16	89060458	89060458	0.004320000
chr16	89335213	89335213	0.004320000
chr17	4004055	4004055	0.000410000
chr17	51335481	51335481	0.011970000
chr17	57456028	57456028	0.000100000
chr18	46335938	46335938	0.004320000
chr19	847943	847943	0.000410000
chr19	850975	850975	0.004320000
chr19	13836448	13836448	0.000410000
chr19	43753437	43753437	0.011970000
chr20	3226294	3226294	0.029910000
chr20	60055185	60055185	0.029910000
chr22	46685854	46685854	0.011970000
chr1	3673407	3673407	0.001400000
chr1	14801273	14801273	0.000023400
chr1	22879855	22879855	0.000410000
chr1	23558212	23558212	0.000100000
chr1	151853729	151853729	0.029910000
chr1	230825659	230825659	0.000023400
chr2	120860022	120860022	0.011970000
chr2	219208031	219208031	0.001400000
chr3	127013675	127013675	0.004320000
chr3	191330572	191330572	0.004320000
chr3	195615192	195615192	0.029910000
chr4	2320351	2320351	0.029910000
chr5	149037609	149037609	0.000100000
chr6	30148052	30148052	0.000023400
chr6	30651444	30651444	0.001400000
chr6	31879251	31879251	0.029910000
chr6	33161048	33161048	0.001400000
chr6	48068877	48068877	0.011970000
chr7	36389511	36389511	0.004320000
chr7	98203529	98203529	0.001400000
chr7	134932841	134932841	0.004320000
chr8	133026854	133026854	0.000410000
chr10	34199499	34199499	0.011970000
chr10	69439599	69439599	0.004320000
chr10	71740208	71740208	0.000410000
chr11	313478	313478	0.001400000
chr11	60867396	60867396	0.011970000
chr11	88175617	88175617	0.001400000
chr11	122159368	122159368	0.029910000
chr12	124380584	124380584	0.029910000
chr12	124456771	124456771	0.000023400
chr12	124797934	124797934	0.000410000
chr14	34012546	34012546	0.004320000
chr16	152483	152483	0.000410000
chr16	56607461	56607461	0.001400000
chr17	3695461	3695461	0.004320000
chr17	3801182	3801182	0.004320000
chr17	66191463	66191463	0.011970000
chr17	66579463	66579463	0.001400000
chr17	75318370	75318370	0.000004570
chr17	81600605	81600605	0.011970000
chr19	5038811	5038811	0.000023400
chr19	7669317	7669317	0.000004570
chr1	40981054	40981054	0.011970000
chr1	41321125	41321125	0.011970000
chr1	155981172	155981172	0.029910000
chr1	206905567	206905567	0.001400000
chr1	231020202	231020202	0.001400000
chr2	112159704	112159704	0.004320000
chr2	230828754	230828754	0.000410000
chr2	240704771	240704771	0.001400000
chr3	123104562	123104562	0.029910000
chr5	96743729	96743729	0.011970000
chr5	119355431	119355431	0.001400000
chr5	168409829	168409829	0.011970000
chr6	30883099	30883099	0.004320000
chr6	31900248	31900248	0.029910000
chr6	41937288	41937288	0.001400000
chr6	89951194	89951194	0.000410000
chr7	558822	558822	0.000000761
chr7	27144819	27144819	0.004320000
chr7	27214452	27214452	0.004320000
chr7	101927923	101927923	0.000410000
chr7	159061873	159061873	0.001400000
chr8	143948845	143948845	0.000410000
chr9	96383243	96383243	0.001400000
chr9	114132030	114132030	0.000100000
chr9	137211558	137211558	0.004320000
chr11	67365001	67365001	0.011970000
chr11	118527379	118527379	0.004320000
chr12	68749651	68749651	0.001400000
chr12	109463278	109463278	0.000410000
chr12	127593930	127593930	0.001400000
chr14	23372545	23372545	0.001400000
chr14	74619810	74619810	0.000004570
chr15	41483084	41483084	0.000100000
chr15	65978456	65978456	0.011970000
chr15	89588281	89588281	0.000023400
chr15	100787486	100787486	0.001400000
chr16	81493899	81493899	0.001400000
chr16	89122975	89122975	0.001400000
chr17	1032644	1032644	0.029910000
chr17	4536821	4536821	0.000410000
chr17	7018081	7018081	0.029910000
chr17	60560228	60560228	0.011970000
chr19	55549971	55549971	0.011970000
chr21	42499691	42499691	0.001400000
chr1	26554437	26554437	0.001400000
chr1	111504078	111504078	0.000410000
chr1	229158633	229158633	0.001400000
chr1	239386983	239386983	0.011970000
chr3	13022418	13022418	0.011970000
chr3	139653833	139653833	0.011970000
chr3	188179405	188179405	0.011970000
chr3	194130344	194130344	0.011970000
chr4	1173581	1173581	0.000100000
chr4	3021109	3021109	0.000410000
chr5	132822933	132822933	0.001400000
chr6	25027852	25027852	0.004320000
chr6	44222247	44222247	0.000410000
chr6	159978668	159978668	0.001400000
chr7	151744182	151744182	0.001400000
chr8	17414026	17414026	0.004320000
chr8	122783665	122783665	0.004320000
chr8	143732741	143732741	0.029910000
chr10	3455619	3455619	0.000410000
chr10	101001027	101001027	0.011970000
chr11	1746563	1746563	0.000100000
chr11	2898959	2898959	0.004320000
chr11	18248777	18248777	0.004320000
chr11	66974276	66974276	0.011970000
chr11	68955269	68955269	0.000004570
chr11	76326022	76326022	0.001400000
chr12	131852862	131852862	0.000023400
chr15	66803373	66803373	0.000000761
chr15	70713439	70713439	0.011970000
chr16	1102474	1102474	0.029910000
chr16	2234733	2234733	0.001400000
chr16	8891736	8891736	0.011970000
chr16	16014945	16014945	0.004320000
chr16	17106387	17106387	0.001400000
chr16	72928000	72928000	0.000410000
chr17	82860896	82860896	0.011970000
chr19	7702074	7702074	0.029910000
chr19	13978472	13978472	0.011970000
chr19	18659916	18659916	0.000023400
chr19	38878713	38878713	0.000023400
chr19	44742189	44742189	0.000410000
chr20	19886499	19886499	0.000410000
chr20	19975224	19975224	0.000410000
chr20	63340060	63340060	0.000100000
chr21	34075915	34075915	0.001400000
chr21	36977637	36977637	0.011970000
chr22	23762900	23762900	0.001400000
chr22	24427082	24427082	0.000410000
chr22	38213527	38213527	0.004320000
chr1	1009403	1009403	0.029910000
chr1	19087944	19087944	0.029910000
chr1	53410300	53410300	0.000410000
chr1	110482453	110482453	0.004320000
chr1	155253935	155253935	0.001400000
chr1	209397604	209397604	0.000410000
chr2	219250304	219250304	0.001400000
chr3	187901089	187901089	0.011970000
chr4	1021812	1021812	0.011970000
chr4	39170623	39170623	0.004320000
chr5	54881478	54881478	0.001400000
chr6	5282469	5282469	0.011970000
chr6	15674945	15674945	0.000410000
chr6	36129915	36129915	0.004320000
chr6	154039597	154039597	0.004320000
chr7	213703	213703	0.000100000
chr7	494326	494326	0.029910000
chr7	1000445	1000445	0.011970000
chr7	1980866	1980866	0.029910000
chr7	45937468	45937468	0.001400000
chr7	48088328	48088328	0.004320000
chr7	158915580	158915580	0.000410000
chr8	681115	681115	0.000004570
chr8	27610266	27610266	0.001400000
chr8	141152483	141152483	0.000410000
chr9	137549926	137549926	0.029910000
chr10	79177041	79177041	0.004320000
chr10	124640785	124640785	0.029910000
chr10	132563839	132563839	0.029910000
chr11	2411490	2411490	0.000100000
chr11	11982212	11982212	0.011970000
chr11	67437724	67437724	0.000410000
chr11	129618441	129618441	0.004320000
chr12	3261944	3261944	0.000023400
chr12	122947318	122947318	0.000410000
chr13	112913418	112913418	0.029910000
chr14	24634340	24634340	0.029910000
chr15	52532529	52532529	0.011970000
chr15	79283292	79283292	0.000410000
chr16	4299214	4299214	0.000023400
chr17	2939855	2939855	0.000410000
chr17	11240726	11240726	0.011970000
chr17	16027768	16027768	0.011970000
chr17	19537454	19537454	0.004320000
chr17	27471852	27471852	0.000410000
chr17	27532356	27532356	0.000100000
chr17	45425765	45425765	0.001400000
chr17	76528529	76528529	0.000023400
chr19	1444203	1444203	0.011970000
chr19	51710724	51710724	0.001400000
chr19	53058133	53058133	0.029910000
chr20	32764593	32764593	0.004320000
chr20	45407278	45407278	0.004320000
chr20	45890185	45890185	0.000100000
chr21	44990079	44990079	0.029910000
chr22	26485265	26485265	0.004320000
chr1	8417875	8417875	0.000100000
chr1	12054345	12054345	0.004320000
chr1	28899021	28899021	0.001400000
chr1	43300535	43300535	0.000023400
chr1	85134764	85134764	0.011970000
chr2	230926098	230926098	0.011970000
chr3	9168432	9168432	0.004320000
chr3	190533675	190533675	0.029910000
chr3	195762918	195762918	0.000100000
chr4	3045463	3045463	0.000410000
chr4	6927318	6927318	0.029910000
chr5	77029378	77029378	0.004320000
chr6	11779708	11779708	0.000410000
chr6	30883274	30883274	0.001400000
chr6	111663167	111663167	0.000410000
chr6	149485596	149485596	0.000410000
chr7	925898	925898	0.000100000
chr7	965112	965112	0.001400000
chr7	1023075	1023075	0.011970000
chr7	27364568	27364568	0.004320000
chr7	101718465	101718465	0.001400000
chr8	125637563	125637563	0.029910000
chr8	140544212	140544212	0.001400000
chr9	137762529	137762529	0.029910000
chr10	48671659	48671659	0.029910000
chr10	132644227	132644227	0.000100000
chr11	18266100	18266100	0.000023400
chr11	57675836	57675836	0.004320000
chr11	60867377	60867377	0.001400000
chr11	62707901	62707901	0.011970000
chr11	126434144	126434144	0.004320000
chr12	111766332	111766332	0.011970000
chr12	116466836	116466836	0.011970000
chr12	121145072	121145072	0.011970000
chr12	122985122	122985122	0.000410000
chr12	132496273	132496273	0.000410000
chr14	20730940	20730940	0.012930000
chr15	74653510	74653510	0.004320000
chr15	88615762	88615762	0.011970000
chr16	27426409	27426409	0.011970000
chr16	56655200	56655200	0.000410000
chr16	67653489	67653489	0.011970000
chr16	85222817	85222817	0.029910000
chr16	85978447	85978447	0.004320000
chr16	85978479	85978479	0.004320000
chr16	89599592	89599592	0.000410000
chr17	1474825	1474825	0.011970000
chr17	77449823	77449823	0.000410000
chr19	3369822	3369822	0.004320000
chr20	63918032	63918032	0.011970000
chr21	43757758	43757758	0.000023400
chr22	20406632	20406632	0.001400000
chr22	23563395	23563395	0.004320000
chr22	23690239	23690239	0.000100000
chr22	26481724	26481724	0.004320000
chr22	38219361	38219361	0.011970000
chr1	26318024	26318024	0.000100000
chr1	26999931	26999931	0.000410000
chr1	30751003	30751003	0.004320000
chr1	35886240	35886240	0.029910000
chr1	42838636	42838636	0.029910000
chr1	167094721	167094721	0.004320000
chr2	109336518	109336518	0.029910000
chr2	113218566	113218566	0.001400000
chr3	11271178	11271178	0.001400000
chr3	42664336	42664336	0.029910000
chr3	50300063	50300063	0.004320000
chr3	66582950	66582950	0.004320000
chr4	140300373	140300373	0.004320000
chr6	30883855	30883855	0.000410000
chr6	33278372	33278372	0.001400000
chr6	43799067	43799067	0.011970000
chr6	44000066	44000066	0.011970000
chr6	167122581	167122581	0.029910000
chr7	1086181	1086181	0.011970000
chr7	36208170	36208170	0.000100000
chr7	99897829	99897829	0.011970000
chr7	128240879	128240879	0.011970000
chr7	150389081	150389081	0.000410000
chr7	157431347	157431347	0.029910000
chr8	11768255	11768255	0.004320000
chr8	143732851	143732851	0.029910000
chr9	128100277	128100277	0.004320000
chr9	128216418	128216418	0.004320000
chr10	46461357	46461357	0.000100000
chr10	69056252	69056252	0.011970000
chr10	103679522	103679522	0.004320000
chr11	10451491	10451491	0.004320000
chr12	24584317	24584317	0.029910000
chr12	32899662	32899662	0.001400000
chr13	20438377	20438377	0.000004570
chr13	112343051	112343051	0.000410000
chr14	101064433	101064433	0.011970000
chr14	101561323	101561323	0.000410000
chr14	103925342	103925342	0.000100000
chr15	40054962	40054962	0.004320000
chr15	89396478	89396478	0.000100000
chr16	977357	977357	0.011970000
chr16	27402960	27402960	0.000004570
chr16	85623072	85623072	0.001400000
chr17	7014051	7014051	0.011970000
chr17	46027155	46027155	0.029910000
chr17	75765629	75765629	0.011970000
chr17	78134224	78134224	0.000410000
chr19	1926144	1926144	0.011970000
chr19	6040187	6040187	0.011970000
chr19	17097683	17097683	0.000023400
chr19	49499294	49499294	0.029910000
chr20	48832008	48832008	0.004320000
chr20	62915055	62915055	0.001400000
chr20	63978009	63978009	0.011970000
chr22	39100382	39100382	0.004320000
chr1	3388551	3388551	0.001400000
chr1	9852450	9852450	0.004320000
chr1	22289407	22289407	0.004320000
chr1	108591750	108591750	0.011970000
chr1	153358300	153358300	0.001400000
chr2	26500194	26500194	0.011970000
chr2	156435615	156435615	0.011970000
chr2	217921379	217921379	0.000410000
chr3	42589997	42589997	0.011970000
chr3	46982113	46982113	0.000023400
chr3	197674987	197674987	0.029910000
chr4	5205585	5205585	0.004320000
chr5	172491655	172491655	0.011970000
chr5	178382163	178382163	0.001400000
chr5	178468441	178468441	0.000023400
chr6	28919507	28919507	0.004320000
chr6	32519537	32519537	0.011970000
chr6	41474631	41474631	0.000410000
chr7	155358181	155358181	0.029910000
chr8	11861858	11861858	0.001400000
chr9	35616729	35616729	0.001400000
chr9	132238679	132238679	0.029910000
chr10	1662860	1662860	0.004320000
chr10	43141911	43141911	0.004320000
chr10	43396099	43396099	0.004320000
chr10	48607198	48607198	0.000410000
chr10	133009845	133009845	0.000410000
chr11	1760327	1760327	0.001400000
chr11	1931448	1931448	0.004320000
chr11	2689608	2689608	0.011970000
chr11	2825486	2825486	0.001400000
chr11	3093785	3093785	0.004320000
chr11	12377951	12377951	0.011970000
chr11	114173181	114173181	0.001400000
chr12	1500297	1500297	0.004320000
chr12	1500304	1500304	0.000410000
chr12	6638239	6638239	0.011970000
chr12	47801766	47801766	0.001400000
chr12	121534507	121534507	0.000023400
chr14	25121870	25121870	0.000023400
chr14	68958039	68958039	0.011970000
chr14	105605314	105605314	0.029910000
chr14	105668205	105668205	0.004320000
chr15	43880838	43880838	0.004320000
chr16	678470	678470	0.029910000
chr16	5067564	5067564	0.001400000
chr16	50288163	50288163	0.000410000
chr16	66144516	66144516	0.001400000
chr17	34361859	34361859	0.004320000
chr17	80823215	80823215	0.029910000
chr17	81841500	81841500	0.001400000
chr19	2255745	2255745	0.029910000
chr19	10663022	10663022	0.001400000
chr19	41755173	41755173	0.011970000
chr20	45105031	45105031	0.000410000
chr20	45419534	45419534	0.011970000
chr20	46684470	46684470	0.029910000
chr20	49280587	49280587	0.011970000
chr21	44999294	44999294	0.004320000
chr1	1164250	1164250	0.029910000
chr1	3373430	3373430	0.004320000
chr1	9233774	9233774	0.000410000
chr1	149931357	149931357	0.000410000
chr1	153360874	153360874	0.004320000
chr1	158179438	158179438	0.011970000
chr2	30234244	30234244	0.000100000
chr2	36696685	36696685	0.029910000
chr2	37768857	37768857	0.000023400
chr3	15341301	15341301	0.004320000
chr4	26452568	26452568	0.029910000
chr5	1474981	1474981	0.029910000
chr5	124744786	124744786	0.004320000
chr5	132002785	132002785	0.000100000
chr5	173016737	173016737	0.004320000
chr5	174745041	174745041	0.004320000
chr5	177530062	177530062	0.000410000
chr6	32142024	32142024	0.001400000
chr6	33173528	33173528	0.001400000
chr6	107846395	107846395	0.001400000
chr7	2762740	2762740	0.000023400
chr8	42207796	42207796	0.000410000
chr8	141173578	141173578	0.004320000
chr8	141339061	141339061	0.000410000
chr9	69466239	69466239	0.001400000
chr9	134385973	134385973	0.004320000
chr10	1489048	1489048	0.001400000
chr10	70135816	70135816	0.001400000
chr10	70456234	70456234	0.000410000
chr10	132847998	132847998	0.000004570
chr11	44905542	44905542	0.004320000
chr11	61005087	61005087	0.011970000
chr11	111230792	111230792	0.004320000
chr12	6548652	6548652	0.000100000
chr12	19197156	19197156	0.029910000
chr12	65278251	65278251	0.004320000
chr12	116818867	116818867	0.000100000
chr13	41461595	41461595	0.000100000
chr14	72545811	72545811	0.011970000
chr15	65364297	65364297	0.001400000
chr15	76339228	76339228	0.011970000
chr17	2070106	2070106	0.029910000
chr17	10838957	10838957	0.004320000
chr17	40560990	40560990	0.000410000
chr17	41624584	41624584	0.029910000
chr17	42406043	42406043	0.000004570
chr17	81966192	81966192	0.011970000
chr18	77112324	77112324	0.011970000
chr20	63686415	63686415	0.000410000
chr22	30078926	30078926	0.004320000
chr1	1509615	1509615	0.000000761
chr1	3091469	3091469	0.011970000
chr1	153773735	153773735	0.011970000
chr1	156540052	156540052	0.001400000
chr1	206923013	206923013	0.000100000
chr2	9472678	9472678	0.000023400
chr2	96144231	96144231	0.004320000
chr2	109239118	109239118	0.011970000
chr3	15441073	15441073	0.011970000
chr3	72996535	72996535	0.011970000
chr3	119782082	119782082	0.004320000
chr3	119807374	119807374	0.001400000
chr3	187669767	187669767	0.011970000
chr5	140205187	140205187	0.000023400
chr5	149428924	149428924	0.000410000
chr5	149430640	149430640	0.004320000
chr6	30651390	30651390	0.011970000
chr7	1023148	1023148	0.029910000
chr7	1824681	1824681	0.004320000
chr7	2020286	2020286	0.029910000
chr7	100642718	100642718	0.029910000
chr8	28341122	28341122	0.004320000
chr8	48317060	48317060	0.001400000
chr8	141227208	141227208	0.001400000
chr9	136696120	136696120	0.011970000
chr10	1489303	1489303	0.004320000
chr10	46282703	46282703	0.004320000
chr10	127012640	127012640	0.004320000
chr11	4394015	4394015	0.000410000
chr11	34161023	34161023	0.029910000
chr11	61950212	61950212	0.000100000
chr11	94909763	94909763	0.000100000
chr11	123145302	123145302	0.011970000
chr12	6548998	6548998	0.004320000
chr12	49605180	49605180	0.004320000
chr12	124539044	124539044	0.000100000
chr12	124815140	124815140	0.000023400
chr13	98571082	98571082	0.001400000
chr14	20801585	20801585	0.000410000
chr14	64601786	64601786	0.000023400
chr14	100142461	100142461	0.000410000
chr14	104688808	104688808	0.001400000
chr15	62874182	62874182	0.004320000
chr17	1761829	1761829	0.011970000
chr17	40098461	40098461	0.001400000
chr17	78041283	78041283	0.029910000
chr18	13502054	13502054	0.004320000
chr18	77112457	77112457	0.000410000
chr19	1160185	1160185	0.000410000
chr19	35714672	35714672	0.000410000
chr19	52603947	52603947	0.000023400
chr19	58033792	58033792	0.000410000
chr20	63779084	63779084	0.004320000
chr21	34374782	34374782	0.001400000
chr22	38318390	38318390	0.004320000
chr1	1509036	1509036	0.000000761
chr1	7406916	7406916	0.004320000
chr1	21587064	21587064	0.000410000
chr1	24735496	24735496	0.011970000
chr1	37029504	37029504	0.011970000
chr1	93615523	93615523	0.004320000
chr1	228866300	228866300	0.011970000
chr1	234758965	234758965	0.011970000
chr2	42568122	42568122	0.029910000
chr2	85705946	85705946	0.001400000
chr2	98823070	98823070	0.029910000
chr2	239275073	239275073	0.011970000
chr2	241188437	241188437	0.011970000
chr3	107957375	107957375	0.000100000
chr3	129058528	129058528	0.004320000
chr3	134621146	134621146	0.004320000
chr4	41981594	41981594	0.000100000
chr4	153498402	153498402	0.029910000
chr5	471056	471056	0.001400000
chr5	150154934	150154934	0.029910000
chr6	6750222	6750222	0.001400000
chr6	30716629	30716629	0.029910000
chr6	109978632	109978632	0.001400000
chr7	606159	606159	0.011970000
chr7	26397572	26397572	0.029910000
chr7	79454131	79454131	0.011970000
chr7	157594669	157594669	0.004320000
chr8	1417009	1417009	0.011970000
chr8	140578651	140578651	0.000410000
chr8	141084922	141084922	0.004960000
chr8	141287022	141287022	0.011970000
chr8	142741125	142741125	0.000004570
chr9	136694961	136694961	0.000410000
chr10	124545569	124545569	0.000100000
chr10	127737405	127737405	0.000410000
chr11	27319220	27319220	0.000410000
chr11	67650574	67650574	0.011970000
chr12	6041001	6041001	0.000410000
chr12	6962220	6962220	0.011970000
chr12	54291517	54291517	0.001400000
chr12	110011418	110011418	0.029910000
chr12	131860957	131860957	0.001400000
chr13	30374579	30374579	0.001400000
chr14	91394269	91394269	0.004320000
chr14	105629459	105629459	0.000004570
chr15	74430930	74430930	0.011970000
chr16	4239416	4239416	0.000410000
chr17	43696275	43696275	0.001400000
chr17	50624797	50624797	0.001400000
chr17	80877413	80877413	0.011970000
chr19	13979498	13979498	0.001400000
chr19	16544940	16544940	0.001400000
chr19	49334844	49334844	0.004320000
chr20	63941522	63941522	0.029910000
chr21	41953027	41953027	0.001400000
chr22	19449425	19449425	0.029910000
chr22	24407280	24407280	0.004320000
chr1	156291612	156291612	0.029910000
chr1	156959053	156959053	0.004320000
chr1	212415506	212415506	0.029910000
chr2	1865085	1865085	0.029910000
chr2	11612247	11612247	0.001400000
chr2	19763537	19763537	0.004320000
chr2	43168732	43168732	0.029910000
chr2	119695056	119695056	0.004320000
chr2	129723428	129723428	0.000410000
chr2	217977862	217977862	0.004320000
chr2	237869163	237869163	0.029910000
chr2	238569724	238569724	0.001400000
chr2	241871762	241871762	0.004320000
chr3	11556462	11556462	0.001400000
chr3	14817792	14817792	0.004320000
chr3	46677451	46677451	0.000023400
chr3	129794584	129794584	0.004320000
chr4	687651	687651	0.000100000
chr4	7800818	7800818	0.011970000
chr5	78534642	78534642	0.004320000
chr5	157574553	157574553	0.000023400
chr6	5087370	5087370	0.029910000
chr6	11044644	11044644	0.004320000
chr6	11771607	11771607	0.011970000
chr6	37553922	37553922	0.000023400
chr7	4651188	4651188	0.029910000
chr7	50308889	50308889	0.001400000
chr7	56081748	56081748	0.000410000
chr9	33159027	33159027	0.001400000
chr9	133701869	133701869	0.029910000
chr10	113273964	113273964	0.004320000
chr10	119536530	119536530	0.000410000
chr10	122141346	122141346	0.000410000
chr11	64638292	64638292	0.004320000
chr11	72758506	72758506	0.000023400
chr11	118893154	118893154	0.000023400
chr12	4288866	4288866	0.004320000
chr12	113090959	113090959	0.011970000
chr12	123132270	123132270	0.029910000
chr13	40481048	40481048	0.011970000
chr14	95714069	95714069	0.000023400
chr14	105385935	105385935	0.001400000
chr14	105944810	105944810	0.011970000
chr15	62475727	62475727	0.011970000
chr15	73989642	73989642	0.000100000
chr15	89748525	89748525	0.000410000
chr16	2934573	2934573	0.001400000
chr16	4769303	4769303	0.004320000
chr16	85445302	85445302	0.029910000
chr17	2939963	2939963	0.001400000
chr17	7208095	7208095	0.000023400
chr17	19002466	19002466	0.011970000
chr17	34363348	34363348	0.001400000
chr17	41490742	41490742	0.004320000
chr17	46851150	46851150	0.004320000
chr17	49251959	49251959	0.000023400
chr17	75060092	75060092	0.000410000
chr19	345778	345778	0.000100000
chr19	11345247	11345247	0.004320000
chr20	33685323	33685323	0.011970000
chr22	24427173	24427173	0.011970000
chr1	2148642	2148642	0.029910000
chr1	3910239	3910239	0.029910000
chr1	16229754	16229754	0.000410000
chr1	84893651	84893651	0.011970000
chr1	111386741	111386741	0.011970000
chr1	243482609	243482609	0.000023400
chr2	36376400	36376400	0.000100000
chr2	238569799	238569799	0.000100000
chr3	73625019	73625019	0.000100000
chr4	689983	689983	0.001400000
chr4	4660225	4660225	0.000023400
chr4	6008348	6008348	0.000410000
chr6	1643390	1643390	0.004320000
chr6	10839175	10839175	0.011970000
chr6	29943781	29943781	0.001400000
chr6	30688317	30688317	0.029910000
chr6	30716701	30716701	0.011970000
chr6	30955204	30955204	0.000410000
chr6	32664557	32664557	0.029910000
chr6	146543252	146543252	0.000410000
chr7	1177297	1177297	0.011970000
chr7	1979973	1979973	0.004320000
chr7	27145118	27145118	0.001400000
chr7	77245575	77245575	0.004320000
chr7	135164881	135164881	0.011970000
chr7	142247109	142247109	0.004320000
chr8	1373209	1373209	0.029910000
chr8	22059342	22059342	0.004320000
chr8	24915000	24915000	0.001400000
chr8	125436595	125436595	0.004320000
chr8	140047232	140047232	0.029910000
chr9	81693335	81693335	0.029910000
chr9	136013118	136013118	0.004320000
chr10	59290302	59290302	0.001400000
chr10	72089366	72089366	0.001400000
chr10	89352172	89352172	0.011970000
chr10	96272207	96272207	0.011970000
chr10	101740685	101740685	0.004320000
chr10	124545550	124545550	0.000100000
chr11	44905671	44905671	0.011970000
chr11	68011171	68011171	0.001400000
chr14	22836376	22836376	0.001400000
chr14	76123551	76123551	0.004320000
chr16	2124753	2124753	0.011970000
chr16	4615306	4615306	0.000100000
chr16	11741706	11741706	0.004320000
chr16	28743389	28743389	0.011970000
chr16	81648879	81648879	0.001400000
chr16	88119380	88119380	0.001400000
chr16	88840126	88840126	0.011970000
chr17	870043	870043	0.004320000
chr17	45425633	45425633	0.011970000
chr17	64324040	64324040	0.001400000
chr19	12943613	12943613	0.029910000
chr19	35711488	35711488	0.004320000
chr21	44354411	44354411	0.000410000
chr22	46364698	46364698	0.011970000
chr22	50187497	50187497	0.011970000
chr1	2413929	2413929	0.004320000
chr1	14371093	14371093	0.004320000
chr1	54096448	54096448	0.001400000
chr1	112957762	112957762	0.011970000
chr1	153698379	153698379	0.001400000
chr1	154403868	154403868	0.004320000
chr1	154970873	154970873	0.001400000
chr1	180935778	180935778	0.029910000
chr1	234499828	234499828	0.029910000
chr2	54630133	54630133	0.011970000
chr2	85410728	85410728	0.004320000
chr2	96867898	96867898	0.000410000
chr2	109350716	109350716	0.004320000
chr2	218004031	218004031	0.004320000
chr2	239240228	239240228	0.000023400
chr3	114309012	114309012	0.001400000
chr3	195807983	195807983	0.001400000
chr4	38069377	38069377	0.000410000
chr5	78508558	78508558	0.000410000
chr5	140261945	140261945	0.000410000
chr5	157540893	157540893	0.001400000
chr5	178302223	178302223	0.029910000
chr6	32148814	32148814	0.001400000
chr6	35034820	35034820	0.004320000
chr6	37649348	37649348	0.029910000
chr6	41728559	41728559	0.000100000
chr6	43715102	43715102	0.011970000
chr7	713078	713078	0.000100000
chr7	2145915	2145915	0.004320000
chr7	5407722	5407722	0.000410000
chr7	150407998	150407998	0.011970000
chr8	143814006	143814006	0.000410000
chr9	93004325	93004325	0.004320000
chr9	133702217	133702217	0.001400000
chr9	137608474	137608474	0.004320000
chr10	110393057	110393057	0.011970000
chr10	110496759	110496759	0.004320000
chr11	8193654	8193654	0.011970000
chr11	64934438	64934438	0.004320000
chr11	69445503	69445503	0.000100000
chr11	129694478	129694478	0.000410000
chr11	133930905	133930905	0.000410000
chr12	6957451	6957451	0.029910000
chr12	14952720	14952720	0.011970000
chr12	57816130	57816130	0.000410000
chr12	113058321	113058321	0.011970000
chr12	122006715	122006715	0.001400000
chr13	113607671	113607671	0.000410000
chr13	114047442	114047442	0.000100000
chr14	23118953	23118953	0.000410000
chr14	105856058	105856058	0.011970000
chr15	89361642	89361642	0.029910000
chr16	88681183	88681183	0.004320000
chr16	88766068	88766068	0.004320000
chr17	1725433	1725433	0.000410000
chr17	7929919	7929919	0.011970000
chr17	39166477	39166477	0.029910000
chr17	41612961	41612961	0.000100000
chr17	42563218	42563218	0.011970000
chr17	42648035	42648035	0.001400000
chr17	57133537	57133537	0.011970000
chr17	81452770	81452770	0.029910000
chr17	81835206	81835206	0.000100000
chr17	82861144	82861144	0.004320000
chr18	23137447	23137447	0.011970000
chr19	643555	643555	0.029910000
chr19	4539931	4539931	0.000410000
chr19	7702203	7702203	0.011970000
chr19	45721027	45721027	0.001400000
chr19	54662076	54662076	0.011970000
chr21	34374795	34374795	0.004320000
chr21	38272410	38272410	0.029910000
chr22	24494826	24494826	0.001400000
chr22	50409138	50409138	0.000100000
chr1	2240395	2240395	0.000100000
chr1	21293420	21293420	0.004320000
chr1	21889939	21889939	0.001400000
chr1	24559173	24559173	0.004320000
chr1	114122995	114122995	0.001400000
chr1	200892469	200892469	0.004320000
chr1	201014185	201014185	0.001400000
chr1	228227673	228227673	0.001400000
chr2	46955206	46955206	0.001400000
chr2	74816015	74816015	0.011970000
chr2	114662163	114662163	0.004320000
chr2	173998096	173998096	0.004320000
chr2	239230561	239230561	0.001400000
chr3	13004396	13004396	0.004320000
chr3	49655104	49655104	0.011970000
chr3	51381696	51381696	0.001400000
chr4	3342427	3342427	0.001400000
chr4	87219284	87219284	0.000410000
chr5	101783380	101783380	0.011970000
chr5	136029297	136029297	0.001400000
chr5	176578050	176578050	0.000410000
chr6	30071658	30071658	0.011970000
chr6	31545529	31545529	0.001400000
chr6	39923529	39923529	0.011970000
chr6	43489246	43489246	0.004320000
chr6	46325997	46325997	0.004320000
chr7	1844240	1844240	0.029910000
chr7	6400970	6400970	0.000023400
chr7	76276717	76276717	0.000410000
chr7	100015150	100015150	0.000023400
chr7	135171902	135171902	0.004320000
chr7	143351976	143351976	0.000410000
chr9	93135031	93135031	0.011970000
chr10	3781598	3781598	0.029910000
chr11	47355434	47355434	0.004320000
chr11	64091408	64091408	0.004320000
chr11	78214053	78214053	0.011970000
chr11	130421261	130421261	0.004320000
chr12	1921012	1921012	0.000410000
chr12	54218144	54218144	0.011970000
chr12	112856018	112856018	0.000410000
chr12	113057896	113057896	0.000410000
chr14	90570701	90570701	0.000004570
chr16	1390497	1390497	0.004320000
chr16	11500701	11500701	0.004320000
chr16	23945951	23945951	0.011970000
chr16	87201289	87201289	0.011970000
chr16	87555287	87555287	0.004320000
chr17	27472186	27472186	0.011970000
chr17	48590375	48590375	0.001400000
chr17	77885150	77885150	0.000100000
chr17	81835121	81835121	0.000410000
chr19	38813135	38813135	0.001400000
chr19	39430895	39430895	0.011970000
chr19	48937279	48937279	0.000410000
chr19	55549982	55549982	0.029910000
chr20	3680168	3680168	0.001400000
chr20	36866432	36866432	0.004320000
chr22	36913445	36913445	0.011970000
chr1	16686233	16686233	0.001400000
chr1	34792257	34792257	0.004320000
chr1	38508439	38508439	0.000410000
chr1	153561446	153561446	0.000410000
chr1	201737235	201737235	0.011970000
chr1	205012658	205012658	0.000100000
chr1	206555771	206555771	0.001400000
chr1	228212516	228212516	0.004320000
chr2	26001559	26001559	0.004320000
chr2	216974526	216974526	0.001400000
chr2	219209486	219209486	0.000004570
chr2	234994898	234994898	0.011970000
chr3	48447887	48447887	0.000410000
chr4	8290475	8290475	0.001400000
chr4	152585115	152585115	0.000023400
chr5	76426492	76426492	0.011970000
chr5	139740545	139740545	0.029910000
chr5	142831597	142831597	0.000100000
chr5	159330448	159330448	0.000410000
chr5	177410919	177410919	0.029910000
chr6	3848670	3848670	0.000410000
chr6	31120575	31120575	0.001400000
chr6	32153118	32153118	0.004320000
chr6	33432751	33432751	0.004320000
chr6	41939460	41939460	0.000410000
chr6	43909920	43909920	0.029910000
chr7	2607405	2607405	0.000100000
chr7	5484060	5484060	0.004320000
chr7	157854549	157854549	0.000023400
chr8	11710387	11710387	0.011970000
chr8	56019180	56019180	0.000100000
chr9	79834944	79834944	0.004320000
chr9	128092034	128092034	0.000023400
chr9	136371841	136371841	0.004320000
chr10	45425037	45425037	0.004320000
chr10	110701206	110701206	0.011970000
chr10	128928437	128928437	0.029910000
chr10	129056172	129056172	0.004320000
chr11	2022481	2022481	0.004320000
chr11	2534267	2534267	0.000000761
chr11	44710143	44710143	0.000100000
chr11	45882203	45882203	0.004320000
chr11	55873608	55873608	0.000410000
chr11	117824771	117824771	0.004320000
chr12	103302105	103302105	0.011970000
chr12	132606300	132606300	0.001400000
chr13	110135176	110135176	0.000410000
chr14	69593618	69593618	0.004320000
chr14	71245928	71245928	0.011970000
chr14	101477317	101477317	0.004320000
chr15	74902764	74902764	0.004320000
chr16	66366508	66366508	0.000023400
chr17	40561023	40561023	0.000570000
chr17	45425778	45425778	0.004320000
chr17	63841378	63841378	0.004320000
chr17	78977246	78977246	0.029910000
chr17	81461010	81461010	0.004320000
chr17	81843911	81843911	0.000100000
chr18	77250716	77250716	0.004320000
chr19	2250902	2250902	0.029910000
chr19	38256109	38256109	0.000410000
chr19	51124858	51124858	0.000410000
chr22	37675670	37675670	0.001400000
chr22	39098170	39098170	0.029910000
chr22	39363987	39363987	0.001400000
chr1	920679	920679	0.001400000
chr1	9688913	9688913	0.004320000
chr1	24927638	24927638	0.001400000
chr1	201016561	201016561	0.000410000
chr2	64274000	64274000	0.000410000
chr2	127523758	127523758	0.011970000
chr2	156435601	156435601	0.004320000
chr2	172204525	172204525	0.004320000
chr2	238127323	238127323	0.029910000
chr2	240277280	240277280	0.000410000
chr4	2761299	2761299	0.011970000
chr5	8457608	8457608	0.011970000
chr5	132253859	132253859	0.001400000
chr5	177553152	177553152	0.000410000
chr6	5764583	5764583	0.029910000
chr6	15505229	15505229	0.000023400
chr6	28355351	28355351	0.001400000
chr6	30913707	30913707	0.011970000
chr6	31776562	31776562	0.000004570
chr6	35488535	35488535	0.001400000
chr6	48068881	48068881	0.004320000
chr7	27166454	27166454	0.011970000
chr8	1777013	1777013	0.000410000
chr8	23226065	23226065	0.011970000
chr9	34710138	34710138	0.029910000
chr10	71553198	71553198	0.004320000
chr10	73867386	73867386	0.000410000
chr10	80413814	80413814	0.001400000
chr11	829035	829035	0.000100000
chr11	843943	843943	0.000100000
chr11	44605200	44605200	0.001400000
chr11	64638447	64638447	0.001400000
chr11	118087389	118087389	0.000100000
chr12	52435532	52435532	0.004320000
chr12	57523606	57523606	0.000023400
chr13	44231919	44231919	0.000410000
chr14	64763569	64763569	0.029910000
chr15	40072661	40072661	0.029910000
chr15	40808110	40808110	0.029910000
chr15	63602097	63602097	0.000100000
chr15	78626187	78626187	0.001400000
chr15	99732546	99732546	0.000410000
chr16	28507064	28507064	0.011970000
chr16	50062956	50062956	0.000410000
chr16	50709116	50709116	0.029910000
chr16	85262614	85262614	0.000410000
chr17	3921090	3921090	0.011970000
chr17	8912524	8912524	0.000410000
chr17	42900712	42900712	0.011970000
chr17	47855940	47855940	0.000410000
chr17	49854228	49854228	0.001400000
chr17	74834012	74834012	0.029910000
chr17	81452808	81452808	0.001400000
chr18	48413479	48413479	0.000410000
chr19	840985	840985	0.000100000
chr19	2235104	2235104	0.011970000
chr19	18307246	18307246	0.000100000
chr19	18657878	18657878	0.000410000
chr19	19110583	19110583	0.004320000
chr19	35124088	35124088	0.029910000
chr19	55689025	55689025	0.000410000
chr19	58033965	58033965	0.011970000
chr20	63639187	63639187	0.001400000
chr21	38774025	38774025	0.029910000
chr22	20734518	20734518	0.001400000
chr22	31340990	31340990	0.011970000
chr22	38204327	38204327	0.001400000
chr1	9070827	9070827	0.029910000
chr1	12194666	12194666	0.000100000
chr1	36320258	36320258	0.011970000
chr1	66553142	66553142	0.004320000
chr1	93608477	93608477	0.004320000
chr1	158354541	158354541	0.029910000
chr1	201422974	201422974	0.001400000
chr1	225926865	225926865	0.001400000
chr2	172196987	172196987	0.011970000
chr2	218886620	218886620	0.011970000
chr2	231400373	231400373	0.004320000
chr2	241771524	241771524	0.000004570
chr3	4868990	4868990	0.011970000
chr3	42653311	42653311	0.011970000
chr3	46933475	46933475	0.001400000
chr3	147407927	147407927	0.000023400
chr3	171797422	171797422	0.001400000
chr3	195763162	195763162	0.001400000
chr4	1414201	1414201	0.000410000
chr5	1857363	1857363	0.001400000
chr5	154850581	154850581	0.011970000
chr6	2901478	2901478	0.004320000
chr6	6725139	6725139	0.001400000
chr6	32852325	32852325	0.011970000
chr6	157708069	157708069	0.000100000
chr6	158564793	158564793	0.029910000
chr7	2567162	2567162	0.004320000
chr7	5479256	5479256	0.011970000
chr8	10350747	10350747	0.029910000
chr8	22668146	22668146	0.004320000
chr8	30414986	30414986	0.011970000
chr8	42411524	42411524	0.000410000
chr8	42499353	42499353	0.004320000
chr9	95751036	95751036	0.001400000
chr9	120383606	120383606	0.004320000
chr9	133968777	133968777	0.000410000
chr9	136348947	136348947	0.029910000
chr10	44008419	44008419	0.011970000
chr10	124619917	124619917	0.011970000
chr10	132594438	132594438	0.000000761
chr11	1746545	1746545	0.001400000
chr11	1851523	1851523	0.001400000
chr11	47351449	47351449	0.001400000
chr12	2451858	2451858	0.004320000
chr12	6840096	6840096	0.004320000
chr12	14260251	14260251	0.004320000
chr12	49002999	49002999	0.029910000
chr12	121797300	121797300	0.000100000
chr13	52847553	52847553	0.004320000
chr13	114069447	114069447	0.001400000
chr14	77001048	77001048	0.029910000
chr14	104591897	104591897	0.011970000
chr16	29130373	29130373	0.011970000
chr16	72921351	72921351	0.001400000
chr16	86490956	86490956	0.004320000
chr16	87414314	87414314	0.000410000
chr17	7550060	7550060	0.011970000
chr17	18982124	18982124	0.001400000
chr17	63968162	63968162	0.011970000
chr17	74032575	74032575	0.000410000
chr17	80472067	80472067	0.001400000
chr17	81448656	81448656	0.029910000
chr19	40226877	40226877	0.000100000
chr19	51124586	51124586	0.001400000
chr20	31517747	31517747	0.000023400
chr20	62812399	62812399	0.001400000
chr22	20624307	20624307	0.000410000
chr22	46289575	46289575	0.004320000
chr22	50599950	50599950	0.000023400
chr1	12125788	12125788	0.001400000
chr1	37795520	37795520	0.004320000
chr1	41918803	41918803	0.029910000
chr1	65066181	65066181	0.011970000
chr1	154993096	154993096	0.004320000
chr1	159954071	159954071	0.001400000
chr1	200877968	200877968	0.029910000
chr1	228144562	228144562	0.029910000
chr1	235883734	235883734	0.011970000
chr2	27078501	27078501	0.000023400
chr2	47655462	47655462	0.004320000
chr2	158454556	158454556	0.001400000
chr2	169111070	169111070	0.000100000
chr4	7052973	7052973	0.001400000
chr4	82710431	82710431	0.001400000
chr4	186555419	186555419	0.029910000
chr5	74867099	74867099	0.000004570
chr5	177429844	177429844	0.029910000
chr5	179793273	179793273	0.000100000
chr6	21831820	21831820	0.004320000
chr6	30883052	30883052	0.004320000
chr6	31126408	31126408	0.001400000
chr6	42915886	42915886	0.001400000
chr6	146598796	146598796	0.004320000
chr7	541066	541066	0.029910000
chr7	139714774	139714774	0.011970000
chr8	41825062	41825062	0.000410000
chr8	120812689	120812689	0.000410000
chr9	36989130	36989130	0.011970000
chr9	128727761	128727761	0.000410000
chr9	128920580	128920580	0.004320000
chr10	47137540	47137540	0.004320000
chr10	102556306	102556306	0.004320000
chr10	104317983	104317983	0.029910000
chr10	124566092	124566092	0.011970000
chr10	126014015	126014015	0.000410000
chr11	3626783	3626783	0.000410000
chr11	27626777	27626777	0.004320000
chr11	61972686	61972686	0.001400000
chr11	124898052	124898052	0.004320000
chr12	32217999	32217999	0.000410000
chr12	56020706	56020706	0.011970000
chr12	75960235	75960235	0.011970000
chr12	122730463	122730463	0.004320000
chr12	124874719	124874719	0.001400000
chr12	132505959	132505959	0.000023400
chr13	20359740	20359740	0.029910000
chr13	27792677	27792677	0.029910000
chr14	65303507	65303507	0.004320000
chr14	91228673	91228673	0.004320000
chr14	93090209	93090209	0.011970000
chr14	94624047	94624047	0.000410000
chr14	104085695	104085695	0.011970000
chr14	104545628	104545628	0.011970000
chr14	105708331	105708331	0.011970000
chr15	26298670	26298670	0.011970000
chr16	11586219	11586219	0.000410000
chr16	28609965	28609965	0.000410000
chr16	56961901	56961901	0.000023400
chr16	85063060	85063060	0.011970000
chr16	85063545	85063545	0.004320000
chr17	1231617	1231617	0.004320000
chr17	39652086	39652086	0.011970000
chr17	58282217	58282217	0.011970000
chr17	75646423	75646423	0.000410000
chr17	77477528	77477528	0.011970000
chr17	78339103	78339103	0.011970000
chr17	80780026	80780026	0.000410000
chr19	10103046	10103046	0.029910000
chr19	17846297	17846297	0.004320000
chr19	58034469	58034469	0.000410000
chr20	63775075	63775075	0.011970000
chr21	32813812	32813812	0.000410000
chr21	44391549	44391549	0.001400000
chr22	17087273	17087273	0.004320000
chr22	43996504	43996504	0.011970000
chr22	46289756	46289756	0.029910000
chr22	49850071	49850071	0.029910000
chr1	9730558	9730558	0.011970000
chr1	37996874	37996874	0.011970000
chr1	44499468	44499468	0.029910000
chr1	113979231	113979231	0.011970000
chr1	151729373	151729373	0.004320000
chr1	151834417	151834417	0.001400000
chr1	153616451	153616451	0.000023400
chr1	203765268	203765268	0.004320000
chr1	226119532	226119532	0.001400000
chr1	245587360	245587360	0.011970000
chr3	42652652	42652652	0.004320000
chr3	46677596	46677596	0.000023400
chr3	62415431	62415431	0.011970000
chr3	98891740	98891740	0.004320000
chr3	195450964	195450964	0.000410000
chr4	1413804	1413804	0.001400000
chr5	134100677	134100677	0.000023400
chr5	150507899	150507899	0.001400000
chr5	170389788	170389788	0.001400000
chr6	209763	209763	0.004320000
chr6	32082176	32082176	0.011970000
chr6	32584249	32584249	0.011970000
chr6	36677323	36677323	0.001400000
chr6	161650108	161650108	0.004320000
chr6	170250633	170250633	0.000100000
chr7	28062722	28062722	0.004320000
chr7	129368338	129368338	0.004320000
chr7	130485670	130485670	0.004320000
chr8	23304251	23304251	0.004320000
chr8	42499119	42499119	0.004320000
chr8	71832962	71832962	0.001400000
chr8	138871142	138871142	0.011970000
chr8	140558553	140558553	0.011970000
chr8	142254691	142254691	0.004320000
chr9	94332853	94332853	0.004320000
chr10	97321739	97321739	0.029910000
chr10	114708229	114708229	0.004320000
chr10	124010573	124010573	0.000023400
chr11	914849	914849	0.000000106
chr11	59809888	59809888	0.000023400
chr11	66337010	66337010	0.001400000
chr11	70609173	70609173	0.000410000
chr11	73367791	73367791	0.000410000
chr11	111379561	111379561	0.001400000
chr11	128824408	128824408	0.004320000
chr12	6362085	6362085	0.000100000
chr12	14260756	14260756	0.004320000
chr12	124774402	124774402	0.001400000
chr12	131775234	131775234	0.029910000
chr13	112689062	112689062	0.011970000
chr14	94390647	94390647	0.000410000
chr14	101636400	101636400	0.029910000
chr14	105016285	105016285	0.000410000
chr14	105855646	105855646	0.000410000
chr15	89329753	89329753	0.029910000
chr16	21499890	21499890	0.001400000
chr16	24125471	24125471	0.011970000
chr16	68972925	68972925	0.000410000
chr17	331497	331497	0.004320000
chr17	1191202	1191202	0.000410000
chr17	4002541	4002541	0.004320000
chr17	7740755	7740755	0.029910000
chr17	18025719	18025719	0.004320000
chr17	32288906	32288906	0.029910000
chr17	33110631	33110631	0.004320000
chr17	40994078	40994078	0.004320000
chr17	76142275	76142275	0.001400000
chr17	80891714	80891714	0.004320000
chr17	80956100	80956100	0.004320000
chr17	81841673	81841673	0.000410000
chr17	81966144	81966144	0.011970000
chr17	82914585	82914585	0.000410000
chr18	12041673	12041673	0.011970000
chr18	79411010	79411010	0.029910000
chr19	617133	617133	0.029910000
chr19	848026	848026	0.029910000
chr19	4544083	4544083	0.004320000
chr19	10102595	10102595	0.029910000
chr20	916957	916957	0.029910000
chr20	34366207	34366207	0.004320000
chr20	48828895	48828895	0.029910000
chr21	41957468	41957468	0.000410000
chr22	50308611	50308611	0.004320000
chr1	18380985	18380985	0.001400000
chr1	25676044	25676044	0.000410000
chr1	54547316	54547316	0.004320000
chr1	54548283	54548283	0.029910000
chr1	151613582	151613582	0.001400000
chr1	160646814	160646814	0.004320000
chr1	166070517	166070517	0.000410000
chr1	228164748	228164748	0.000410000
chr2	64405502	64405502	0.004320000
chr2	69243746	69243746	0.004320000
chr2	72974348	72974348	0.000100000
chr2	96860385	96860385	0.000410000
chr2	106887713	106887713	0.000100000
chr2	109614055	109614055	0.004320000
chr2	215613570	215613570	0.011970000
chr2	239578106	239578106	0.001400000
chr3	53130946	53130946	0.011970000
chr3	53153197	53153197	0.000410000
chr3	124273078	124273078	0.001400000
chr3	129427888	129427888	0.001400000
chr3	197354783	197354783	0.000410000
chr4	2387331	2387331	0.000023400
chr4	6889537	6889537	0.029910000
chr5	957396	957396	0.011970000
chr5	107487148	107487148	0.004320000
chr5	135493790	135493790	0.000410000
chr5	172558351	172558351	0.011970000
chr5	173789168	173789168	0.004320000
chr6	5214717	5214717	0.001400000
chr6	14924862	14924862	0.011970000
chr6	19691941	19691941	0.001400000
chr6	25027358	25027358	0.000410000
chr6	30883752	30883752	0.000410000
chr6	31178640	31178640	0.011970000
chr6	36024025	36024025	0.004320000
chr6	36701981	36701981	0.000023400
chr7	2760802	2760802	0.004320000
chr7	25179579	25179579	0.004320000
chr7	36021453	36021453	0.011970000
chr7	101953124	101953124	0.001400000
chr7	102291619	102291619	0.000410000
chr8	4992000	4992000	0.000410000
chr8	48870497	48870497	0.001400000
chr9	129484731	129484731	0.029910000
chr10	70754592	70754592	0.000410000
chr10	124418045	124418045	0.001400000
chr10	126062401	126062401	0.000410000
chr10	132445315	132445315	0.011970000
chr11	2287359	2287359	0.001400000
chr11	2385693	2385693	0.000410000
chr11	2899035	2899035	0.000000761
chr11	65547559	65547559	0.000023400
chr11	66337014	66337014	0.011970000
chr11	68838043	68838043	0.004320000
chr11	76673576	76673576	0.011970000
chr11	118264555	118264555	0.011970000
chr11	121482854	121482854	0.000100000
chr12	4441761	4441761	0.011970000
chr12	19988788	19988788	0.001400000
chr12	128796909	128796909	0.011970000
chr13	27268141	27268141	0.004320000
chr14	56811992	56811992	0.000410000
chr14	101073152	101073152	0.000410000
chr14	102907660	102907660	0.001400000
chr14	102949785	102949785	0.000410000
chr15	93071810	93071810	0.011970000
chr15	96332427	96332427	0.011970000
chr16	2847073	2847073	0.029910000
chr16	4081583	4081583	0.011970000
chr16	4511544	4511544	0.004320000
chr16	50259619	50259619	0.029910000
chr16	50696474	50696474	0.000100000
chr16	66847989	66847989	0.011970000
chr17	4728527	4728527	0.001400000
chr17	6444771	6444771	0.000023400
chr17	19724979	19724979	0.000410000
chr17	28721957	28721957	0.011970000
chr17	47981744	47981744	0.004320000
chr17	48573824	48573824	0.029910000
chr17	63696814	63696814	0.004320000
chr17	66877219	66877219	0.001400000
chr17	75320424	75320424	0.029910000
chr17	80846591	80846591	0.011970000
chr19	12886604	12886604	0.001400000
chr19	14562241	14562241	0.029910000
chr19	18000580	18000580	0.000100000
chr20	63361142	63361142	0.029910000
chr22	42152792	42152792	0.000100000
chr1	1907079	1907079	0.029910000
chr1	2299201	2299201	0.029910000
chr1	2497497	2497497	0.004320000
chr1	15951050	15951050	0.011970000
chr1	17419790	17419790	0.029910000
chr1	31423545	31423545	0.004320000
chr1	110192490	110192490	0.001400000
chr1	153357305	153357305	0.004320000
chr1	153566488	153566488	0.001400000
chr1	206505862	206505862	0.011970000
chr2	8644683	8644683	0.001400000
chr2	43170979	43170979	0.011970000
chr2	45170897	45170897	0.000410000
chr2	85936508	85936508	0.000100000
chr2	96143063	96143063	0.000410000
chr2	170717329	170717329	0.000410000
chr2	218261026	218261026	0.004320000
chr2	231617860	231617860	0.000000761
chr2	235711181	235711181	0.000023400
chr2	239275181	239275181	0.011970000
chr3	23915995	23915995	0.011970000
chr3	127591448	127591448	0.011970000
chr3	133927251	133927251	0.000023400
chr3	196646727	196646727	0.011970000
chr4	651992	651992	0.029910000
chr4	6282304	6282304	0.004320000
chr6	167652764	167652764	0.004320000
chr7	30789389	30789389	0.029910000
chr7	44985481	44985481	0.004320000
chr8	26574220	26574220	0.000410000
chr8	102808386	102808386	0.004320000
chr8	141085088	141085088	0.001400000
chr8	141418868	141418868	0.029910000
chr8	144275448	144275448	0.001400000
chr9	131729823	131729823	0.000410000
chr10	43371576	43371576	0.000100000
chr10	70716422	70716422	0.029910000
chr10	129769757	129769757	0.000100000
chr10	132547515	132547515	0.011970000
chr11	67303267	67303267	0.004320000
chr11	67438268	67438268	0.011970000
chr12	38151283	38151283	0.000410000
chr12	52192002	52192002	0.001400000
chr13	113411759	113411759	0.000410000
chr14	95651078	95651078	0.001400000
chr14	103192734	103192734	0.001400000
chr14	104450977	104450977	0.004320000
chr14	105856324	105856324	0.001400000
chr15	74422122	74422122	0.011970000
chr15	79329441	79329441	0.001400000
chr16	11994180	11994180	0.004320000
chr16	67147563	67147563	0.004320000
chr16	67198557	67198557	0.001400000
chr16	84844358	84844358	0.001400000
chr16	88959139	88959139	0.000023400
chr17	29572558	29572558	0.001400000
chr17	44762637	44762637	0.004320000
chr17	50195640	50195640	0.029910000
chr17	57750723	57750723	0.000100000
chr17	80880166	80880166	0.011970000
chr17	81161271	81161271	0.000023400
chr18	23137729	23137729	0.000410000
chr19	827776	827776	0.029910000
chr19	42595693	42595693	0.011970000
chr19	48048247	48048247	0.001400000
chr20	9503693	9503693	0.000023400
chr20	46558784	46558784	0.004320000
chr21	41419940	41419940	0.001400000
chr21	43812714	43812714	0.004320000
chr21	43971485	43971485	0.000410000
chr22	30426522	30426522	0.004320000
chr22	42770341	42770341	0.011970000
chr22	43996628	43996628	0.001400000
chr22	44180388	44180388	0.011970000
chr1	2299229	2299229	0.029910000
chr1	3230341	3230341	0.011970000
chr1	11501440	11501440	0.029910000
chr1	12596219	12596219	0.011970000
chr1	33143908	33143908	0.004320000
chr1	46602964	46602964	0.004320000
chr1	91570461	91570461	0.000410000
chr1	153541966	153541966	0.000410000
chr1	153957116	153957116	0.011970000
chr2	43051414	43051414	0.011970000
chr2	231378244	231378244	0.011970000
chr3	12444615	12444615	0.001400000
chr3	127605122	127605122	0.029910000
chr3	197023635	197023635	0.011970000
chr4	708756	708756	0.001400000
chr4	1021423	1021423	0.001400000
chr4	54784227	54784227	0.001400000
chr4	88458005	88458005	0.029910000
chr5	140574381	140574381	0.029910000
chr5	150946612	150946612	0.011970000
chr5	176653247	176653247	0.011970000
chr6	30680243	30680243	0.001400000
chr6	30752707	30752707	0.011970000
chr6	30883847	30883847	0.000100000
chr6	36024818	36024818	0.000100000
chr6	45659343	45659343	0.001400000
chr6	85464866	85464866	0.004320000
chr7	597817	597817	0.011970000
chr7	1023033	1023033	0.011970000
chr7	2644828	2644828	0.000023400
chr7	27144756	27144756	0.004320000
chr7	31336874	31336874	0.004320000
chr7	101224000	101224000	0.000410000
chr7	127900944	127900944	0.004320000
chr7	150341809	150341809	0.004320000
chr8	11280894	11280894	0.004320000
chr8	98011641	98011641	0.001400000
chr8	103120455	103120455	0.001400000
chr8	133486138	133486138	0.029910000
chr8	144355657	144355657	0.001400000
chr8	145005813	145005813	0.001400000
chr9	71121623	71121623	0.000100000
chr10	70296793	70296793	0.004320000
chr10	73906521	73906521	0.000100000
chr10	113058476	113058476	0.011970000
chr10	133389018	133389018	0.029910000
chr11	818903	818903	0.001400000
chr11	856942	856942	0.001400000
chr11	1834953	1834953	0.000410000
chr11	85749561	85749561	0.004320000
chr12	2625337	2625337	0.001400000
chr12	7749557	7749557	0.011970000
chr12	113057761	113057761	0.011970000
chr12	131105915	131105915	0.011970000
chr14	22836571	22836571	0.011970000
chr14	91948081	91948081	0.029910000
chr14	93009629	93009629	0.011970000
chr15	77608446	77608446	0.011970000
chr16	3086856	3086856	0.004320000
chr16	12041613	12041613	0.000100000
chr16	28573481	28573481	0.011970000
chr16	50313938	50313938	0.004320000
chr16	84789195	84789195	0.000100000
chr16	88926645	88926645	0.004320000
chr16	89855810	89855810	0.029910000
chr17	20064287	20064287	0.011970000
chr17	63438347	63438347	0.000410000
chr17	64782044	64782044	0.000004570
chr19	848071	848071	0.000100000
chr19	859983	859983	0.004320000
chr19	1355919	1355919	0.000100000
chr19	42278372	42278372	0.000410000
chr19	44925667	44925667	0.000410000
chr19	45424336	45424336	0.011970000
chr19	49512266	49512266	0.000023400
chr19	58563627	58563627	0.011970000
chr20	62217333	62217333	0.011970000
chr22	22559423	22559423	0.029910000
chr22	50473507	50473507	0.000023400
chr1	1614235	1614235	0.011970000
chr1	2413540	2413540	0.004320000
chr1	3239401	3239401	0.001400000
chr1	10450066	10450066	0.000410000
chr1	26290043	26290043	0.000410000
chr1	116854073	116854073	0.000410000
chr1	153944288	153944288	0.011970000
chr1	243495714	243495714	0.011970000
chr1	247415651	247415651	0.004320000
chr2	43276796	43276796	0.001400000
chr2	69213819	69213819	0.029910000
chr2	74648100	74648100	0.000410000
chr2	75711163	75711163	0.004320000
chr2	105141268	105141268	0.011970000
chr2	230828764	230828764	0.000023400
chr2	239240491	239240491	0.029910000
chr3	13504918	13504918	0.004320000
chr3	49429439	49429439	0.000100000
chr3	128994788	128994788	0.000410000
chr3	129060747	129060747	0.004320000
chr3	150703034	150703034	0.001400000
chr3	183528164	183528164	0.000410000
chr4	46993186	46993186	0.004320000
chr5	1108761	1108761	0.001400000
chr5	149735522	149735522	0.011970000
chr6	16305865	16305865	0.029910000
chr6	32153122	32153122	0.029910000
chr6	32842774	32842774	0.004320000
chr6	33286670	33286670	0.004320000
chr6	36269159	36269159	0.004320000
chr7	128407387	128407387	0.001400000
chr7	138935616	138935616	0.004320000
chr7	143379788	143379788	0.011970000
chr8	21912286	21912286	0.004320000
chr8	128973350	128973350	0.004320000
chr8	141209866	141209866	0.011970000
chr10	29538637	29538637	0.011970000
chr10	86668390	86668390	0.011970000
chr11	3124379	3124379	0.011970000
chr11	20021963	20021963	0.011970000
chr11	133532351	133532351	0.000023400
chr12	3698238	3698238	0.004320000
chr12	8124122	8124122	0.004320000
chr12	52233654	52233654	0.011970000
chr12	55931131	55931131	0.000100000
chr12	57226271	57226271	0.001400000
chr13	25096049	25096049	0.029910000
chr13	100585185	100585185	0.004320000
chr14	55440699	55440699	0.029910000
chr14	92793858	92793858	0.000004570
chr16	76398	76398	0.004320000
chr16	10694894	10694894	0.001400000
chr16	11612579	11612579	0.011970000
chr16	17134617	17134617	0.029910000
chr16	17205257	17205257	0.000100000
chr16	71489572	71489572	0.000410000
chr16	83952777	83952777	0.029910000
chr16	87924887	87924887	0.004320000
chr17	22692652	22692652	0.011970000
chr17	28722539	28722539	0.029910000
chr17	38924047	38924047	0.001400000
chr17	39666527	39666527	0.004320000
chr17	50278834	50278834	0.001400000
chr17	76264611	76264611	0.011970000
chr17	76531472	76531472	0.029910000
chr19	7702462	7702462	0.011970000
chr19	34731735	34731735	0.000000106
chr19	44698654	44698654	0.004320000
chr20	17963051	17963051	0.011970000
chr20	48359657	48359657	0.001400000
chr20	58184026	58184026	0.011970000
chr21	43779213	43779213	0.001400000
chr1	2334992	2334992	0.000410000
chr1	25775264	25775264	0.004320000
chr1	46300759	46300759	0.004320000
chr1	155207770	155207770	0.001400000
chr1	230430763	230430763	0.029910000
chr1	231020116	231020116	0.000023400
chr2	129587471	129587471	0.004320000
chr2	217886026	217886026	0.001400000
chr3	109177252	109177252	0.000410000
chr4	1226768	1226768	0.001400000
chr4	3203116	3203116	0.011970000
chr5	10445411	10445411	0.004320000
chr5	128539132	128539132	0.011970000
chr5	171451205	171451205	0.029910000
chr6	30685772	30685772	0.001400000
chr6	33170354	33170354	0.004320000
chr6	167400909	167400909	0.011970000
chr6	170226334	170226334	0.000100000
chr7	31441	31441	0.011970000
chr7	490838	490838	0.001400000
chr7	1980893	1980893	0.004320000
chr7	2730776	2730776	0.011970000
chr7	5484005	5484005	0.001400000
chr7	50315910	50315910	0.011970000
chr7	74028157	74028157	0.000100000
chr7	101216319	101216319	0.000023400
chr7	117146552	117146552	0.011970000
chr8	19414074	19414074	0.011970000
chr8	38151958	38151958	0.004320000
chr8	38484569	38484569	0.001400000
chr8	42753833	42753833	0.004320000
chr8	102808943	102808943	0.004320000
chr8	140589086	140589086	0.029910000
chr8	143431737	143431737	0.000100000
chr9	113299334	113299334	0.029910000
chr9	126504073	126504073	0.004320000
chr9	136748899	136748899	0.004320000
chr10	14436542	14436542	0.004320000
chr10	37678428	37678428	0.004320000
chr10	79274617	79274617	0.004320000
chr10	79285362	79285362	0.004320000
chr10	80459654	80459654	0.011970000
chr10	127737245	127737245	0.000410000
chr10	128727395	128727395	0.011970000
chr11	2825702	2825702	0.001400000
chr11	62853786	62853786	0.004320000
chr11	116770217	116770217	0.000100000
chr11	118088634	118088634	0.000100000
chr11	125357593	125357593	0.004320000
chr12	2625425	2625425	0.000410000
chr12	9064794	9064794	0.011970000
chr12	11724806	11724806	0.001400000
chr12	116694015	116694015	0.004320000
chr12	123034341	123034341	0.000410000
chr12	124518833	124518833	0.029910000
chr12	132213178	132213178	0.000410000
chr13	98438665	98438665	0.029910000
chr14	68797616	68797616	0.011970000
chr14	103699064	103699064	0.029910000
chr14	105855010	105855010	0.011970000
chr15	77994395	77994395	0.029910000
chr15	78907432	78907432	0.001400000
chr15	88258243	88258243	0.004320000
chr16	30740578	30740578	0.004320000
chr16	56294509	56294509	0.001400000
chr16	88982296	88982296	0.001400000
chr16	89119508	89119508	0.000410000
chr17	2905162	2905162	0.029910000
chr17	7740480	7740480	0.029910000
chr17	28982095	28982095	0.001400000
chr17	76276283	76276283	0.004320000
chr17	81464305	81464305	0.001400000
chr17	81835212	81835212	0.001400000
chr17	81925000	81925000	0.004320000
chr17	82218113	82218113	0.001400000
chr17	82836205	82836205	0.001400000
chr19	4059527	4059527	0.004320000
chr19	17173672	17173672	0.011970000
chr19	46078807	46078807	0.001400000
chr19	50824100	50824100	0.001400000
chr19	54465322	54465322	0.011970000
chr20	24949463	24949463	0.000004570
chr20	37383596	37383596	0.004320000
chr21	33401066	33401066	0.029910000
chr22	25403103	25403103	0.000100000
chr1	7063255	7063255	0.029910000
chr1	46183460	46183460	0.011970000
chr1	54331403	54331403	0.001400000
chr1	170667222	170667222	0.000410000
chr1	201149404	201149404	0.004320000
chr1	203187497	203187497	0.004320000
chr1	205666451	205666451	0.004320000
chr1	245688308	245688308	0.011970000
chr2	47179719	47179719	0.004320000
chr2	85744425	85744425	0.001400000
chr2	85936704	85936704	0.001400000
chr2	108378058	108378058	0.000410000
chr2	128347002	128347002	0.004320000
chr2	138780786	138780786	0.029910000
chr2	241771594	241771594	0.029910000
chr2	242026678	242026678	0.004320000
chr3	196338614	196338614	0.004320000
chr4	139866162	139866162	0.000410000
chr5	392805	392805	0.029910000
chr5	141387688	141387688	0.004320000
chr5	141397936	141397936	0.000100000
chr5	149430614	149430614	0.004320000
chr6	30329552	30329552	0.029910000
chr6	100469551	100469551	0.011970000
chr6	170110608	170110608	0.000023400
chr7	2521482	2521482	0.000000106
chr8	2090131	2090131	0.001400000
chr8	42179869	42179869	0.011970000
chr8	66544448	66544448	0.029910000
chr9	133944530	133944530	0.029910000
chr9	134378340	134378340	0.011970000
chr10	132563977	132563977	0.004320000
chr10	133389373	133389373	0.029910000
chr11	57432852	57432852	0.000410000
chr11	74467750	74467750	0.029910000
chr11	133951357	133951357	0.004320000
chr12	1855437	1855437	0.001400000
chr12	2454897	2454897	0.004320000
chr12	6887627	6887627	0.029910000
chr12	9065173	9065173	0.011970000
chr12	53064184	53064184	0.011970000
chr12	107331307	107331307	0.001400000
chr14	90301342	90301342	0.004320000
chr14	94378439	94378439	0.001400000
chr14	103518641	103518641	0.000100000
chr14	105532408	105532408	0.011970000
chr15	62940965	62940965	0.004320000
chr16	3022969	3022969	0.000023400
chr16	3589159	3589159	0.001400000
chr16	81457707	81457707	0.000023400
chr17	1111112	1111112	0.000410000
chr17	32256836	32256836	0.029910000
chr17	38734068	38734068	0.001400000
chr17	42286294	42286294	0.011970000
chr17	43917163	43917163	0.004320000
chr17	46974326	46974326	0.001400000
chr17	48545245	48545245	0.001400000
chr17	57885342	57885342	0.011970000
chr17	57885480	57885480	0.004320000
chr17	72165895	72165895	0.029910000
chr17	76546598	76546598	0.029910000
chr17	81110105	81110105	0.029910000
chr18	7038747	7038747	0.004320000
chr18	78639434	78639434	0.011970000
chr18	79356310	79356310	0.011970000
chr19	43505277	43505277	0.000023400
chr19	51225330	51225330	0.000410000
chr19	56508004	56508004	0.001400000
chr20	3071699	3071699	0.000410000
chr20	41134113	41134113	0.000410000
chr22	24427421	24427421	0.000100000
chr22	35394148	35394148	0.004320000
chr22	36700088	36700088	0.004320000
chr22	42665176	42665176	0.004320000
chr1	2584253	2584253	0.001400000
chr1	87132831	87132831	0.000410000
chr1	104073645	104073645	0.004320000
chr1	153415231	153415231	0.011970000
chr1	205530227	205530227	0.029910000
chr1	214552575	214552575	0.004320000
chr2	312940	312940	0.004320000
chr2	7031867	7031867	0.001400000
chr2	43123274	43123274	0.011970000
chr2	55112082	55112082	0.011970000
chr2	95996690	95996690	0.011970000
chr2	96694142	96694142	0.001400000
chr2	102141726	102141726	0.001400000
chr2	240041038	240041038	0.011970000
chr3	13417781	13417781	0.000410000
chr3	126981907	126981907	0.029910000
chr3	134650497	134650497	0.000100000
chr3	183299160	183299160	0.000100000
chr4	1082253	1082253	0.001400000
chr4	2806762	2806762	0.011970000
chr4	8260961	8260961	0.029910000
chr4	8350011	8350011	0.011970000
chr4	54709766	54709766	0.029910000
chr5	377243	377243	0.000410000
chr6	3848664	3848664	0.000410000
chr6	29792172	29792172	0.011970000
chr6	30071655	30071655	0.004320000
chr6	47168374	47168374	0.011970000
chr6	149450671	149450671	0.000410000
chr7	71132935	71132935	0.011970000
chr7	100544818	100544818	0.011970000
chr7	150221137	150221137	0.011970000
chr7	153888283	153888283	0.000023400
chr7	158097967	158097967	0.011970000
chr8	722057	722057	0.011970000
chr9	35650564	35650564	0.000023400
chr9	130926157	130926157	0.029910000
chr10	24721809	24721809	0.029910000
chr10	38450891	38450891	0.011970000
chr10	101000967	101000967	0.011970000
chr11	1926561	1926561	0.029910000
chr11	19660240	19660240	0.029910000
chr11	46360994	46360994	0.029910000
chr11	47338578	47338578	0.011970000
chr11	63564349	63564349	0.001400000
chr11	66465712	66465712	0.029910000
chr11	67302767	67302767	0.000410000
chr11	94130692	94130692	0.000100000
chr11	118213223	118213223	0.001400000
chr11	124892018	124892018	0.004320000
chr11	130072011	130072011	0.000004570
chr12	6361010	6361010	0.011970000
chr12	52601511	52601511	0.011970000
chr12	113091040	113091040	0.000410000
chr14	94023486	94023486	0.011970000
chr14	100563457	100563457	0.029910000
chr15	29057015	29057015	0.000410000
chr15	43793842	43793842	0.001400000
chr15	62569756	62569756	0.000410000
chr15	65916885	65916885	0.011970000
chr15	66386444	66386444	0.029910000
chr15	93036862	93036862	0.029910000
chr16	4664646	4664646	0.001400000
chr16	27226398	27226398	0.001400000
chr16	29185347	29185347	0.000410000
chr16	81493896	81493896	0.001400000
chr16	84833732	84833732	0.029910000
chr16	88956981	88956981	0.004320000
chr17	7013866	7013866	0.029910000
chr17	7929591	7929591	0.029910000
chr17	9647228	9647228	0.011970000
chr17	15747071	15747071	0.011970000
chr17	17838111	17838111	0.004320000
chr17	44807954	44807954	0.029910000
chr17	64782161	64782161	0.001400000
chr17	76270243	76270243	0.000410000
chr17	77455727	77455727	0.029910000
chr17	78804983	78804983	0.011970000
chr17	80790456	80790456	0.004320000
chr17	81923607	81923607	0.011970000
chr17	82170912	82170912	0.000100000
chr17	82232278	82232278	0.011970000
chr18	14748251	14748251	0.011970000
chr19	840795	840795	0.000410000
chr19	1624735	1624735	0.000100000
chr19	2607728	2607728	0.011970000
chr19	4654710	4654710	0.004320000
chr19	46298415	46298415	0.011970000
chr19	48966696	48966696	0.004320000
chr19	51124947	51124947	0.000023400
chr19	54209646	54209646	0.004320000
chr20	19886330	19886330	0.000410000
chr20	46550587	46550587	0.029910000
chr20	58832692	58832692	0.029910000
chr20	63942739	63942739	0.001400000
chr21	46295092	46295092	0.004320000
chr22	19962442	19962442	0.011970000
chr22	44173033	44173033	0.000100000
chr22	45212559	45212559	0.000100000
chr1	2299484	2299484	0.001400000
chr1	11979655	11979655	0.001400000
chr1	17122113	17122113	0.029910000
chr1	17766435	17766435	0.001400000
chr1	24501606	24501606	0.004320000
chr1	24535218	24535218	0.001400000
chr1	110102327	110102327	0.000410000
chr1	150609868	150609868	0.001400000
chr1	150999413	150999413	0.011970000
chr1	154993068	154993068	0.000100000
chr1	159076661	159076661	0.029910000
chr1	168121762	168121762	0.001400000
chr1	202154314	202154314	0.001400000
chr1	203086294	203086294	0.001400000
chr1	208232523	208232523	0.029910000
chr2	554372	554372	0.004320000
chr2	10973178	10973178	0.011970000
chr2	26559555	26559555	0.000100000
chr2	30807506	30807506	0.004320000
chr2	73070209	73070209	0.011970000
chr2	73225685	73225685	0.001400000
chr3	64083471	64083471	0.029910000
chr3	138382573	138382573	0.001400000
chr3	170585256	170585256	0.000410000
chr4	1311184	1311184	0.011970000
chr4	16084428	16084428	0.000410000
chr4	184384778	184384778	0.029910000
chr5	957420	957420	0.000023400
chr5	1857192	1857192	0.011970000
chr5	55601444	55601444	0.001400000
chr5	139759616	139759616	0.004320000
chr5	150488014	150488014	0.004320000
chr5	172833796	172833796	0.004320000
chr6	16239568	16239568	0.029910000
chr6	29792195	29792195	0.004320000
chr6	65304008	65304008	0.000023400
chr7	4739277	4739277	0.004320000
chr7	155299813	155299813	0.029910000
chr8	37968819	37968819	0.001400000
chr8	127917920	127917920	0.004320000
chr8	143950891	143950891	0.011970000
chr9	129685761	129685761	0.004320000
chr10	11257113	11257113	0.011970000
chr10	13690625	13690625	0.001400000
chr10	75245908	75245908	0.004320000
chr10	124642336	124642336	0.029910000
chr11	2688684	2688684	0.011970000
chr11	10792397	10792397	0.029910000
chr11	19442356	19442356	0.004320000
chr11	68025276	68025276	0.004320000
chr11	69445189	69445189	0.001400000
chr11	70407354	70407354	0.004320000
chr11	74687604	74687604	0.000410000
chr11	85934967	85934967	0.011970000
chr11	130121550	130121550	0.001400000
chr12	132360086	132360086	0.011970000
chr13	112184214	112184214	0.000100000
chr14	59254455	59254455	0.001400000
chr15	26968215	26968215	0.011970000
chr15	88652324	88652324	0.000410000
chr16	3589838	3589838	0.004320000
chr16	10876343	10876343	0.001400000
chr16	28507010	28507010	0.011970000
chr16	56422543	56422543	0.011970000
chr16	57667814	57667814	0.004320000
chr16	67191534	67191534	0.001400000
chr16	81493822	81493822	0.029910000
chr17	8912559	8912559	0.004320000
chr17	17363974	17363974	0.011970000
chr17	17769161	17769161	0.000410000
chr17	19379208	19379208	0.000023400
chr17	19728172	19728172	0.000100000
chr17	34355751	34355751	0.011970000
chr17	40542641	40542641	0.001400000
chr17	49211207	49211207	0.000410000
chr17	57750677	57750677	0.001400000
chr17	77458048	77458048	0.000000761
chr17	80961270	80961270	0.011970000
chr17	81125911	81125911	0.029910000
chr17	81869756	81869756	0.000410000
chr18	22171374	22171374	0.011970000
chr19	4052708	4052708	0.000100000
chr19	5992273	5992273	0.001400000
chr19	7747379	7747379	0.004320000
chr19	13209554	13209554	0.029910000
chr20	3071607	3071607	0.004320000
chr20	36051764	36051764	0.000004570
chr21	41835591	41835591	0.000410000
chr21	43758450	43758450	0.000410000
chr21	45266993	45266993	0.029910000
chr1	1975688	1975688	0.000410000
chr1	6771659	6771659	0.029910000
chr1	8004979	8004979	0.000410000
chr1	23218502	23218502	0.011970000
chr1	24909805	24909805	0.000410000
chr1	25006954	25006954	0.029910000
chr1	26066385	26066385	0.004320000
chr1	28580002	28580002	0.011970000
chr1	32316740	32316740	0.011970000
chr1	36360044	36360044	0.011970000
chr1	37761422	37761422	0.004320000
chr1	41918719	41918719	0.029910000
chr1	67342277	67342277	0.011970000
chr1	150997116	150997116	0.011970000
chr1	200890743	200890743	0.004320000
chr1	202121852	202121852	0.029910000
chr1	203496233	203496233	0.011970000
chr2	1708194	1708194	0.011970000
chr2	37656791	37656791	0.011970000
chr2	54557265	54557265	0.004320000
chr2	55112803	55112803	0.029910000
chr2	111897576	111897576	0.029910000
chr2	217355075	217355075	0.004320000
chr3	37387148	37387148	0.029910000
chr3	127592313	127592313	0.011970000
chr3	129059895	129059895	0.011970000
chr3	170585497	170585497	0.000410000
chr3	184319693	184319693	0.000410000
chr3	194368744	194368744	0.001400000
chr4	170090351	170090351	0.001400000
chr4	183541304	183541304	0.000100000
chr4	184747239	184747239	0.011970000
chr5	31799178	31799178	0.004320000
chr5	149806141	149806141	0.011970000
chr6	7224990	7224990	0.000410000
chr6	24918775	24918775	0.029910000
chr6	26045759	26045759	0.000000012
chr6	30491735	30491735	0.011970000
chr6	31622863	31622863	0.004320000
chr6	31900244	31900244	0.011970000
chr6	32153049	32153049	0.029910000
chr6	42105248	42105248	0.011970000
chr6	105389629	105389629	0.004320000
chr6	166557239	166557239	0.004320000
chr6	167093959	167093959	0.000410000
chr7	15685697	15685697	0.001400000
chr7	51471817	51471817	0.029910000
chr8	94968397	94968397	0.000100000
chr8	127760796	127760796	0.011970000
chr8	143941796	143941796	0.011970000
chr9	37024156	37024156	0.001400000
chr9	133405610	133405610	0.000410000
chr10	3099611	3099611	0.000410000
chr10	46106312	46106312	0.029910000
chr10	69901472	69901472	0.004320000
chr10	86263378	86263378	0.011970000
chr10	102116204	102116204	0.011970000
chr10	126049759	126049759	0.000410000
chr11	2702914	2702914	0.001400000
chr11	12271030	12271030	0.004320000
chr11	18265260	18265260	0.001400000
chr11	57762142	57762142	0.011970000
chr11	129947754	129947754	0.000410000
chr12	52189540	52189540	0.011970000
chr12	52949919	52949919	0.001400000
chr12	57455087	57455087	0.001400000
chr13	32022448	32022448	0.001400000
chr13	112062930	112062930	0.029910000
chr15	26968027	26968027	0.011970000
chr15	71117658	71117658	0.011970000
chr15	88987815	88987815	0.029910000
chr16	384256	384256	0.000410000
chr16	681844	681844	0.004320000
chr16	782958	782958	0.011970000
chr16	825626	825626	0.004320000
chr16	57531235	57531235	0.011970000
chr16	81495369	81495369	0.001400000
chr16	88911479	88911479	0.000410000
chr17	1267512	1267512	0.000410000
chr17	2157329	2157329	0.001400000
chr17	7314048	7314048	0.011970000
chr17	15920804	15920804	0.000410000
chr17	40337570	40337570	0.001400000
chr17	42844548	42844548	0.001400000
chr17	76142315	76142315	0.000410000
chr17	78140871	78140871	0.011970000
chr17	82914596	82914596	0.029910000
chr18	3012019	3012019	0.004320000
chr19	840873	840873	0.004320000
chr19	33195484	33195484	0.000410000
chr19	39398582	39398582	0.004320000
chr20	19971374	19971374	0.000100000
chr20	50111576	50111576	0.004320000
chr1	39087329	39087329	0.000100000
chr1	54096540	54096540	0.029910000
chr1	203769671	203769671	0.029910000
chr1	212565261	212565261	0.011970000
chr1	226942693	226942693	0.029910000
chr1	227921468	227921468	0.001400000
chr2	1593351	1593351	0.004320000
chr2	5693642	5693642	0.004320000
chr2	37190866	37190866	0.004320000
chr2	43085229	43085229	0.001400000
chr2	109257435	109257435	0.001400000
chr2	130693693	130693693	0.029910000
chr2	202171485	202171485	0.011970000
chr3	138344018	138344018	0.029910000
chr3	155704181	155704181	0.004320000
chr3	195105856	195105856	0.011970000
chr4	8247150	8247150	0.000023400
chr4	47835758	47835758	0.001400000
chr5	177307857	177307857	0.000410000
chr5	179218681	179218681	0.004320000
chr6	16306452	16306452	0.001400000
chr6	33417279	33417279	0.011970000
chr6	111909454	111909454	0.004320000
chr6	144065285	144065285	0.004320000
chr6	146543199	146543199	0.001400000
chr6	155221505	155221505	0.001400000
chr7	150084	150084	0.000410000
chr7	925849	925849	0.004320000
chr7	20785313	20785313	0.029910000
chr7	28785336	28785336	0.011970000
chr7	74194996	74194996	0.000100000
chr7	75951495	75951495	0.000410000
chr8	142879975	142879975	0.029910000
chr9	137033194	137033194	0.001400000
chr9	137181905	137181905	0.000410000
chr9	137606853	137606853	0.011970000
chr10	47369204	47369204	0.011970000
chr10	70358561	70358561	0.011970000
chr10	71727044	71727044	0.000000012
chr10	77837703	77837703	0.029910000
chr10	102776163	102776163	0.004320000
chr10	133389402	133389402	0.004320000
chr10	133389696	133389696	0.004320000
chr11	319718	319718	0.000100000
chr11	2534176	2534176	0.004320000
chr11	14259267	14259267	0.004320000
chr11	16815280	16815280	0.001400000
chr11	50298462	50298462	0.004320000
chr11	72625864	72625864	0.001400000
chr12	4289452	4289452	0.000410000
chr12	6961399	6961399	0.004320000
chr12	54635172	54635172	0.000410000
chr12	96071121	96071121	0.029910000
chr12	111767564	111767564	0.029910000
chr12	113478841	113478841	0.004320000
chr12	122029322	122029322	0.001400000
chr12	124549257	124549257	0.001400000
chr13	44412521	44412521	0.001400000
chr13	110520982	110520982	0.011970000
chr14	65334729	65334729	0.029910000
chr14	89420597	89420597	0.004320000
chr14	93940687	93940687	0.001400000
chr14	94392002	94392002	0.000100000
chr14	104681124	104681124	0.029910000
chr14	105152239	105152239	0.011970000
chr15	45448479	45448479	0.011970000
chr15	74631593	74631593	0.000410000
chr15	89397274	89397274	0.011970000
chr16	1002939	1002939	0.000100000
chr16	1714110	1714110	0.001400000
chr16	4537853	4537853	0.000100000
chr16	10078197	10078197	0.004320000
chr16	15989307	15989307	0.001400000
chr16	23855767	23855767	0.004320000
chr16	83941111	83941111	0.001400000
chr17	2041300	2041300	0.000410000
chr17	16973211	16973211	0.029910000
chr17	45395069	45395069	0.001400000
chr17	47690287	47690287	0.004320000
chr17	66791666	66791666	0.011970000
chr17	82599785	82599785	0.011970000
chr19	2273051	2273051	0.011970000
chr19	10963752	10963752	0.000023400
chr19	18202578	18202578	0.000023400
chr19	50365622	50365622	0.029910000
chr21	44369239	44369239	0.000410000
chr21	44928528	44928528	0.004320000
chr21	45618617	45618617	0.004320000
chr22	24607887	24607887	0.004320000
chr1	3084438	3084438	0.000410000
chr1	3389883	3389883	0.029910000
chr1	18927200	18927200	0.000023400
chr1	54154030	54154030	0.000023400
chr1	54651193	54651193	0.001400000
chr1	161225390	161225390	0.001400000
chr1	221887334	221887334	0.001400000
chr1	231020458	231020458	0.011970000
chr1	234926788	234926788	0.011970000
chr2	445224	445224	0.011970000
chr2	241868596	241868596	0.029910000
chr3	11453510	11453510	0.000100000
chr3	125049450	125049450	0.001400000
chr3	183694194	183694194	0.004320000
chr4	8595321	8595321	0.004320000
chr5	73382059	73382059	0.004320000
chr5	140836177	140836177	0.000410000
chr5	149283974	149283974	0.000410000
chr5	178335427	178335427	0.000023400
chr6	14129139	14129139	0.011970000
chr6	15400231	15400231	0.029910000
chr6	40378375	40378375	0.004320000
chr7	182369	182369	0.029910000
chr7	1647200	1647200	0.004320000
chr7	2523977	2523977	0.001400000
chr7	32458187	32458187	0.011970000
chr7	98284704	98284704	0.000023400
chr7	100865794	100865794	0.000410000
chr7	135239832	135239832	0.011970000
chr7	135254712	135254712	0.001400000
chr7	151745395	151745395	0.011970000
chr8	37904047	37904047	0.000410000
chr8	133153117	133153117	0.011970000
chr8	141027403	141027403	0.000100000
chr10	103241294	103241294	0.001400000
chr11	2825789	2825789	0.000100000
chr11	45650550	45650550	0.000410000
chr12	2640887	2640887	0.011970000
chr13	40481451	40481451	0.001400000
chr13	44373111	44373111	0.011970000
chr14	23119857	23119857	0.011970000
chr15	31236792	31236792	0.011970000
chr15	66631188	66631188	0.000100000
chr15	89648085	89648085	0.004320000
chr16	2517315	2517315	0.004320000
chr16	4683180	4683180	0.011970000
chr16	66251151	66251151	0.004320000
chr16	85444974	85444974	0.004320000
chr16	90047655	90047655	0.011970000
chr17	1999728	1999728	0.001400000
chr17	17914148	17914148	0.000100000
chr17	32990518	32990518	0.004320000
chr17	41441150	41441150	0.001400000
chr17	63676137	63676137	0.000410000
chr17	82775291	82775291	0.011970000
chr17	83082114	83082114	0.011970000
chr18	4455337	4455337	0.000410000
chr18	76529312	76529312	0.000410000
chr19	427162	427162	0.000100000
chr19	1763696	1763696	0.000410000
chr19	6234316	6234316	0.004320000
chr19	7702189	7702189	0.011970000
chr19	14779327	14779327	0.004320000
chr19	19591699	19591699	0.004320000
chr19	49489929	49489929	0.029910000
chr19	58033814	58033814	0.011970000
chr20	33003970	33003970	0.029910000
chr22	50031672	50031672	0.029910000
chr1	11735848	11735848	0.000410000
chr1	24964550	24964550	0.029910000
chr1	28590183	28590183	0.000410000
chr1	33050860	33050860	0.001400000
chr1	57104632	57104632	0.001400000
chr1	94629665	94629665	0.011970000
chr1	110519207	110519207	0.011970000
chr1	161198661	161198661	0.004320000
chr1	183279458	183279458	0.000410000
chr1	201489609	201489609	0.000100000
chr1	202010439	202010439	0.029910000
chr2	7031832	7031832	0.004320000
chr2	24926224	24926224	0.004320000
chr2	70141652	70141652	0.001400000
chr2	96533511	96533511	0.004320000
chr2	112726151	112726151	0.029910000
chr2	218381853	218381853	0.011970000
chr3	15304334	15304334	0.011970000
chr3	42906073	42906073	0.011970000
chr3	45125614	45125614	0.029910000
chr3	50341601	50341601	0.004320000
chr3	126703732	126703732	0.029910000
chr3	129039944	129039944	0.001400000
chr3	184317366	184317366	0.001400000
chr4	177496776	177496776	0.000000106
chr5	136211884	136211884	0.004320000
chr6	2783431	2783431	0.029910000
chr6	2958618	2958618	0.004320000
chr6	29792170	29792170	0.001400000
chr6	30952394	30952394	0.029910000
chr6	31579927	31579927	0.001400000
chr6	33278328	33278328	0.029910000
chr6	146850424	146850424	0.011970000
chr7	91685	91685	0.004320000
chr7	591186	591186	0.029910000
chr7	1023251	1023251	0.004320000
chr7	2066394	2066394	0.004320000
chr7	2567598	2567598	0.029910000
chr7	36303242	36303242	0.000023400
chr7	50069871	50069871	0.000100000
chr7	149620990	149620990	0.011970000
chr8	41100566	41100566	0.011970000
chr8	141173543	141173543	0.011970000
chr8	142326686	142326686	0.029910000
chr8	142441932	142441932	0.001400000
chr8	143321284	143321284	0.000410000
chr9	136758422	136758422	0.001400000
chr11	1930584	1930584	0.000410000
chr11	70603211	70603211	0.000410000
chr11	70694101	70694101	0.004320000
chr11	94545429	94545429	0.000410000
chr12	3098075	3098075	0.029910000
chr12	6312965	6312965	0.004320000
chr12	48158223	48158223	0.001400000
chr12	50088758	50088758	0.001400000
chr14	35333191	35333191	0.029910000
chr14	46634937	46634937	0.004320000
chr14	64720336	64720336	0.001400000
chr14	95507373	95507373	0.004320000
chr14	103140928	103140928	0.000410000
chr15	31224278	31224278	0.001400000
chr16	872126	872126	0.011970000
chr16	1339300	1339300	0.004320000
chr16	1620472	1620472	0.011970000
chr16	18400483	18400483	0.001400000
chr16	55491817	55491817	0.011970000
chr16	68079065	68079065	0.000410000
chr16	89324381	89324381	0.011970000
chr17	40360163	40360163	0.001400000
chr17	60078015	60078015	0.004320000
chr17	73536035	73536035	0.029910000
chr17	77319755	77319755	0.001400000
chr17	78407874	78407874	0.000410000
chr17	82604106	82604106	0.011970000
chr18	46519221	46519221	0.001400000
chr19	2639426	2639426	0.029910000
chr19	4543475	4543475	0.011970000
chr19	6113934	6113934	0.000410000
chr19	12647602	12647602	0.000410000
chr19	12648220	12648220	0.011970000
chr19	44942180	44942180	0.004320000
chr19	44942192	44942192	0.000023400
chr19	49673800	49673800	0.011970000
chr20	13995450	13995450	0.000410000
chr20	17560330	17560330	0.004320000
chr20	57393238	57393238	0.001400000
chr21	42836962	42836962	0.004320000
chr22	39095970	39095970	0.011970000
chr22	50704472	50704472	0.001400000
chr1	8496662	8496662	0.011970000
chr1	11735889	11735889	0.000410000
chr1	14523015	14523015	0.001400000
chr1	18227448	18227448	0.011970000
chr1	21897348	21897348	0.000004570
chr1	32391103	32391103	0.004320000
chr1	44238401	44238401	0.001400000
chr1	115323820	115323820	0.011970000
chr1	207423666	207423666	0.004320000
chr1	220894554	220894554	0.011970000
chr1	226662097	226662097	0.011970000
chr1	247424492	247424492	0.000410000
chr2	20092045	20092045	0.001400000
chr2	24490288	24490288	0.000410000
chr2	109032825	109032825	0.029910000
chr2	216084259	216084259	0.004320000
chr2	219332033	219332033	0.029910000
chr2	238138388	238138388	0.029910000
chr2	238160935	238160935	0.000410000
chr2	240520085	240520085	0.004320000
chr3	6861158	6861158	0.011970000
chr3	11544351	11544351	0.001400000
chr3	14278484	14278484	0.001400000
chr3	157089590	157089590	0.004320000
chr3	170585751	170585751	0.000410000
chr3	171792032	171792032	0.011970000
chr4	16224287	16224287	0.004320000
chr4	80198095	80198095	0.004320000
chr5	454341	454341	0.000410000
chr5	3596093	3596093	0.011970000
chr5	88695380	88695380	0.001400000
chr5	141428220	141428220	0.004320000
chr5	150640650	150640650	0.004320000
chr5	159105954	159105954	0.011970000
chr5	178777762	178777762	0.000100000
chr5	178995127	178995127	0.001400000
chr6	3849157	3849157	0.000000761
chr6	13295329	13295329	0.011970000
chr6	30685630	30685630	0.011970000
chr6	41785031	41785031	0.004320000
chr6	42367493	42367493	0.011970000
chr6	44266438	44266438	0.011970000
chr6	170378692	170378692	0.029910000
chr7	1073393	1073393	0.004320000
chr7	5776997	5776997	0.004320000
chr7	43876192	43876192	0.011970000
chr7	151076622	151076622	0.000100000
chr8	1548912	1548912	0.011970000
chr8	2045430	2045430	0.029910000
chr8	25954984	25954984	0.029910000
chr8	127795771	127795771	0.000410000
chr8	140599239	140599239	0.011970000
chr9	35616247	35616247	0.029910000
chr9	81665622	81665622	0.004320000
chr11	1460549	1460549	0.011970000
chr11	47257426	47257426	0.000100000
chr11	111184516	111184516	0.029910000
chr11	134332058	134332058	0.004320000
chr12	3201955	3201955	0.004320000
chr12	104371514	104371514	0.000100000
chr12	117045148	117045148	0.004320000
chr12	124392104	124392104	0.004320000
chr13	25203624	25203624	0.004320000
chr13	113035462	113035462	0.011970000
chr14	20820556	20820556	0.001400000
chr14	22509089	22509089	0.000410000
chr14	65229762	65229762	0.001400000
chr14	91867685	91867685	0.011970000
chr14	105855765	105855765	0.001400000
chr15	82846583	82846583	0.001400000
chr16	3857754	3857754	0.004320000
chr16	29689852	29689852	0.000023400
chr16	30115274	30115274	0.004320000
chr16	66601723	66601723	0.029910000
chr16	67652929	67652929	0.029910000
chr16	68247283	68247283	0.000410000
chr16	72119305	72119305	0.000023400
chr16	84532673	84532673	0.001400000
chr16	89113877	89113877	0.004320000
chr17	27559767	27559767	0.011970000
chr17	35570355	35570355	0.029910000
chr17	74484505	74484505	0.001400000
chr17	78179530	78179530	0.000410000
chr17	82863950	82863950	0.011970000
chr19	3177312	3177312	0.029910000
chr19	4548342	4548342	0.001400000
chr19	4634815	4634815	0.000023400
chr19	6271957	6271957	0.001400000
chr19	15224230	15224230	0.000410000
chr19	33235749	33235749	0.000410000
chr19	50417975	50417975	0.011970000
chr20	50844592	50844592	0.001400000
chr20	58690935	58690935	0.011970000
chr22	37519788	37519788	0.000004570
chr22	49632523	49632523	0.029910000
chr1	2330793	2330793	0.011970000
chr1	11735880	11735880	0.004320000
chr1	14498280	14498280	0.001400000
chr1	19010983	19010983	0.029910000
chr1	26554276	26554276	0.029910000
chr1	37795385	37795385	0.011970000
chr1	109466368	109466368	0.011970000
chr1	150563459	150563459	0.004320000
chr1	161201421	161201421	0.000410000
chr1	167518159	167518159	0.029910000
chr1	175673625	175673625	0.029910000
chr1	182673051	182673051	0.029910000
chr1	202161216	202161216	0.004320000
chr1	226654754	226654754	0.011970000
chr2	8574287	8574287	0.011970000
chr2	20379304	20379304	0.001400000
chr2	85433374	85433374	0.029910000
chr2	96818928	96818928	0.029910000
chr2	224401629	224401629	0.029910000
chr3	46700002	46700002	0.000023400
chr3	49422476	49422476	0.004320000
chr3	52494939	52494939	0.001400000
chr3	71310722	71310722	0.000100000
chr3	192859175	192859175	0.011970000
chr3	197656299	197656299	0.029910000
chr4	8205392	8205392	0.004320000
chr4	38661370	38661370	0.000410000
chr4	39446844	39446844	0.001400000
chr4	56681413	56681413	0.029910000
chr5	132208284	132208284	0.004320000
chr5	149923838	149923838	0.029910000
chr5	151145074	151145074	0.004320000
chr5	177510349	177510349	0.001400000
chr6	288505	288505	0.011970000
chr6	25042727	25042727	0.011970000
chr6	30206348	30206348	0.011970000
chr6	32191176	32191176	0.011970000
chr6	33173514	33173514	0.029910000
chr6	156690915	156690915	0.004320000
chr6	158009279	158009279	0.000100000
chr6	163336016	163336016	0.000004570
chr6	167147016	167147016	0.011970000
chr7	27144242	27144242	0.011970000
chr7	128735086	128735086	0.000100000
chr8	47735021	47735021	0.004320000
chr8	123717851	123717851	0.004320000
chr8	141209230	141209230	0.001400000
chr9	130893579	130893579	0.004320000
chr10	31146744	31146744	0.011970000
chr10	46375529	46375529	0.000410000
chr10	47321458	47321458	0.011970000
chr10	47303887	47303887	0.004320000
chr10	97936503	97936503	0.029910000
chr10	102776364	102776364	0.000023400
chr11	2015894	2015894	0.000100000
chr11	2837391	2837391	0.001400000
chr11	2898979	2898979	0.004320000
chr11	33892169	33892169	0.029910000
chr11	72831580	72831580	0.004320000
chr11	86672767	86672767	0.001400000
chr11	95282302	95282302	0.001400000
chr11	118870678	118870678	0.001400000
chr12	6444885	6444885	0.001400000
chr12	29150251	29150251	0.004320000
chr12	30201313	30201313	0.029910000
chr12	47753251	47753251	0.029910000
chr13	51065817	51065817	0.011970000
chr14	23372916	23372916	0.001400000
chr14	23989090	23989090	0.011970000
chr14	72929761	72929761	0.000100000
chr14	77044206	77044206	0.001400000
chr14	99036129	99036129	0.001400000
chr15	41916980	41916980	0.000410000
chr15	90916841	90916841	0.029910000
chr16	4417557	4417557	0.001400000
chr16	56961944	56961944	0.004320000
chr16	58097408	58097408	0.000023400
chr16	72007477	72007477	0.011970000
chr16	85041626	85041626	0.029910000
chr16	88840962	88840962	0.029910000
chr16	88957080	88957080	0.004320000
chr16	89620336	89620336	0.029910000
chr17	260135	260135	0.011970000
chr17	1201511	1201511	0.011970000
chr17	1470757	1470757	0.000023400
chr17	3590269	3590269	0.011970000
chr17	6780127	6780127	0.004320000
chr17	6995766	6995766	0.011970000
chr17	15398587	15398587	0.004320000
chr17	29155601	29155601	0.029910000
chr17	48576968	48576968	0.001400000
chr17	73335550	73335550	0.011970000
chr17	74747052	74747052	0.001400000
chr17	75250504	75250504	0.004320000
chr17	80560042	80560042	0.029910000
chr18	14747889	14747889	0.001400000
chr18	77979341	77979341	0.001400000
chr18	79883329	79883329	0.004320000
chr19	2252283	2252283	0.000410000
chr19	2358396	2358396	0.000410000
chr19	3984060	3984060	0.029910000
chr19	33235880	33235880	0.000410000
chr19	38869086	38869086	0.001400000
chr20	2101261	2101261	0.029910000
chr20	32482387	32482387	0.001400000
chr21	42140609	42140609	0.029910000
chr21	46290495	46290495	0.004320000
chr22	27614567	27614567	0.004320000
chr22	34993512	34993512	0.000410000
chr22	45212805	45212805	0.000100000
chr22	50403346	50403346	0.011970000
chr1	3902790	3902790	0.000100000
chr1	11335578	11335578	0.029910000
chr1	13519143	13519143	0.001400000
chr1	16699763	16699763	0.011970000
chr1	24535328	24535328	0.001400000
chr1	33364333	33364333	0.029910000
chr1	36321755	36321755	0.004320000
chr1	54121509	54121509	0.001400000
chr1	58575735	58575735	0.029910000
chr1	79006767	79006767	0.011970000
chr1	110456840	110456840	0.000100000
chr1	153635225	153635225	0.004320000
chr1	204287718	204287718	0.011970000
chr1	205003690	205003690	0.029910000
chr1	230281134	230281134	0.029910000
chr1	247518479	247518479	0.029910000
chr2	25215806	25215806	0.029910000
chr2	28650194	28650194	0.029910000
chr2	73983763	73983763	0.004320000
chr2	109331193	109331193	0.011970000
chr2	112587788	112587788	0.004320000
chr2	233451008	233451008	0.011970000
chr2	239118594	239118594	0.004320000
chr2	239775942	239775942	0.011970000
chr2	240520221	240520221	0.004320000
chr3	13858121	13858121	0.011970000
chr3	38038712	38038712	0.004320000
chr3	111872535	111872535	0.011970000
chr3	123404729	123404729	0.004320000
chr3	134613110	134613110	0.011970000
chr3	147409792	147409792	0.000023400
chr4	145887860	145887860	0.004320000
chr5	1850026	1850026	0.001400000
chr5	124962915	124962915	0.004320000
chr5	150166774	150166774	0.029910000
chr6	6900769	6900769	0.004320000
chr6	30737221	30737221	0.004320000
chr6	32095830	32095830	0.029910000
chr6	32186938	32186938	0.004320000
chr6	32214236	32214236	0.029910000
chr6	155216921	155216921	0.029910000
chr6	158057840	158057840	0.029910000
chr7	2527116	2527116	0.004320000
chr7	2595547	2595547	0.029910000
chr7	27143972	27143972	0.011970000
chr7	159030488	159030488	0.000100000
chr9	35650529	35650529	0.000100000
chr10	22436380	22436380	0.001400000
chr10	33143586	33143586	0.029910000
chr10	79064480	79064480	0.000023400
chr10	122879358	122879358	0.029910000
chr10	129461751	129461751	0.004320000
chr11	2898578	2898578	0.011970000
chr11	31802714	31802714	0.029910000
chr11	73325202	73325202	0.004320000
chr11	76735725	76735725	0.004320000
chr11	79397025	79397025	0.004320000
chr11	113243168	113243168	0.004320000
chr11	114079339	114079339	0.001400000
chr12	4562144	4562144	0.011970000
chr12	7210944	7210944	0.011970000
chr12	49233841	49233841	0.001400000
chr12	85874061	85874061	0.011970000
chr12	124532588	124532588	0.001400000
chr13	31209846	31209846	0.000410000
chr13	44815913	44815913	0.029910000
chr14	94391729	94391729	0.001400000
chr15	65284166	65284166	0.000410000
chr15	77663783	77663783	0.001400000
chr15	82043861	82043861	0.011970000
chr16	783231	783231	0.029910000
chr16	2184030	2184030	0.011970000
chr16	50313855	50313855	0.001400000
chr16	57091762	57091762	0.004320000
chr16	88971073	88971073	0.004320000
chr17	6995888	6995888	0.000410000
chr17	46722152	46722152	0.000000761
chr17	74522701	74522701	0.011970000
chr17	74567408	74567408	0.029910000
chr17	80937968	80937968	0.000000761
chr17	81023550	81023550	0.011970000
chr17	81299618	81299618	0.001400000
chr17	82315414	82315414	0.000004570
chr18	79524509	79524509	0.000100000
chr18	79795631	79795631	0.001400000
chr19	1621125	1621125	0.029910000
chr19	3388049	3388049	0.000100000
chr19	6592543	6592543	0.011970000
chr19	11554636	11554636	0.011970000
chr19	50625319	50625319	0.004320000
chr20	23519007	23519007	0.011970000
chr20	32744015	32744015	0.000410000
chr20	32744167	32744167	0.011970000
chr22	32861654	32861654	0.000100000
chr1	2550562	2550562	0.011970000
chr1	3275779	3275779	0.029910000
chr1	10530615	10530615	0.029910000
chr1	21428822	21428822	0.029910000
chr1	43301081	43301081	0.004320000
chr1	90836174	90836174	0.011970000
chr1	152757755	152757755	0.000100000
chr1	156368984	156368984	0.000004570
chr1	157700430	157700430	0.004320000
chr1	160208420	160208420	0.004320000
chr1	180561217	180561217	0.004320000
chr1	225461013	225461013	0.011970000
chr1	226111902	226111902	0.011970000
chr1	234710023	234710023	0.001400000
chr2	23323296	23323296	0.001400000
chr2	27115670	27115670	0.011970000
chr2	58899725	58899725	0.029910000
chr2	113198767	113198767	0.000410000
chr2	134460762	134460762	0.011970000
chr2	217451728	217451728	0.000100000
chr2	240673298	240673298	0.011970000
chr3	122076921	122076921	0.029910000
chr3	184320529	184320529	0.004320000
chr4	9996393	9996393	0.000410000
chr4	37243573	37243573	0.011970000
chr5	8457616	8457616	0.004320000
chr5	135378572	135378572	0.004320000
chr5	159933795	159933795	0.011970000
chr6	7975141	7975141	0.029910000
chr6	27680225	27680225	0.000100000
chr6	31577480	31577480	0.029910000
chr6	32842965	32842965	0.000410000
chr6	89951333	89951333	0.000410000
chr7	883325	883325	0.029910000
chr7	1012756	1012756	0.000100000
chr7	1103129	1103129	0.004320000
chr7	1862204	1862204	0.011970000
chr7	27145202	27145202	0.004320000
chr7	100689858	100689858	0.004320000
chr7	130010210	130010210	0.011970000
chr7	155287646	155287646	0.000100000
chr8	306911	306911	0.011970000
chr8	6563337	6563337	0.001400000
chr8	17027491	17027491	0.029910000
chr8	97349710	97349710	0.011970000
chr9	38672318	38672318	0.000410000
chr9	105064934	105064934	0.001400000
chr9	134360283	134360283	0.001400000
chr9	134526223	134526223	0.011970000
chr10	79144619	79144619	0.000410000
chr10	93566421	93566421	0.004320000
chr10	132547473	132547473	0.004320000
chr10	132848046	132848046	0.000410000
chr10	133131948	133131948	0.029910000
chr11	818834	818834	0.011970000
chr11	1073496	1073496	0.000100000
chr11	44875433	44875433	0.004320000
chr11	61830858	61830858	0.000410000
chr11	67286358	67286358	0.029910000
chr11	94545241	94545241	0.000100000
chr11	111379613	111379613	0.004320000
chr12	6996092	6996092	0.001400000
chr12	49958197	49958197	0.000410000
chr13	113407794	113407794	0.001400000
chr13	114143858	114143858	0.000100000
chr14	38210438	38210438	0.011970000
chr14	104688990	104688990	0.011970000
chr15	40341093	40341093	0.029910000
chr15	74854173	74854173	0.001400000
chr15	90004811	90004811	0.004320000
chr15	96776681	96776681	0.000410000
chr16	11129033	11129033	0.011970000
chr16	16311663	16311663	0.000410000
chr16	85262897	85262897	0.029910000
chr16	87382624	87382624	0.001400000
chr16	87986473	87986473	0.000410000
chr16	88925509	88925509	0.029910000
chr17	2935788	2935788	0.011970000
chr17	8475907	8475907	0.001400000
chr17	19387807	19387807	0.001400000
chr17	28967725	28967725	0.029910000
chr17	37491098	37491098	0.011970000
chr17	40072285	40072285	0.011970000
chr17	40342662	40342662	0.004320000
chr17	47856227	47856227	0.011970000
chr17	48545092	48545092	0.004320000
chr17	48599013	48599013	0.000100000
chr17	74531376	74531376	0.004320000
chr17	78891907	78891907	0.011970000
chr17	80873952	80873952	0.004320000
chr19	835499	835499	0.004320000
chr19	5585637	5585637	0.000100000
chr19	18436548	18436548	0.000410000
chr19	18848697	18848697	0.011970000
chr19	39408736	39408736	0.004320000
chr19	40282880	40282880	0.001400000
chr19	47309523	47309523	0.004320000
chr19	51388085	51388085	0.029910000
chr19	55075125	55075125	0.011970000
chr20	3071628	3071628	0.004320000
chr20	3712511	3712511	0.029910000
chr20	5010382	5010382	0.011970000
chr20	51492374	51492374	0.004320000
chr21	45543613	45543613	0.001400000
chr22	19449344	19449344	0.001400000
chr22	23691939	23691939	0.029910000
chr22	42645140	42645140	0.029910000
chr22	50549098	50549098	0.000410000
chr1	2105069	2105069	0.011970000
chr1	2413935	2413935	0.011970000
chr1	6702155	6702155	0.011970000
chr1	14780204	14780204	0.011970000
chr1	18965999	18965999	0.004320000
chr1	24535114	24535114	0.001400000
chr1	54227112	54227112	0.001400000
chr1	54813302	54813302	0.011970000
chr1	109792396	109792396	0.011970000
chr1	110493275	110493275	0.000410000
chr1	200866760	200866760	0.004320000
chr1	203223389	203223389	0.004320000
chr2	25229493	25229493	0.011970000
chr2	64904422	64904422	0.004320000
chr2	111710895	111710895	0.029910000
chr2	218002662	218002662	0.011970000
chr2	218986459	218986459	0.001400000
chr3	12560547	12560547	0.011970000
chr3	49162604	49162604	0.001400000
chr3	62876121	62876121	0.004320000
chr3	71755708	71755708	0.000410000
chr3	170584851	170584851	0.000410000
chr3	194269637	194269637	0.004320000
chr3	196219980	196219980	0.011970000
chr4	212653	212653	0.011970000
chr4	2320325	2320325	0.001400000
chr5	56954	56954	0.004320000
chr5	74639117	74639117	0.029910000
chr5	76733125	76733125	0.011970000
chr5	135399985	135399985	0.029910000
chr5	150113536	150113536	0.004320000
chr5	172955822	172955822	0.004320000
chr6	12881185	12881185	0.004320000
chr6	27680538	27680538	0.004320000
chr6	29631482	29631482	0.000100000
chr6	33205530	33205530	0.004320000
chr6	36650225	36650225	0.004320000
chr6	40523851	40523851	0.011970000
chr6	163834492	163834492	0.011970000
chr7	119499	119499	0.000100000
chr7	1099080	1099080	0.011970000
chr7	1843503	1843503	0.001400000
chr7	2524036	2524036	0.001400000
chr7	47969959	47969959	0.001400000
chr7	98617321	98617321	0.029910000
chr7	102433092	102433092	0.004320000
chr7	151005383	151005383	0.000100000
chr8	11555677	11555677	0.011970000
chr8	138194208	138194208	0.004320000
chr8	143608786	143608786	0.029910000
chr10	24894896	24894896	0.029910000
chr10	43728486	43728486	0.029910000
chr10	62049339	62049339	0.011970000
chr10	69823479	69823479	0.001400000
chr10	71774581	71774581	0.029910000
chr10	71805868	71805868	0.001400000
chr10	72353420	72353420	0.011970000
chr10	80457792	80457792	0.011970000
chr10	87094831	87094831	0.011970000
chr10	127904462	127904462	0.004320000
chr10	128578308	128578308	0.029910000
chr10	132594408	132594408	0.004320000
chr11	2184927	2184927	0.001400000
chr11	2424086	2424086	0.001400000
chr11	8684412	8684412	0.011970000
chr11	60867133	60867133	0.011970000
chr11	61547429	61547429	0.011970000
chr11	74005322	74005322	0.011970000
chr11	86672719	86672719	0.001400000
chr11	92969341	92969341	0.000004570
chr11	111531969	111531969	0.011970000
chr11	113878279	113878279	0.000410000
chr11	117929518	117929518	0.001400000
chr11	128824206	128824206	0.004320000
chr12	6772137	6772137	0.001400000
chr12	64389128	64389128	0.001400000
chr12	96249787	96249787	0.029910000
chr13	20413006	20413006	0.004320000
chr14	88140132	88140132	0.004320000
chr14	91930515	91930515	0.001400000
chr14	100148186	100148186	0.011970000
chr14	103880254	103880254	0.000410000
chr15	31216740	31216740	0.011970000
chr16	1525978	1525978	0.000410000
chr16	1543414	1543414	0.000410000
chr16	2817445	2817445	0.004320000
chr16	51153896	51153896	0.011970000
chr16	66366666	66366666	0.001400000
chr16	72958681	72958681	0.001400000
chr16	75206638	75206638	0.029910000
chr16	85985205	85985205	0.004320000
chr16	87702118	87702118	0.001400000
chr16	88906646	88906646	0.004320000
chr17	1201371	1201371	0.000100000
chr17	28742653	28742653	0.029910000
chr17	31525650	31525650	0.011970000
chr17	42563226	42563226	0.029910000
chr17	45501286	45501286	0.000004570
chr17	48156437	48156437	0.029910000
chr17	48547970	48547970	0.000004570
chr17	48576840	48576840	0.011970000
chr17	48590225	48590225	0.004320000
chr17	75320415	75320415	0.029910000
chr17	75627102	75627102	0.011970000
chr17	76446998	76446998	0.004320000
chr17	82026546	82026546	0.004320000
chr17	83023699	83023699	0.001400000
chr18	31042627	31042627	0.001400000
chr19	2511709	2511709	0.029910000
chr19	3589764	3589764	0.029910000
chr19	10963627	10963627	0.011970000
chr19	39402159	39402159	0.029910000
chr20	63624653	63624653	0.004320000
chr21	30425614	30425614	0.000410000
chr22	19892612	19892612	0.000100000
chr22	44676611	44676611	0.004320000
chr22	46289758	46289758	0.011970000
chr1	6098631	6098631	0.000410000
chr1	21883736	21883736	0.011970000
chr1	26318082	26318082	0.000410000
chr1	40824737	40824737	0.029910000
chr1	44677143	44677143	0.001400000
chr1	109896205	109896205	0.000410000
chr1	109934046	109934046	0.011970000
chr1	204687622	204687622	0.000410000
chr1	206774132	206774132	0.011970000
chr2	29013268	29013268	0.001400000
chr2	29033871	29033871	0.004320000
chr2	65634528	65634528	0.011970000
chr2	85089874	85089874	0.029910000
chr2	105237215	105237215	0.029910000
chr2	176491292	176491292	0.029910000
chr2	241763334	241763334	0.011970000
chr3	5123569	5123569	0.011970000
chr3	48566545	48566545	0.000410000
chr3	49422624	49422624	0.011970000
chr3	155704340	155704340	0.001400000
chr3	159186928	159186928	0.011970000
chr3	188946958	188946958	0.000023400
chr3	196193148	196193148	0.004320000
chr4	3485709	3485709	0.011970000
chr4	5399703	5399703	0.029910000
chr4	75715395	75715395	0.001400000
chr4	145862101	145862101	0.011970000
chr5	56586031	56586031	0.011970000
chr5	73303676	73303676	0.004320000
chr5	95823910	95823910	0.004320000
chr5	166978671	166978671	0.004320000
chr5	169643061	169643061	0.004320000
chr5	169706962	169706962	0.004320000
chr6	30679371	30679371	0.000100000
chr6	31653984	31653984	0.000410000
chr6	33277924	33277924	0.029910000
chr6	36120603	36120603	0.001400000
chr6	113259001	113259001	0.004320000
chr7	965940	965940	0.029910000
chr7	986189	986189	0.001400000
chr7	1043837	1043837	0.001400000
chr7	3957224	3957224	0.011970000
chr7	5417594	5417594	0.004320000
chr7	33770360	33770360	0.001400000
chr7	128880139	128880139	0.029910000
chr7	150433620	150433620	0.011970000
chr7	151040111	151040111	0.001400000
chr8	101375709	101375709	0.001400000
chr8	133081929	133081929	0.029910000
chr8	141212586	141212586	0.004320000
chr8	143929485	143929485	0.000410000
chr9	127753798	127753798	0.004320000
chr9	136251676	136251676	0.000410000
chr10	127962690	127962690	0.029910000
chr10	132589283	132589283	0.000410000
chr11	35030841	35030841	0.004320000
chr11	61102488	61102488	0.011970000
chr11	68371394	68371394	0.029910000
chr11	68371653	68371653	0.004320000
chr11	73648942	73648942	0.029910000
chr11	94091387	94091387	0.011970000
chr11	116060616	116060616	0.004320000
chr11	125164285	125164285	0.001400000
chr12	12714735	12714735	0.004320000
chr12	34336892	34336892	0.000410000
chr12	109790244	109790244	0.000410000
chr12	121581171	121581171	0.004320000
chr12	122984233	122984233	0.011970000
chr12	122984737	122984737	0.004320000
chr13	20223554	20223554	0.001400000
chr13	100521415	100521415	0.000023400
chr13	110307321	110307321	0.029910000
chr14	35366305	35366305	0.000410000
chr14	68790074	68790074	0.029910000
chr14	92397730	92397730	0.000410000
chr14	104085697	104085697	0.011970000
chr14	105317290	105317290	0.000410000
chr15	28833559	28833559	0.004320000
chr15	75029717	75029717	0.029910000
chr16	3262946	3262946	0.000410000
chr16	67653040	67653040	0.029910000
chr16	85985074	85985074	0.011970000
chr17	7425415	7425415	0.004320000
chr17	15248552	15248552	0.011970000
chr17	18107426	18107426	0.011970000
chr17	28721690	28721690	0.004320000
chr17	63997964	63997964	0.000023400
chr17	74768846	74768846	0.000023400
chr17	76868123	76868123	0.029910000
chr17	77455962	77455962	0.000100000
chr19	852284	852284	0.004320000
chr19	1163486	1163486	0.004320000
chr19	2734685	2734685	0.029910000
chr19	10625623	10625623	0.001400000
chr19	12266341	12266341	0.029910000
chr19	35124199	35124199	0.004320000
chr20	5863669	5863669	0.001400000
chr20	63736904	63736904	0.011970000
chr22	20735976	20735976	0.011970000
chr22	37188401	37188401	0.001400000
chr22	40010045	40010045	0.029910000
chr1	10734172	10734172	0.004320000
chr1	112697023	112697023	0.001400000
chr1	154194961	154194961	0.000023400
chr1	155014036	155014036	0.001400000
chr1	161722121	161722121	0.011970000
chr1	167094344	167094344	0.004320000
chr1	225939590	225939590	0.004320000
chr2	2601626	2601626	0.011970000
chr2	41693984	41693984	0.004320000
chr2	47269887	47269887	0.001400000
chr2	101991693	101991693	0.011970000
chr2	106065489	106065489	0.000410000
chr2	132669361	132669361	0.011970000
chr3	50322745	50322745	0.000410000
chr3	50323236	50323236	0.001400000
chr3	124812524	124812524	0.004320000
chr4	6278687	6278687	0.004320000
chr4	6963330	6963330	0.029910000
chr4	169266300	169266300	0.004320000
chr5	1343668	1343668	0.011970000
chr5	151678299	151678299	0.001400000
chr5	179336418	179336418	0.029910000
chr6	28616299	28616299	0.029910000
chr6	30071398	30071398	0.029910000
chr6	30158384	30158384	0.004320000
chr6	32053723	32053723	0.029910000
chr6	32852472	32852472	0.011970000
chr6	33312382	33312382	0.004320000
chr6	36837541	36837541	0.029910000
chr6	87015261	87015261	0.011970000
chr6	111559327	111559327	0.029910000
chr6	166463097	166463097	0.001400000
chr6	167245419	167245419	0.001400000
chr6	170253632	170253632	0.029910000
chr7	2069815	2069815	0.000410000
chr7	2412279	2412279	0.000410000
chr7	5497306	5497306	0.004320000
chr7	41692639	41692639	0.000100000
chr7	92179730	92179730	0.029910000
chr7	128911618	128911618	0.004320000
chr8	18387715	18387715	0.000023400
chr8	48517499	48517499	0.011970000
chr8	61693652	61693652	0.029910000
chr8	119209557	119209557	0.004320000
chr8	141278418	141278418	0.004320000
chr8	143321269	143321269	0.001400000
chr9	133580303	133580303	0.004320000
chr10	789130	789130	0.011970000
chr10	119687855	119687855	0.029910000
chr10	132493348	132493348	0.004320000
chr10	133465397	133465397	0.011970000
chr11	1486033	1486033	0.029910000
chr11	2521458	2521458	0.011970000
chr11	14259507	14259507	0.029910000
chr11	45853066	45853066	0.011970000
chr11	57325848	57325848	0.029910000
chr11	68043647	68043647	0.000100000
chr11	78076802	78076802	0.011970000
chr11	78210135	78210135	0.011970000
chr11	105101408	105101408	0.011970000
chr12	68829	68829	0.000410000
chr12	3481572	3481572	0.011970000
chr12	52010367	52010367	0.000023400
chr12	89082473	89082473	0.011970000
chr12	111415284	111415284	0.001400000
chr12	123268665	123268665	0.000410000
chr13	51066812	51066812	0.011970000
chr14	21034985	21034985	0.000410000
chr14	94476847	94476847	0.004320000
chr15	31325334	31325334	0.004320000
chr15	60695695	60695695	0.001400000
chr15	101051231	101051231	0.011970000
chr16	75897	75897	0.001400000
chr16	384356	384356	0.004320000
chr16	1247490	1247490	0.001400000
chr16	2206715	2206715	0.000410000
chr16	11224796	11224796	0.004320000
chr16	87723412	87723412	0.011970000
chr16	89318194	89318194	0.000410000
chr17	1762009	1762009	0.000410000
chr17	3921128	3921128	0.000410000
chr17	41437379	41437379	0.000410000
chr17	45299516	45299516	0.000023400
chr17	49211140	49211140	0.004320000
chr17	82237526	82237526	0.029910000
chr19	723036	723036	0.011970000
chr19	1603858	1603858	0.000410000
chr19	2484940	2484940	0.011970000
chr19	6271775	6271775	0.000023400
chr19	14053030	14053030	0.011970000
chr19	17848472	17848472	0.001400000
chr19	34595748	34595748	0.029910000
chr19	48418883	48418883	0.000004570
chr20	3712532	3712532	0.011970000
chr20	36604977	36604977	0.000410000
chr20	47319148	47319148	0.000410000
chr20	52103238	52103238	0.001400000
chr22	37571562	37571562	0.029910000
chr22	41929440	41929440	0.011970000
chr1	1168885	1168885	0.001400000
chr1	2319357	2319357	0.011970000
chr1	3020204	3020204	0.000100000
chr1	6148657	6148657	0.000004570
chr1	6397739	6397739	0.001400000
chr1	9026855	9026855	0.004320000
chr1	15219653	15219653	0.011970000
chr1	20587535	20587535	0.011970000
chr1	28148000	28148000	0.011970000
chr1	37472344	37472344	0.000004570
chr1	57867635	57867635	0.001400000
chr1	58580501	58580501	0.001400000
chr1	167551068	167551068	0.000100000
chr2	15891152	15891152	0.000410000
chr2	101991887	101991887	0.011970000
chr2	106107705	106107705	0.029910000
chr2	127398538	127398538	0.001400000
chr2	202029712	202029712	0.029910000
chr2	233451059	233451059	0.029910000
chr3	4980707	4980707	0.004320000
chr3	119311176	119311176	0.011970000
chr3	146161297	146161297	0.004320000
chr4	1228147	1228147	0.004320000
chr4	1740574	1740574	0.001400000
chr4	3449043	3449043	0.011970000
chr4	110476176	110476176	0.029910000
chr4	140256465	140256465	0.011970000
chr4	140308964	140308964	0.000410000
chr5	56480518	56480518	0.000410000
chr5	172347268	172347268	0.004320000
chr6	29631473	29631473	0.000410000
chr6	29889161	29889161	0.029910000
chr6	30679784	30679784	0.000100000
chr6	31578308	31578308	0.004320000
chr6	33174021	33174021	0.029910000
chr6	43838733	43838733	0.000023400
chr6	149940908	149940908	0.000410000
chr7	590944	590944	0.001400000
chr7	2037658	2037658	0.004320000
chr7	5495320	5495320	0.004320000
chr7	30465325	30465325	0.001400000
chr7	38656332	38656332	0.001400000
chr7	41732841	41732841	0.011970000
chr7	149220813	149220813	0.001400000
chr7	149872909	149872909	0.004320000
chr7	151805236	151805236	0.004320000
chr8	6563249	6563249	0.029910000
chr8	142300865	142300865	0.004320000
chr8	142326130	142326130	0.011970000
chr8	143181352	143181352	0.029910000
chr9	131264491	131264491	0.000410000
chr9	133735119	133735119	0.004320000
chr9	135713203	135713203	0.001400000
chr10	5619778	5619778	0.029910000
chr10	6062174	6062174	0.011970000
chr10	69848898	69848898	0.029910000
chr10	71713478	71713478	0.000100000
chr10	110499547	110499547	0.001400000
chr10	122822210	122822210	0.004320000
chr10	129344209	129344209	0.000410000
chr11	12288075	12288075	0.000100000
chr11	14259465	14259465	0.004320000
chr11	34146308	34146308	0.004320000
chr11	45930252	45930252	0.004320000
chr11	47905957	47905957	0.004320000
chr11	62337190	62337190	0.000100000
chr11	70471403	70471403	0.004320000
chr11	126416598	126416598	0.001400000
chr11	128906164	128906164	0.001400000
chr11	134959471	134959471	0.000100000
chr12	453106	453106	0.000100000
chr12	53098878	53098878	0.004320000
chr13	24224057	24224057	0.011970000
chr13	68885401	68885401	0.011970000
chr13	114063695	114063695	0.001400000
chr13	114123524	114123524	0.004320000
chr14	68922236	68922236	0.011970000
chr14	69354332	69354332	0.029910000
chr14	77709127	77709127	0.011970000
chr14	104884578	104884578	0.011970000
chr14	106399178	106399178	0.004320000
chr15	31401340	31401340	0.029910000
chr15	44735885	44735885	0.029910000
chr15	83108299	83108299	0.011970000
chr15	90184763	90184763	0.004320000
chr15	100959495	100959495	0.000410000
chr16	28495156	28495156	0.011970000
chr16	28947989	28947989	0.029910000
chr16	31150110	31150110	0.011970000
chr16	46885282	46885282	0.004320000
chr16	49589852	49589852	0.000100000
chr16	85403235	85403235	0.000410000
chr17	1575595	1575595	0.000004570
chr17	42512899	42512899	0.011970000
chr17	42563210	42563210	0.011970000
chr17	44707710	44707710	0.011970000
chr17	72540020	72540020	0.000410000
chr17	76569675	76569675	0.000000761
chr17	78474930	78474930	0.029910000
chr17	81255137	81255137	0.004320000
chr17	81835124	81835124	0.000100000
chr18	62596413	62596413	0.001400000
chr19	427263	427263	0.004320000
chr19	696946	696946	0.001400000
chr19	807147	807147	0.011970000
chr19	3810784	3810784	0.004320000
chr19	4542854	4542854	0.004320000
chr19	35609846	35609846	0.001400000
chr19	46747350	46747350	0.011970000
chr19	47604161	47604161	0.029910000
chr19	51887981	51887981	0.029910000
chr20	35290339	35290339	0.004320000
chr20	44754090	44754090	0.011970000
chr20	45631568	45631568	0.029910000
chr20	45945783	45945783	0.000004570
chr22	29391636	29391636	0.000410000
chr22	29720964	29720964	0.000023400
chr1	2272150	2272150	0.000100000
chr1	3746600	3746600	0.000410000
chr1	7827395	7827395	0.011970000
chr1	17307186	17307186	0.011970000
chr1	24325758	24325758	0.004320000
chr1	25771819	25771819	0.000410000
chr1	30724091	30724091	0.004320000
chr1	50103938	50103938	0.000100000
chr1	112882641	112882641	0.001400000
chr1	117210691	117210691	0.004320000
chr1	150508112	150508112	0.029910000
chr1	204369245	204369245	0.000410000
chr1	226111438	226111438	0.001400000
chr2	10414114	10414114	0.004320000
chr2	27078327	27078327	0.000023400
chr2	28494763	28494763	0.001400000
chr2	70888240	70888240	0.011970000
chr2	108378072	108378072	0.000410000
chr2	109195633	109195633	0.011970000
chr2	110212276	110212276	0.011970000
chr2	131331228	131331228	0.011970000
chr2	174667610	174667610	0.004320000
chr2	228180304	228180304	0.011970000
chr3	21750942	21750942	0.011970000
chr3	45632789	45632789	0.029910000
chr3	49658620	49658620	0.001400000
chr3	52182302	52182302	0.004320000
chr3	71681526	71681526	0.029910000
chr3	71729241	71729241	0.004320000
chr3	165196833	165196833	0.011970000
chr3	169814346	169814346	0.001400000
chr3	193348308	193348308	0.011970000
chr4	7065648	7065648	0.000100000
chr4	24795297	24795297	0.000410000
chr4	54254562	54254562	0.004320000
chr4	145882858	145882858	0.001400000
chr5	76820263	76820263	0.011970000
chr5	148654467	148654467	0.029910000
chr5	150778164	150778164	0.029910000
chr5	176674927	176674927	0.001400000
chr5	180135620	180135620	0.001400000
chr6	30127488	30127488	0.029910000
chr6	30752534	30752534	0.011970000
chr6	31927716	31927716	0.000410000
chr6	32068501	32068501	0.001400000
chr6	33273633	33273633	0.029910000
chr6	33607942	33607942	0.029910000
chr6	34028803	34028803	0.001400000
chr7	2020405	2020405	0.000410000
chr7	2734148	2734148	0.004320000
chr7	19773674	19773674	0.029910000
chr7	22855664	22855664	0.004320000
chr7	30136648	30136648	0.001400000
chr7	74532072	74532072	0.029910000
chr7	88307077	88307077	0.001400000
chr7	100494163	100494163	0.004320000
chr7	128272319	128272319	0.001400000
chr7	157613404	157613404	0.029910000
chr8	2006951	2006951	0.004320000
chr8	56438176	56438176	0.029910000
chr8	67952534	67952534	0.001400000
chr8	101250929	101250929	0.029910000
chr8	140589257	140589257	0.001400000
chr9	25678017	25678017	0.004320000
chr9	127736030	127736030	0.004320000
chr9	137494152	137494152	0.000410000
chr10	1038926	1038926	0.000410000
chr10	1182499	1182499	0.000100000
chr10	13659447	13659447	0.000410000
chr10	49328921	49328921	0.011970000
chr10	124619812	124619812	0.011970000
chr10	133047579	133047579	0.001400000
chr11	10574512	10574512	0.029910000
chr11	33736867	33736867	0.029910000
chr11	33893099	33893099	0.029910000
chr11	44538439	44538439	0.001400000
chr11	60890889	60890889	0.001400000
chr11	64205534	64205534	0.001400000
chr11	64604805	64604805	0.011970000
chr11	65044303	65044303	0.000410000
chr11	75524266	75524266	0.011970000
chr11	117986915	117986915	0.000410000
chr11	118415390	118415390	0.011970000
chr11	118909126	118909126	0.001400000
chr12	51324467	51324467	0.029910000
chr12	130334959	130334959	0.004320000
chr13	75417115	75417115	0.001400000
chr13	97125436	97125436	0.011970000
chr14	59578322	59578322	0.004320000
chr16	637414	637414	0.004320000
chr16	31139059	31139059	0.001400000
chr16	34159405	34159405	0.000100000
chr16	66478041	66478041	0.004320000
chr16	81633562	81633562	0.000410000
chr16	87648430	87648430	0.029910000
chr16	88631539	88631539	0.000410000
chr17	27380509	27380509	0.029910000
chr17	28467860	28467860	0.000100000
chr17	40065386	40065386	0.000004570
chr17	43627675	43627675	0.000410000
chr17	50504261	50504261	0.004320000
chr17	77310416	77310416	0.000100000
chr17	81255324	81255324	0.004320000
chr17	82051139	82051139	0.000023400
chr19	2789455	2789455	0.011970000
chr19	3136432	3136432	0.029910000
chr19	4954858	4954858	0.000410000
chr19	5041559	5041559	0.001400000
chr19	23002912	23002912	0.029910000
chr19	35490647	35490647	0.011970000
chr19	45008864	45008864	0.011970000
chr19	48966708	48966708	0.004320000
chr19	52689324	52689324	0.000100000
chr19_KI270938v1_alt	275331	275331	0.004320000
chr20	710271	710271	0.029910000
chr20	23035295	23035295	0.011970000
chr20	58692120	58692120	0.000023400
chr21	36164625	36164625	0.001400000
chr22	38758586	38758586	0.000023400
chr22	45414162	45414162	0.004320000
chr1	2335494	2335494	0.000023400
chr1	3664756	3664756	0.011970000
chr1	3823556	3823556	0.011970000
chr1	15849930	15849930	0.011970000
chr1	27402549	27402549	0.011970000
chr1	39409566	39409566	0.011970000
chr1	117211119	117211119	0.000410000
chr1	149174767	149174767	0.000410000
chr1	150972158	150972158	0.000410000
chr1	151200429	151200429	0.001400000
chr1	154971175	154971175	0.001400000
chr1	181108005	181108005	0.011970000
chr1	213987517	213987517	0.000023400
chr2	1707987	1707987	0.029910000
chr2	2708897	2708897	0.029910000
chr2	10204877	10204877	0.000023400
chr2	20157545	20157545	0.011970000
chr2	48857630	48857630	0.001400000
chr2	54605010	54605010	0.001400000
chr2	118841883	118841883	0.004320000
chr2	236863194	236863194	0.004320000
chr3	48465766	48465766	0.001400000
chr3	197957858	197957858	0.001400000
chr4	1348671	1348671	0.011970000
chr4	4226844	4226844	0.011970000
chr4	9781568	9781568	0.029910000
chr5	53779857	53779857	0.001400000
chr5	56494275	56494275	0.011970000
chr5	150490833	150490833	0.011970000
chr5	151924796	151924796	0.000100000
chr6	15400836	15400836	0.001400000
chr6	31123606	31123606	0.029910000
chr6	31562120	31562120	0.011970000
chr6	31587071	31587071	0.001400000
chr6	31879179	31879179	0.001400000
chr6	77462475	77462475	0.001400000
chr6	156188740	156188740	0.029910000
chr6	169790980	169790980	0.001400000
chr7	2608218	2608218	0.000410000
chr7	2730047	2730047	0.000410000
chr7	28573062	28573062	0.004320000
chr7	128134102	128134102	0.011970000
chr8	8455994	8455994	0.004320000
chr8	21912392	21912392	0.029910000
chr8	23243708	23243708	0.004320000
chr8	143326418	143326418	0.000023400
chr9	19934449	19934449	0.029910000
chr9	38488086	38488086	0.029910000
chr9	133420686	133420686	0.029910000
chr10	21388001	21388001	0.000410000
chr10	47215773	47215773	0.011970000
chr10	61964160	61964160	0.011970000
chr10	72261674	72261674	0.004320000
chr10	78171821	78171821	0.011970000
chr10	104319164	104319164	0.001400000
chr10	113112172	113112172	0.011970000
chr10	114768559	114768559	0.000410000
chr10	117197587	117197587	0.011970000
chr10	132914984	132914984	0.011970000
chr11	844686	844686	0.001400000
chr11	7672443	7672443	0.029910000
chr11	8719099	8719099	0.004320000
chr11	19607282	19607282	0.004320000
chr11	27719266	27719266	0.011970000
chr11	47261417	47261417	0.004320000
chr11	63015651	63015651	0.001400000
chr11	64371292	64371292	0.001400000
chr11	68008502	68008502	0.011970000
chr11	70423507	70423507	0.029910000
chr11	118910441	118910441	0.029910000
chr11	128824784	128824784	0.029910000
chr12	30794937	30794937	0.004320000
chr12	108827631	108827631	0.001400000
chr12	130519230	130519230	0.001400000
chr13	112711075	112711075	0.029910000
chr14	23303407	23303407	0.011970000
chr14	68364096	68364096	0.000100000
chr14	87993619	87993619	0.001400000
chr14	103014934	103014934	0.004320000
chr14	105707442	105707442	0.029910000
chr15	40758179	40758179	0.004320000
chr16	424271	424271	0.011970000
chr16	2502819	2502819	0.004320000
chr16	4611663	4611663	0.000410000
chr16	30095361	30095361	0.000100000
chr16	69316149	69316149	0.011970000
chr16	87723427	87723427	0.029910000
chr16	89102191	89102191	0.001400000
chr16	89608719	89608719	0.029910000
chr17	182475	182475	0.000023400
chr17	1606786	1606786	0.029910000
chr17	16408524	16408524	0.011970000
chr17	42520065	42520065	0.004320000
chr17	44389831	44389831	0.001400000
chr17	45039658	45039658	0.004320000
chr17	45426035	45426035	0.000023400
chr17	48875193	48875193	0.011970000
chr17	54901222	54901222	0.001400000
chr17	63997791	63997791	0.000410000
chr17	73317723	73317723	0.011970000
chr17	76561022	76561022	0.011970000
chr17	78390744	78390744	0.011970000
chr17	81400941	81400941	0.001400000
chr18	70284850	70284850	0.029910000
chr19	851650	851650	0.004320000
chr19	2546940	2546940	0.004320000
chr19	4059990	4059990	0.029910000
chr19	15480613	15480613	0.029910000
chr19	32671979	32671979	0.000023400
chr19	44752539	44752539	0.011970000
chr19	49020999	49020999	0.001400000
chr20	31641532	31641532	0.029910000
chr20	46550715	46550715	0.029910000
chr21	33033245	33033245	0.000410000
chr21	44948024	44948024	0.001400000
chr21	46605778	46605778	0.011970000
chr22	30561724	30561724	0.000410000
chr22	35729006	35729006	0.004320000
chr22	50464126	50464126	0.029910000
chr1	17556503	17556503	0.004320000
chr1	27005791	27005791	0.000410000
chr1	27369186	27369186	0.000410000
chr1	37475760	37475760	0.004320000
chr1	94602473	94602473	0.004320000
chr1	148862714	148862714	0.011970000
chr1	160366909	160366909	0.011970000
chr1	164712415	164712415	0.000410000
chr2	18584756	18584756	0.011970000
chr2	27461038	27461038	0.004320000
chr2	88765862	88765862	0.000100000
chr2	102114947	102114947	0.000100000
chr2	117835902	117835902	0.029910000
chr2	178212077	178212077	0.000410000
chr2	233717705	233717705	0.004320000
chr3	10142635	10142635	0.011970000
chr3	50592277	50592277	0.004320000
chr3	147371842	147371842	0.001400000
chr4	6892683	6892683	0.001400000
chr4	53652577	53652577	0.004320000
chr5	142827159	142827159	0.004320000
chr6	29602263	29602263	0.004320000
chr6	30163412	30163412	0.011970000
chr6	30597608	30597608	0.011970000
chr6	32095997	32095997	0.029910000
chr6	33193661	33193661	0.004320000
chr6	33320546	33320546	0.000410000
chr6	43640589	43640589	0.001400000
chr6	149485366	149485366	0.004320000
chr6	168035419	168035419	0.011970000
chr7	1041708	1041708	0.011970000
chr7	1366924	1366924	0.011970000
chr7	2524622	2524622	0.004320000
chr7	27144697	27144697	0.000410000
chr7	100656169	100656169	0.001400000
chr7	157827993	157827993	0.011970000
chr8	102805722	102805722	0.001400000
chr8	141227260	141227260	0.000410000
chr8	143871451	143871451	0.029910000
chr9	137462378	137462378	0.029910000
chr10	69828253	69828253	0.011970000
chr10	79094228	79094228	0.011970000
chr10	132144039	132144039	0.011970000
chr10	132228279	132228279	0.004320000
chr11	646373	646373	0.011970000
chr11	18266142	18266142	0.001400000
chr11	45650698	45650698	0.000410000
chr11	63505437	63505437	0.011970000
chr11	69012668	69012668	0.004320000
chr11	73309684	73309684	0.000410000
chr11	74467069	74467069	0.001400000
chr12	6914182	6914182	0.000410000
chr12	10636615	10636615	0.004320000
chr12	119804526	119804526	0.011970000
chr12	122863137	122863137	0.029910000
chr12	132434098	132434098	0.011970000
chr13	61415593	61415593	0.001400000
chr13	113445556	113445556	0.011970000
chr14	22494882	22494882	0.004320000
chr14	94293536	94293536	0.001400000
chr14	105712799	105712799	0.000410000
chr15	25237522	25237522	0.011970000
chr15	25797772	25797772	0.029910000
chr15	26971672	26971672	0.029910000
chr15	29136535	29136535	0.000023400
chr15	40340923	40340923	0.004320000
chr15	41966752	41966752	0.004320000
chr15	74854322	74854322	0.029910000
chr15	79004868	79004868	0.011970000
chr15	84389350	84389350	0.000100000
chr16	79231	79231	0.029910000
chr16	31259688	31259688	0.011970000
chr16	65658702	65658702	0.004320000
chr16	66485271	66485271	0.029910000
chr16	85281606	85281606	0.029910000
chr16	88228169	88228169	0.011970000
chr17	7839653	7839653	0.000023400
chr17	8756091	8756091	0.029910000
chr17	17153315	17153315	0.004320000
chr17	39868383	39868383	0.000410000
chr17	42671402	42671402	0.011970000
chr17	50396396	50396396	0.011970000
chr17	62617728	62617728	0.001400000
chr17	81828115	81828115	0.000410000
chr19	2080024	2080024	0.011970000
chr19	3558419	3558419	0.029910000
chr19	16286118	16286118	0.001400000
chr19	40433522	40433522	0.001400000
chr19	51183060	51183060	0.004320000
chr20	31547305	31547305	0.001400000
chr20	37525545	37525545	0.011970000
chr20	40506832	40506832	0.029910000
chr20	62683856	62683856	0.001400000
chr20	63891165	63891165	0.029910000
chr22	46007436	46007436	0.000100000
chr22	50508283	50508283	0.000004570
chr1	1629540	1629540	0.004320000
chr1	13705539	13705539	0.011970000
chr1	39525754	39525754	0.001400000
chr1	47823141	47823141	0.029910000
chr1	68047162	68047162	0.000410000
chr1	89844439	89844439	0.001400000
chr1	119323995	119323995	0.000100000
chr1	156241643	156241643	0.011970000
chr1	162363564	162363564	0.000023400
chr1	200907829	200907829	0.029910000
chr1	237041995	237041995	0.000410000
chr2	10036621	10036621	0.004320000
chr2	11378367	11378367	0.029910000
chr2	17815871	17815871	0.011970000
chr2	66445556	66445556	0.000023400
chr2	101700034	101700034	0.011970000
chr3	8990735	8990735	0.011970000
chr3	55659154	55659154	0.011970000
chr3	58009453	58009453	0.001400000
chr3	138439140	138439140	0.029910000
chr3	183255244	183255244	0.000410000
chr4	676905	676905	0.004320000
chr4	24198389	24198389	0.011970000
chr4	153470792	153470792	0.004320000
chr5	1140633	1140633	0.000410000
chr5	16866955	16866955	0.004320000
chr5	39202905	39202905	0.011970000
chr5	58629655	58629655	0.001400000
chr5	149632539	149632539	0.001400000
chr5	176446936	176446936	0.004320000
chr6	30651432	30651432	0.004320000
chr6	31414288	31414288	0.029910000
chr6	31727250	31727250	0.011970000
chr6	32047996	32047996	0.029910000
chr6	33278380	33278380	0.029910000
chr6	33804917	33804917	0.029910000
chr6	44279018	44279018	0.001400000
chr6	70861743	70861743	0.011970000
chr6	89217514	89217514	0.000410000
chr6	138464221	138464221	0.011970000
chr6	157645577	157645577	0.004320000
chr7	80970	80970	0.004320000
chr7	1875632	1875632	0.004320000
chr7	27142874	27142874	0.004320000
chr7	101299882	101299882	0.011970000
chr8	1886008	1886008	0.004320000
chr8	53514703	53514703	0.029910000
chr8	101155466	101155466	0.004320000
chr8	127987182	127987182	0.004320000
chr8	134925779	134925779	0.011970000
chr8	141359368	141359368	0.004320000
chr8	142515484	142515484	0.001400000
chr9	91496956	91496956	0.011970000
chr9	98808421	98808421	0.011970000
chr9	136121108	136121108	0.000023400
chr10	47146348	47146348	0.004320000
chr10	71409488	71409488	0.001400000
chr10	119442042	119442042	0.011970000
chr10	132787096	132787096	0.029910000
chr11	1310267	1310267	0.029910000
chr11	2898568	2898568	0.004320000
chr11	33542174	33542174	0.029910000
chr11	35166890	35166890	0.004320000
chr11	49558445	49558445	0.011970000
chr11	73530290	73530290	0.004320000
chr11	118213227	118213227	0.001400000
chr11	126628792	126628792	0.004320000
chr12	50033118	50033118	0.001400000
chr12	55929175	55929175	0.029910000
chr12	68343281	68343281	0.000100000
chr12	69689105	69689105	0.000100000
chr12	108292357	108292357	0.004320000
chr12	114406460	114406460	0.011970000
chr13	112997755	112997755	0.000100000
chr14	22839085	22839085	0.001400000
chr14	58396644	58396644	0.004320000
chr14	93720212	93720212	0.004320000
chr14	105558684	105558684	0.004320000
chr15	91948348	91948348	0.029910000
chr16	29154311	29154311	0.011970000
chr16	71489533	71489533	0.011970000
chr16	85445326	85445326	0.000410000
chr16	90082554	90082554	0.011970000
chr17	1577416	1577416	0.004320000
chr17	48545174	48545174	0.004320000
chr17	57899161	57899161	0.004320000
chr17	81322534	81322534	0.001400000
chr17	81461116	81461116	0.029910000
chr17	82710881	82710881	0.029910000
chr19	1402420	1402420	0.000410000
chr19	2346281	2346281	0.000100000
chr19	2695247	2695247	0.011970000
chr19	2700929	2700929	0.004320000
chr19	4530221	4530221	0.004320000
chr19	45150955	45150955	0.000410000
chr19	46786153	46786153	0.029910000
chr19	55547344	55547344	0.000100000
chr20	13220284	13220284	0.001400000
chr20	45946382	45946382	0.000100000
chr20	63736453	63736453	0.004320000
chr21	44354781	44354781	0.004320000
chr22	16592704	16592704	0.011970000
chr22	17110917	17110917	0.000004570
chr22	19450723	19450723	0.001400000
chr22	38318421	38318421	0.011970000
chr1	6360653	6360653	0.001400000
chr1	21428406	21428406	0.004320000
chr1	35448181	35448181	0.011970000
chr1	36482712	36482712	0.029910000
chr1	148329093	148329093	0.004320000
chr1	153357781	153357781	0.004320000
chr1	154998633	154998633	0.000004570
chr1	161709671	161709671	0.011970000
chr1	178038148	178038148	0.000410000
chr1	206115322	206115322	0.001400000
chr1	225877937	225877937	0.001400000
chr1	230140491	230140491	0.000100000
chr1	231612160	231612160	0.029910000
chr2	28681589	28681589	0.011970000
chr2	37774417	37774417	0.011970000
chr2	71851508	71851508	0.000410000
chr2	85245156	85245156	0.011970000
chr2	214810705	214810705	0.011970000
chr2	236472950	236472950	0.004320000
chr2	239113411	239113411	0.001400000
chr3	52831621	52831621	0.004320000
chr3	141658263	141658263	0.004320000
chr4	663285	663285	0.029910000
chr4	3473314	3473314	0.029910000
chr4	37889755	37889755	0.011970000
chr5	1477154	1477154	0.004320000
chr5	17158210	17158210	0.000100000
chr5	59893640	59893640	0.001400000
chr5	176674882	176674882	0.000100000
chr5	178940826	178940826	0.029910000
chr6	29755543	29755543	0.004320000
chr6	30329480	30329480	0.004320000
chr6	30329561	30329561	0.029910000
chr6	31120566	31120566	0.011970000
chr6	31592664	31592664	0.029910000
chr6	33619719	33619719	0.004320000
chr6	39316903	39316903	0.011970000
chr6	43509028	43509028	0.001400000
chr6	150813740	150813740	0.004320000
chr6	157689092	157689092	0.001400000
chr7	1736440	1736440	0.011970000
chr7	44996066	44996066	0.001400000
chr7	102973375	102973375	0.029910000
chr7	134549039	134549039	0.004320000
chr7	158428384	158428384	0.011970000
chr8	102805834	102805834	0.000023400
chr8	142539232	142539232	0.000410000
chr8	143334234	143334234	0.011970000
chr9	89544391	89544391	0.029910000
chr9	122375315	122375315	0.000004570
chr9	127897391	127897391	0.029910000
chr9	131034877	131034877	0.001400000
chr9	133349221	133349221	0.004320000
chr9	135908544	135908544	0.004320000
chr9	136748423	136748423	0.004320000
chr9	136821249	136821249	0.011970000
chr9	137452447	137452447	0.001400000
chr10	43652989	43652989	0.011970000
chr10	48594874	48594874	0.004320000
chr10	62560391	62560391	0.004320000
chr10	78169829	78169829	0.004320000
chr10	97772879	97772879	0.001400000
chr10	99537848	99537848	0.000023400
chr10	132417381	132417381	0.004320000
chr11	3626189	3626189	0.011970000
chr11	67650487	67650487	0.011970000
chr11	75554150	75554150	0.011970000
chr11	102429919	102429919	0.000410000
chr11	118971682	118971682	0.011970000
chr11	130623358	130623358	0.000410000
chr12	8134142	8134142	0.000410000
chr12	51497215	51497215	0.004320000
chr12	52799541	52799541	0.004320000
chr12	69331915	69331915	0.000410000
chr12	113107123	113107123	0.004320000
chr12	113521207	113521207	0.004320000
chr12	132446174	132446174	0.029910000
chr12	132768699	132768699	0.004320000
chr13	30153962	30153962	0.004320000
chr13	57631544	57631544	0.000100000
chr14	67515739	67515739	0.004320000
chr14	76381449	76381449	0.001400000
chr14	76829891	76829891	0.011970000
chr14	100829797	100829797	0.011970000
chr14	103354993	103354993	0.000100000
chr14	103704922	103704922	0.004320000
chr15	40941503	40941503	0.000100000
chr16	2971801	2971801	0.000100000
chr16	3966719	3966719	0.001400000
chr16	4664228	4664228	0.001400000
chr16	4681638	4681638	0.004320000
chr16	4682261	4682261	0.004320000
chr16	56296356	56296356	0.011970000
chr16	88067407	88067407	0.029910000
chr16	89162562	89162562	0.011970000
chr17	7579138	7579138	0.029910000
chr17	28957637	28957637	0.001400000
chr17	32494737	32494737	0.001400000
chr17	49210082	49210082	0.000410000
chr17	49901705	49901705	0.001400000
chr17	67043701	67043701	0.011970000
chr17	68359916	68359916	0.000004570
chr17	77426374	77426374	0.001400000
chr17	78113141	78113141	0.004320000
chr17	78805497	78805497	0.011970000
chr17	80189469	80189469	0.004320000
chr19	1356033	1356033	0.001400000
chr19	2607905	2607905	0.000410000
chr19	2624624	2624624	0.001400000
chr19	11577896	11577896	0.029910000
chr19	17553279	17553279	0.011970000
chr19	18854899	18854899	0.004320000
chr19	48755548	48755548	0.029910000
chr20	49952379	49952379	0.011970000
chr20	63939343	63939343	0.011970000
chr21	32576251	32576251	0.029910000
chr22	31248011	31248011	0.001400000
chr22	50309449	50309449	0.000100000
chr1	2126978	2126978	0.011970000
chr1	3509039	3509039	0.029910000
chr1	17094820	17094820	0.011970000
chr1	36100171	36100171	0.004320000
chr1	76268884	76268884	0.011970000
chr1	148880014	148880014	0.000100000
chr1	159204938	159204938	0.000410000
chr1	172659123	172659123	0.004320000
chr1	182633851	182633851	0.029910000
chr1	231846160	231846160	0.004320000
chr1	235105306	235105306	0.029910000
chr2	69438000	69438000	0.000100000
chr2	101342674	101342674	0.011970000
chr2	105801244	105801244	0.029910000
chr2	109514353	109514353	0.029910000
chr2	127591324	127591324	0.011970000
chr2	190534043	190534043	0.011970000
chr2	216563402	216563402	0.001400000
chr2	236551947	236551947	0.004320000
chr2	239246717	239246717	0.001400000
chr2	240987191	240987191	0.000004570
chr3	11085607	11085607	0.004320000
chr3	42160406	42160406	0.029910000
chr3	135159897	135159897	0.004320000
chr3	170908936	170908936	0.001400000
chr3	185254357	185254357	0.004320000
chr3	190388032	190388032	0.004320000
chr4	1540444	1540444	0.004320000
chr4	6245902	6245902	0.000100000
chr4	11368842	11368842	0.004320000
chr5	134577432	134577432	0.011970000
chr5	154850748	154850748	0.029910000
chr5	176547972	176547972	0.029910000
chr6	15439470	15439470	0.029910000
chr6	27669741	27669741	0.029910000
chr6	28616194	28616194	0.011970000
chr6	29827659	29827659	0.011970000
chr6	30644553	30644553	0.011970000
chr6	30685882	30685882	0.000100000
chr6	30716503	30716503	0.029910000
chr6	31773072	31773072	0.000023400
chr6	32149504	32149504	0.001400000
chr6	32815211	32815211	0.001400000
chr6	33163497	33163497	0.011970000
chr6	33193559	33193559	0.029910000
chr6	57262819	57262819	0.004320000
chr6	110399298	110399298	0.001400000
chr6	157645779	157645779	0.001400000
chr6	167093617	167093617	0.011970000
chr7	832416	832416	0.001400000
chr7	1023016	1023016	0.029910000
chr7	2005152	2005152	0.001400000
chr7	2574329	2574329	0.029910000
chr7	50566199	50566199	0.029910000
chr7	96288590	96288590	0.000000106
chr7	143359248	143359248	0.011970000
chr8	9075078	9075078	0.004320000
chr8	20280867	20280867	0.004320000
chr8	27583856	27583856	0.000410000
chr8	137886000	137886000	0.000410000
chr9	36985990	36985990	0.000100000
chr9	126482967	126482967	0.029910000
chr9	134367074	134367074	0.004320000
chr10	7667775	7667775	0.001400000
chr10	49768525	49768525	0.029910000
chr10	70405824	70405824	0.000410000
chr10	131996674	131996674	0.011970000
chr11	331179	331179	0.001400000
chr11	10694168	10694168	0.011970000
chr11	44557251	44557251	0.000410000
chr11	57464990	57464990	0.004320000
chr11	64637980	64637980	0.004320000
chr11	72432841	72432841	0.004320000
chr11	93537917	93537917	0.004320000
chr11	94694680	94694680	0.001400000
chr11	117799942	117799942	0.001400000
chr12	54390396	54390396	0.001400000
chr12	55931231	55931231	0.001400000
chr12	95700406	95700406	0.004320000
chr12	124517461	124517461	0.029910000
chr12	124626387	124626387	0.004320000
chr13	113491823	113491823	0.000023400
chr14	33363181	33363181	0.001400000
chr14	85530155	85530155	0.000410000
chr14	100307726	100307726	0.029910000
chr14	101060333	101060333	0.029910000
chr15	73346764	73346764	0.011970000
chr15	78808721	78808721	0.011970000
chr16	2033127	2033127	0.000410000
chr16	2486152	2486152	0.001400000
chr16	20073725	20073725	0.011970000
chr16	84284503	84284503	0.011970000
chr16	88925719	88925719	0.004320000
chr17	2138479	2138479	0.000100000
chr17	7929614	7929614	0.004320000
chr17	8347305	8347305	0.011970000
chr17	17809295	17809295	0.011970000
chr17	34157008	34157008	0.000410000
chr17	76010359	76010359	0.000000106
chr17	76028885	76028885	0.004320000
chr17	77371360	77371360	0.029910000
chr17	77450510	77450510	0.004320000
chr17	77450579	77450579	0.000100000
chr17	78041158	78041158	0.029910000
chr17	78133903	78133903	0.011970000
chr17	80709134	80709134	0.029910000
chr17	81441994	81441994	0.004320000
chr17	82232178	82232178	0.004320000
chr17	82871842	82871842	0.004320000
chr17	82908356	82908356	0.011970000
chr19	728385	728385	0.000410000
chr19	10983982	10983982	0.011970000
chr19	18227769	18227769	0.011970000
chr19	22634569	22634569	0.011970000
chr19	39372278	39372278	0.011970000
chr19	41323137	41323137	0.001400000
chr19	45069154	45069154	0.001400000
chr19	49512275	49512275	0.001400000
chr20	17963328	17963328	0.004320000
chr20	38425321	38425321	0.004320000
chr21	46605187	46605187	0.011970000
chr22	22559241	22559241	0.011970000
chr22	38035719	38035719	0.029910000
chr22	38957645	38957645	0.000410000
chr22	46684274	46684274	0.029910000
chr1	1262889	1262889	0.001400000
chr1	1629645	1629645	0.000100000
chr1	9362379	9362379	0.011970000
chr1	15741880	15741880	0.000100000
chr1	31619517	31619517	0.004320000
chr1	56828412	56828412	0.011970000
chr1	65792363	65792363	0.011970000
chr1	151007935	151007935	0.004320000
chr1	168695703	168695703	0.011970000
chr1	180909512	180909512	0.004320000
chr1	202194935	202194935	0.011970000
chr1	203179004	203179004	0.004320000
chr1	228862202	228862202	0.029910000
chr1	230251522	230251522	0.011970000
chr2	12684603	12684603	0.004320000
chr2	12819187	12819187	0.004320000
chr2	28395461	28395461	0.011970000
chr2	109560379	109560379	0.001400000
chr2	233063713	233063713	0.004320000
chr2	236570021	236570021	0.011970000
chr2	238231993	238231993	0.011970000
chr2	239275300	239275300	0.011970000
chr3	38622766	38622766	0.004320000
chr3	54965764	54965764	0.004320000
chr3	112640801	112640801	0.004320000
chr3	147409223	147409223	0.000410000
chr3	186210375	186210375	0.029910000
chr4	8229120	8229120	0.001400000
chr4	8545262	8545262	0.011970000
chr5	3599572	3599572	0.011970000
chr5	10653192	10653192	0.004320000
chr5	127228989	127228989	0.011970000
chr5	140964898	140964898	0.029910000
chr5	157109368	157109368	0.011970000
chr6	2932007	2932007	0.004320000
chr6	31616165	31616165	0.004320000
chr6	32221620	32221620	0.011970000
chr6	33205705	33205705	0.011970000
chr6	34056443	34056443	0.004320000
chr6	43298108	43298108	0.011970000
chr6	157511098	157511098	0.011970000
chr7	1043673	1043673	0.029910000
chr7	1844124	1844124	0.029910000
chr7	1916485	1916485	0.001400000
chr7	2647671	2647671	0.001400000
chr7	4265429	4265429	0.011970000
chr7	73701699	73701699	0.000100000
chr7	100885890	100885890	0.000100000
chr7	158164220	158164220	0.000100000
chr8	23528400	23528400	0.011970000
chr8	24953752	24953752	0.001400000
chr8	143557193	143557193	0.001400000
chr9	35649909	35649909	0.001400000
chr9	130927990	130927990	0.029910000
chr9	131279697	131279697	0.011970000
chr9	131823539	131823539	0.004320000
chr9	133701942	133701942	0.029910000
chr9	137027519	137027519	0.000410000
chr10	5467017	5467017	0.011970000
chr10	49121783	49121783	0.011970000
chr10	103840655	103840655	0.000410000
chr10	130042744	130042744	0.011970000
chr11	2899184	2899184	0.000023400
chr11	7577442	7577442	0.001400000
chr11	16827377	16827377	0.029910000
chr11	45093019	45093019	0.001400000
chr11	66287856	66287856	0.000100000
chr11	66370978	66370978	0.001400000
chr11	67435963	67435963	0.029910000
chr11	67650894	67650894	0.001400000
chr11	68269831	68269831	0.000100000
chr11	70471350	70471350	0.029910000
chr11	73186098	73186098	0.011970000
chr11	105610061	105610061	0.004320000
chr11	124865232	124865232	0.029910000
chr11	126081110	126081110	0.029910000
chr12	215516	215516	0.001400000
chr12	4032027	4032027	0.004320000
chr12	4562041	4562041	0.001400000
chr12	6632716	6632716	0.029910000
chr12	9064987	9064987	0.029910000
chr12	47236480	47236480	0.029910000
chr12	47835106	47835106	0.029910000
chr12	52050236	52050236	0.011970000
chr12	52496428	52496428	0.011970000
chr12	107317712	107317712	0.001400000
chr12	111084095	111084095	0.001400000
chr12	132766819	132766819	0.029910000
chr13	19564888	19564888	0.029910000
chr13	47904456	47904456	0.004320000
chr13	112107530	112107530	0.011970000
chr13	114021411	114021411	0.001400000
chr13	114084244	114084244	0.000000761
chr14	99548342	99548342	0.029910000
chr14	100073954	100073954	0.011970000
chr14	105182760	105182760	0.001400000
chr15	68609746	68609746	0.004320000
chr15	89913155	89913155	0.004320000
chr16	1615093	1615093	0.001400000
chr16	27402951	27402951	0.001400000
chr16	30434264	30434264	0.001400000
chr16	52383672	52383672	0.004320000
chr16	71441432	71441432	0.004320000
chr16	72921396	72921396	0.001400000
chr16	88638608	88638608	0.029910000
chr16	88698825	88698825	0.029910000
chr17	1979885	1979885	0.029910000
chr17	15946198	15946198	0.029910000
chr17	34626555	34626555	0.029910000
chr17	35448942	35448942	0.011970000
chr17	40442804	40442804	0.011970000
chr17	48915799	48915799	0.029910000
chr17	58324262	58324262	0.001400000
chr17	64006845	64006845	0.001400000
chr17	67531450	67531450	0.011970000
chr17	73437910	73437910	0.029910000
chr17	74890054	74890054	0.004320000
chr17	75320640	75320640	0.011970000
chr17	78041169	78041169	0.011970000
chr17	78568996	78568996	0.000004570
chr18	59899068	59899068	0.001400000
chr18	77014046	77014046	0.001400000
chr18	79616689	79616689	0.011970000
chr19	4543486	4543486	0.029910000
chr19	6038835	6038835	0.001400000
chr19	12648342	12648342	0.000023400
chr19	12943904	12943904	0.011970000
chr19	46023417	46023417	0.011970000
chr19	55647348	55647348	0.029910000
chr19	57810710	57810710	0.004320000
chr20	409907	409907	0.004320000
chr20	36112407	36112407	0.029910000
chr20	46550591	46550591	0.004320000
chr20	57392447	57392447	0.001400000
chr20	64056633	64056633	0.004320000
chr21	44293821	44293821	0.000100000
chr22	37176876	37176876	0.000023400
chr1	7940967	7940967	0.000410000
chr1	22554707	22554707	0.004320000
chr1	85259971	85259971	0.000410000
chr1	108816553	108816553	0.011970000
chr1	110894201	110894201	0.011970000
chr1	151341284	151341284	0.011970000
chr1	153357036	153357036	0.029910000
chr1	156488153	156488153	0.011970000
chr1	181159628	181159628	0.011970000
chr1	182603018	182603018	0.011970000
chr2	7032166	7032166	0.004320000
chr2	96326306	96326306	0.011970000
chr2	96876133	96876133	0.000000106
chr2	98823420	98823420	0.000410000
chr2	229587595	229587595	0.001400000
chr3	4772775	4772775	0.029910000
chr3	13021665	13021665	0.004320000
chr3	46744467	46744467	0.011970000
chr3	122943493	122943493	0.001400000
chr3	197773874	197773874	0.029910000
chr4	1501511	1501511	0.001400000
chr4	3740454	3740454	0.011970000
chr4	6008437	6008437	0.004320000
chr4	7697884	7697884	0.004320000
chr4	16860457	16860457	0.011970000
chr4	186555445	186555445	0.011970000
chr5	754069	754069	0.001400000
chr5	73300925	73300925	0.029910000
chr5	150441728	150441728	0.000023400
chr5	177307744	177307744	0.000410000
chr6	209712	209712	0.001400000
chr6	29792178	29792178	0.011970000
chr6	31582922	31582922	0.029910000
chr6	31616438	31616438	0.029910000
chr6	32047960	32047960	0.004320000
chr6	32841141	32841141	0.011970000
chr6	33839502	33839502	0.001400000
chr6	36849272	36849272	0.011970000
chr6	37018103	37018103	0.001400000
chr6	37222484	37222484	0.000004570
chr6	37457255	37457255	0.000410000
chr6	46326360	46326360	0.011970000
chr6	114063707	114063707	0.011970000
chr6	149451580	149451580	0.004320000
chr6	157306094	157306094	0.000100000
chr7	1645070	1645070	0.011970000
chr7	6396347	6396347	0.001400000
chr7	75953563	75953563	0.004320000
chr7	102426993	102426993	0.000410000
chr7	102432102	102432102	0.004320000
chr7	102432673	102432673	0.004320000
chr7	127591644	127591644	0.004320000
chr7	150736452	150736452	0.000410000
chr7	155337170	155337170	0.001400000
chr8	6805705	6805705	0.011970000
chr8	20252012	20252012	0.004320000
chr8	60413393	60413393	0.011970000
chr8	143159528	143159528	0.029910000
chr8	143927260	143927260	0.001400000
chr9	971480	971480	0.001400000
chr9	91037516	91037516	0.001400000
chr9	136059802	136059802	0.000100000
chr9	136122863	136122863	0.000004570
chr10	8331487	8331487	0.011970000
chr10	32938981	32938981	0.000100000
chr10	72274886	72274886	0.000410000
chr10	125152464	125152464	0.000410000
chr11	614761	614761	0.011970000
chr11	2133025	2133025	0.004320000
chr11	2287281	2287281	0.004320000
chr11	2940575	2940575	0.029910000
chr11	30017138	30017138	0.004320000
chr11	65044347	65044347	0.000410000
chr11	72014378	72014378	0.000410000
chr11	75817489	75817489	0.000410000
chr11	116584872	116584872	0.000100000
chr11	117690424	117690424	0.001400000
chr11	119340936	119340936	0.011970000
chr12	6383837	6383837	0.011970000
chr12	6612726	6612726	0.004320000
chr12	48968692	48968692	0.001400000
chr12	52010350	52010350	0.000410000
chr12	57478340	57478340	0.000410000
chr12	104265528	104265528	0.000000106
chr12	124044892	124044892	0.000410000
chr12	124380048	124380048	0.001400000
chr12	124380111	124380111	0.011970000
chr12	124815254	124815254	0.000410000
chr12	132064859	132064859	0.011970000
chr13	32940699	32940699	0.004320000
chr14	24335724	24335724	0.000410000
chr14	58978261	58978261	0.001400000
chr14	99548448	99548448	0.001400000
chr14	101409267	101409267	0.029910000
chr15	25199005	25199005	0.000410000
chr15	34755002	34755002	0.004320000
chr15	45117744	45117744	0.004320000
chr15	70452195	70452195	0.004320000
chr16	3098981	3098981	0.000100000
chr16	11254754	11254754	0.004320000
chr16	19180401	19180401	0.004320000
chr16	50288245	50288245	0.004320000
chr16	62035902	62035902	0.004320000
chr16	87702083	87702083	0.029910000
chr16	88959114	88959114	0.000100000
chr16	88969124	88969124	0.011970000
chr16	89668578	89668578	0.000410000
chr17	937965	937965	0.011970000
chr17	1754382	1754382	0.000100000
chr17	6660266	6660266	0.000410000
chr17	7929625	7929625	0.004320000
chr17	8466699	8466699	0.011970000
chr17	10127282	10127282	0.000410000
chr17	39198516	39198516	0.001400000
chr17	42866975	42866975	0.004320000
chr17	43892330	43892330	0.004320000
chr17	45788912	45788912	0.001400000
chr17	48576349	48576349	0.001400000
chr17	50175761	50175761	0.011970000
chr17	50606317	50606317	0.029910000
chr17	75997762	75997762	0.004320000
chr17	78577492	78577492	0.029910000
chr17	81406693	81406693	0.029910000
chr17	81966896	81966896	0.011970000
chr17	82602603	82602603	0.029910000
chr18	79436147	79436147	0.000410000
chr18	80147525	80147525	0.001400000
chr19	1130966	1130966	0.000410000
chr19	2859155	2859155	0.001400000
chr19	3053512	3053512	0.004320000
chr19	4851563	4851563	0.029910000
chr19	10625383	10625383	0.029910000
chr19	14779192	14779192	0.004320000
chr19	30375295	30375295	0.004320000
chr19	46622391	46622391	0.000100000
chr19	47755001	47755001	0.000410000
chr19	55347786	55347786	0.004320000
chr19	56671750	56671750	0.000410000
chr20	23363442	23363442	0.029910000
chr20	25453242	25453242	0.001400000
chr20	32765068	32765068	0.004320000
chr21	32417004	32417004	0.029910000
chr22	46374973	46374973	0.029910000
chr22	50286415	50286415	0.004320000
chr1	1072827	1072827	0.000410000
chr1	3022235	3022235	0.001400000
chr1	3066028	3066028	0.004320000
chr1	3182300	3182300	0.029910000
chr1	6578444	6578444	0.004320000
chr1	24964981	24964981	0.000023400
chr1	27575294	27575294	0.011970000
chr1	37795380	37795380	0.004320000
chr1	43786455	43786455	0.001400000
chr1	59107799	59107799	0.011970000
chr1	62319091	62319091	0.001400000
chr1	111984918	111984918	0.000410000
chr1	156242060	156242060	0.011970000
chr1	160399033	160399033	0.004320000
chr1	169460734	169460734	0.004320000
chr1	179591848	179591848	0.001400000
chr1	181033533	181033533	0.001400000
chr1	201662038	201662038	0.029910000
chr1	203054509	203054509	0.004320000
chr1	207911677	207911677	0.011970000
chr1	228014907	228014907	0.000410000
chr1	235993287	235993287	0.029910000
chr1	248817208	248817208	0.029910000
chr2	11592779	11592779	0.029910000
chr2	96843616	96843616	0.001400000
chr2	239250052	239250052	0.001400000
chr2	241035618	241035618	0.004320000
chr3	535946	535946	0.004320000
chr3	9791730	9791730	0.011970000
chr3	34006638	34006638	0.004320000
chr3	52896612	52896612	0.011970000
chr3	62378247	62378247	0.000410000
chr3	124268744	124268744	0.004320000
chr3	184717184	184717184	0.004320000
chr4	305262	305262	0.001400000
chr4	646805	646805	0.000100000
chr4	1022545	1022545	0.029910000
chr4	2790855	2790855	0.004320000
chr4	2942965	2942965	0.011970000
chr4	3385772	3385772	0.004320000
chr4	110199093	110199093	0.001400000
chr5	80785	80785	0.004320000
chr5	1108286	1108286	0.004320000
chr5	127290656	127290656	0.001400000
chr5	149134378	149134378	0.001400000
chr5	151052075	151052075	0.001400000
chr5	170390793	170390793	0.011970000
chr6	1407700	1407700	0.011970000
chr6	31178445	31178445	0.011970000
chr6	31901280	31901280	0.001400000
chr6	32130569	32130569	0.001400000
chr6	152100198	152100198	0.011970000
chr6	170262598	170262598	0.011970000
chr7	35373	35373	0.029910000
chr7	1916102	1916102	0.011970000
chr7	1922233	1922233	0.011970000
chr7	6426053	6426053	0.000100000
chr7	47501945	47501945	0.000023400
chr7	79452350	79452350	0.004320000
chr8	23297178	23297178	0.000100000
chr8	27604996	27604996	0.029910000
chr8	56445571	56445571	0.000410000
chr8	133456778	133456778	0.004320000
chr9	34691004	34691004	0.001400000
chr9	38526950	38526950	0.011970000
chr9	94584660	94584660	0.000410000
chr9	97505419	97505419	0.004320000
chr9	112945437	112945437	0.001400000
chr9	114098370	114098370	0.011970000
chr9	136343009	136343009	0.029910000
chr9	136529700	136529700	0.011970000
chr9	137128480	137128480	0.000100000
chr10	23174314	23174314	0.004320000
chr10	69872252	69872252	0.004320000
chr10	116324992	116324992	0.011970000
chr10	124648236	124648236	0.004320000
chr10	130885191	130885191	0.011970000
chr10	132591441	132591441	0.000410000
chr11	12790169	12790169	0.011970000
chr11	48061548	48061548	0.001400000
chr11	60715701	60715701	0.011970000
chr11	64638521	64638521	0.029910000
chr11	66542996	66542996	0.000410000
chr11	67301298	67301298	0.011970000
chr11	67304414	67304414	0.011970000
chr11	68314218	68314218	0.000023400
chr11	114058442	114058442	0.000100000
chr12	6383724	6383724	0.000023400
chr12	113057814	113057814	0.004320000
chr13	18600701	18600701	0.004320000
chr13	50843333	50843333	0.011970000
chr14	38255443	38255443	0.029910000
chr14	106802711	106802711	0.000000761
chr15	45378997	45378997	0.011970000
chr15	73365460	73365460	0.000410000
chr16	681772	681772	0.001400000
chr16	1152015	1152015	0.011970000
chr16	3591319	3591319	0.000410000
chr16	4682910	4682910	0.000100000
chr16	10882978	10882978	0.004320000
chr16	56607865	56607865	0.004320000
chr16	57628096	57628096	0.011970000
chr16	65578992	65578992	0.001400000
chr16	88921932	88921932	0.011970000
chr16	89095159	89095159	0.029910000
chr16	89114334	89114334	0.029910000
chr17	39921617	39921617	0.011970000
chr17	41917435	41917435	0.001400000
chr17	43940390	43940390	0.004320000
chr17	58529181	58529181	0.000410000
chr17	62704861	62704861	0.011970000
chr17	77320702	77320702	0.011970000
chr17	78134415	78134415	0.000023400
chr18	57803789	57803789	0.004320000
chr18	79401214	79401214	0.029910000
chr19	6660064	6660064	0.000410000
chr19	10960239	10960239	0.011970000
chr19	16067385	16067385	0.029910000
chr19	34253798	34253798	0.004320000
chr19	45409721	45409721	0.011970000
chr19	51888051	51888051	0.011970000
chr20	19886382	19886382	0.004320000
chr20	31602917	31602917	0.011970000
chr20	50840790	50840790	0.000004570
chr21	44424884	44424884	0.029910000
chr22	21868307	21868307	0.001400000
chr22	23762999	23762999	0.001400000
chr22	44676708	44676708	0.001400000
chr22	49826106	49826106	0.029910000
chr1	2496216	2496216	0.000410000
chr1	2632890	2632890	0.004320000
chr1	8211858	8211858	0.004320000
chr1	12047611	12047611	0.004320000
chr1	14804463	14804463	0.001400000
chr1	24143278	24143278	0.029910000
chr1	27623832	27623832	0.011970000
chr1	30807296	30807296	0.001400000
chr1	46301285	46301285	0.000410000
chr1	55039516	55039516	0.011970000
chr1	153357592	153357592	0.011970000
chr1	153566288	153566288	0.029910000
chr1	161261483	161261483	0.004320000
chr1	162381267	162381267	0.004320000
chr1	172639504	172639504	0.011970000
chr1	173865693	173865693	0.011970000
chr1	179744214	179744214	0.011970000
chr1	182084068	182084068	0.029910000
chr1	205525171	205525171	0.004320000
chr1	207801837	207801837	0.029910000
chr1	230292421	230292421	0.004320000
chr1	231107288	231107288	0.029910000
chr2	794632	794632	0.011970000
chr2	27628563	27628563	0.001400000
chr2	42764203	42764203	0.000100000
chr2	61179356	61179356	0.029910000
chr2	64404480	64404480	0.001400000
chr2	66444346	66444346	0.001400000
chr2	68655012	68655012	0.001400000
chr2	71720799	71720799	0.000100000
chr2	79513082	79513082	0.029910000
chr2	156320459	156320459	0.011970000
chr2	218368821	218368821	0.011970000
chr2	239285911	239285911	0.029910000
chr2	240915171	240915171	0.000410000
chr2	241188275	241188275	0.029910000
chr3	31077456	31077456	0.011970000
chr3	56414242	56414242	0.029910000
chr3	158728206	158728206	0.029910000
chr4	1832951	1832951	0.004320000
chr4	6689366	6689366	0.029910000
chr5	1315923	1315923	0.000410000
chr5	141951445	141951445	0.029910000
chr5	150444305	150444305	0.029910000
chr5	154473985	154473985	0.029910000
chr5	168123991	168123991	0.000410000
chr5	171647403	171647403	0.004320000
chr6	5026201	5026201	0.004320000
chr6	29631471	29631471	0.011970000
chr6	30491478	30491478	0.011970000
chr6	30883136	30883136	0.029910000
chr6	33902924	33902924	0.000410000
chr6	39306577	39306577	0.004320000
chr6	150720899	150720899	0.029910000
chr7	713106	713106	0.000410000
chr7	2245088	2245088	0.004320000
chr7	2734909	2734909	0.004320000
chr7	38318083	38318083	0.011970000
chr7	75888623	75888623	0.000410000
chr7	135166425	135166425	0.001400000
chr7	150406814	150406814	0.001400000
chr7	157854532	157854532	0.001400000
chr8	10350646	10350646	0.004320000
chr8	11759784	11759784	0.011970000
chr8	22998103	22998103	0.029910000
chr8	127899520	127899520	0.001400000
chr8	141278409	141278409	0.004320000
chr8	142786846	142786846	0.001400000
chr8	144788045	144788045	0.029910000
chr10	1364023	1364023	0.001400000
chr10	6141612	6141612	0.011970000
chr10	31594171	31594171	0.004320000
chr10	43667822	43667822	0.029910000
chr10	69312393	69312393	0.029910000
chr10	97356790	97356790	0.011970000
chr11	708640	708640	0.000004570
chr11	1924334	1924334	0.029910000
chr11	8259194	8259194	0.001400000
chr11	20156494	20156494	0.001400000
chr11	47153592	47153592	0.000410000
chr11	57650501	57650501	0.000410000
chr11	67650820	67650820	0.011970000
chr12	34361526	34361526	0.011970000
chr12	52244221	52244221	0.004320000
chr12	114399861	114399861	0.000410000
chr12	120231277	120231277	0.000004570
chr12	121654221	121654221	0.029910000
chr12	124603140	124603140	0.011970000
chr12	132446267	132446267	0.011970000
chr13	26020345	26020345	0.004320000
chr13	52159936	52159936	0.011970000
chr13	113429726	113429726	0.000410000
chr13	114123076	114123076	0.029910000
chr14	76825363	76825363	0.029910000
chr14	101846196	101846196	0.011970000
chr14	104186498	104186498	0.000100000
chr15	25074366	25074366	0.001400000
chr15	78946381	78946381	0.029910000
chr16	721714	721714	0.000100000
chr16	1488354	1488354	0.004320000
chr16	56617137	56617137	0.011970000
chr16	57146263	57146263	0.004320000
chr16	57357743	57357743	0.029910000
chr16	67538957	67538957	0.011970000
chr16	73033626	73033626	0.011970000
chr16	85283005	85283005	0.000100000
chr16	85615420	85615420	0.000410000
chr16	85707854	85707854	0.011970000
chr16	85932425	85932425	0.011970000
chr16	88089135	88089135	0.000004570
chr16	88523932	88523932	0.004320000
chr16	88937970	88937970	0.000410000
chr16	89105364	89105364	0.004320000
chr16	89613187	89613187	0.029910000
chr17	17051947	17051947	0.000100000
chr17	21370881	21370881	0.011970000
chr17	41624803	41624803	0.004320000
chr17	50047700	50047700	0.004320000
chr17	60422318	60422318	0.004320000
chr17	63434322	63434322	0.011970000
chr17	75845936	75845936	0.000410000
chr17	76021724	76021724	0.004320000
chr17	81455504	81455504	0.011970000
chr18	9474709	9474709	0.011970000
chr18	57354046	57354046	0.001400000
chr18	59264850	59264850	0.000410000
chr19	291986	291986	0.000410000
chr19	853540	853540	0.029910000
chr19	3398708	3398708	0.000410000
chr19	11236683	11236683	0.029910000
chr19	17461016	17461016	0.011970000
chr19	35908283	35908283	0.011970000
chr19	35963721	35963721	0.000410000
chr19	41306587	41306587	0.029910000
chr19	41575915	41575915	0.011970000
chr19	54100833	54100833	0.000100000
chr21	38808076	38808076	0.011970000
chr22	36167069	36167069	0.029910000
chr22	38444555	38444555	0.011970000
chr22	46739361	46739361	0.004320000
chr22	50545964	50545964	0.029910000
