epigenomics
study - 10.3389/fgene.2022.1058817
coord
chr8	27467783	27470225	0.000000243142939509147
chr17	27044169	27045894	0.000017934774555120600
chr9	125794756	125797284	0.000000910968058190487
chr10	63807168	63809170	0.000003109527371497830
chr17	7460485	7462249	0.000003340212983539490
chr12	123752628	123754755	0.000001350421128761370
chr20	57581529	57583709	0.000015829869635311800
chr10	104535020	104536695	0.000000813578871241125
chr4	154709878	154712580	0.000019744086584499000
chr2	160471238	160474347	0.000001152310411737920
chr3	33700962	33701707	0.000001249773145447840
chr14	50863094	50865194	0.000002261808761698580
chr22	44568203	44568812	0.000002446872886422910
chr7	27199726	27209828	0.000024895207113919900
chr6	31539539	31543300	0.000064088506803241700
chr6	33383412	33385344	0.000001140668370162150
chr7	1093854	1096568	0.000001344167402337410
chr20	45179226	45180444	0.000000978877447993482
chr4	159130014	159132240	0.000002377464272615550
chr17	79880647	79882876	0.000000795052003480307
chr21	31310920	31312905	0.000011186657942712800
chr11	128553855	128556865	0.000001432566416413390
chr7	100463206	100465833	0.000001829727556915240
chr15	91426667	91429916	0.000017359354932333800
chr3	10333655	10335844	0.000000702572269690371
chr6	32819858	32821639	0.000018084093099580200
chr6	4889428	4890656	0.000000609296246451111
chr12	48151524	48153388	0.000025190974819446000
chr2	154727485	154729763	0.000000529402768936332
chr2	173292579	173294093	0.000008728657954566350
chr12	124864528	124865130	0.000004004626879043540
chr22	44463707	44465038	0.000002442710838463870
chr10	129534411	129537308	0.000001023261128270580
chr4	174427146	174431058	0.000001299293646168710
chr2	233876260	233878714	0.000003630314043041180
chr9	130524573	130525864	0.000017280679179278600
chr20	13975279	13977219	0.000158949742650366000
chr3	128778575	128780492	0.000007172948728459340
chr12	63543831	63545956	0.000002311884566848780
chr6	15400462	15401067	0.000001339247366544640
chr7	55620356	55621553	0.000000626344332022988
chr17	37893638	37896620	0.000011222006150799300
chr8	38830814	38832728	0.000016304281534546600
chr15	40631293	40633816	0.000006462634018097530
chr6	31581498	31584941	0.000002862803958156020
chr5	137674048	137675418	0.000000459825250045519
chr11	47398575	47401365	0.000036810445204685200
chr3	111716909	111718457	0.000018438729855287700
chr1	249110746	249111789	0.000000786703715040264
chr2	108993279	108994528	0.000001589065803362870
chr16	30485296	30485966	0.000000407146344284050
chr2	225265564	225267119	0.000003798680457498900
chr5	134734904	134736598	0.000078903889338415400
chr12	89743281	89745412	0.000014584799958533500
chr6	30296689	30297941	0.000077885247535500500
chr17	19290353	19291639	0.000003574441817684120
chr1	38411997	38413790	0.000007567920875321450
chr6	10519310	10521715	0.000005029727814572980
chr15	70766226	70768061	0.000000483397735391196
chr3	11623526	11624533	0.000001831582287653750
chr4	95264019	95264565	0.000000234578809567684
chr6	36665240	36665620	0.000006512540784031250
chr17	46666926	46670029	0.000009360136564929930
chr2	160653686	160655270	0.000001789435308974630
chr6	33171765	33176069	0.000081988153244439600
chr16	62068673	62071495	0.000093508740355081600
chr1	112057879	112058975	0.000003154996125399280
chr19	49992293	49994485	0.000003197438354786320
chr5	176935305	176938889	0.000015055941815913200
chr4	89978251	89978732	0.000005246494963935980
chr12	120663231	120664364	0.000000103208764217166
chr3	122513738	122514814	0.000007018094530264940
chr7	79081455	79084166	0.000158853447673497000
chr13	49975383	49976676	0.000001426902057563140
chr6	131570500	131571669	0.000000999910834872089
chr7	116962452	116964472	0.000006279308991796240
chr17	7340813	7344021	0.000004625545245647800
chr6	33398866	33401542	0.000002786906432220650
chr12	122018375	122021013	0.000005046793191875130
chr17	3819339	3820910	0.000007316540854995830
chr6	31544694	31546067	0.000032637822664067100
chr9	130859964	130860839	0.000008392041225931820
chr19	46317840	46319493	0.000032840736154840300
chr19	15590069	15591424	0.000001155580299248000
chr15	30113651	30115299	0.000019672553097892100
chr2	157290905	157292955	0.000007856149335499160
chr16	66399746	66400599	0.000021944786412515600
chr11	67067459	67071322	0.000052356864191286600
chr15	41060822	41062224	0.000040590662170138200
chr19	42069883	42071943	0.000016360877290396500
chr6	33264318	33266413	0.000092553881533681800
chr1	234748373	234749468	0.000000026296979339611
chr1	153329013	153330776	0.000003245596417023030
chr5	76114933	76116535	0.000031161661271148100
chr1	173174650	173176731	0.000013265209652973700
chr1	167689891	167691465	0.000017672633432926900
chr11	66034014	66036115	0.000141161494442209000
chr6	146863357	146865487	0.000072457064581303400
chr14	24867164	24868755	0.000014646869656369600
chr3	52528714	52529524	0.000018345267153356900
chr3	6902100	6904134	0.000041957031214387300
chr2	66671478	66673985	0.000014127646946136100
chr2	106681338	106682888	0.000007034357786596960
chr14	38724255	38726189	0.000008328036179126420
chr1	233248709	233249314	0.000000925870283286317
chr11	843228	844686	0.000060683118930967700
chr4	172733300	172734843	0.000146494545463866000
chr2	74210857	74213762	0.000001194811052846460
chr22	43040446	43043270	0.000001016903250550000
chr9	124047497	124049158	0.000001547147848165210
chr5	83679123	83681201	0.000090723040310346600
chr11	67204799	67206434	0.000012561789281763000
chr3	101659630	101660066	0.000000299156375759455
chr2	158694810	158696092	0.000000356612375175091
chr3	48470799	48472815	0.000004226824706541920
chr7	153583318	153586022	0.000137332744681031000
chr3	49459143	49460566	0.000199143329086032000
chr22	45608686	45610231	0.000006404850124211020
chr5	14414947	14415656	0.000001374781986948890
chr22	36236274	36236760	0.000000711813792446783
chr2	219151568	219152657	0.000001826287182986250
chr22	45071884	45073165	0.000458223883307616000
chr12	54070131	54071917	0.000730443205515593000
chr3	73672063	73674815	0.000166188727035519000
chr12	54689916	54691774	0.000002505422861864560
chr15	68497730	68499369	0.000012355868869477800
chr22	41762302	41763512	0.000098433598761532400
chr1	156784036	156786617	0.000022822676493858600
chr17	3704471	3707364	0.000045237999573082000
chr19	36246882	36248907	0.000116158223566749000
chr4	110623305	110625181	0.000003312920945725410
chr18	28621490	28623874	0.000016031662809932000
chr4	680656	683772	0.000064993598280561500
chr5	154230173	154231170	0.000000516264250307944
chr5	10441239	10442241	0.000005029943398452920
chr1	110165726	110167509	0.000001040661169918170
chr17	38464162	38465510	0.000018563926411892100
chr14	48143434	48145588	0.000014424666527332200
chr7	75956146	75958048	0.000006892928329360880
chr2	107502023	107504523	0.000042402792632918500
chr12	51403056	51403966	0.000003892213356311430
chr1	203737534	203738799	0.000005366140156300890
chr12	6752881	6753626	0.000016753305440110200
chr13	34184663	34185311	0.000033864440035087300
chr17	73641675	73643683	0.000062835369417049600
chr6	13272338	13273147	0.000010866543360290100
chr20	45946271	45948586	0.000060265576823458500
chr1	55012408	55013735	0.000048647895054689200
chr10	128993810	128995478	0.000207758841426120000
chr10	94448532	94452554	0.000008755342882892940
chr17	942320	944076	0.000003902984463360090
chr5	178367115	178368620	0.000028710584334669100
chr19	13133343	13134254	0.000004331884604584130
chr6	143998686	143999715	0.000038646003933449700
chr17	7832479	7833982	0.000220609866047045000
chr1	245018851	245020058	0.000000611930539086739
chr10	71097327	71097735	0.000002215614585485290
chr8	35092188	35094053	0.000201535179428851000
chr20	44518802	44519697	0.000005053826952375610
chr2	127412692	127414108	0.000039593395542265900
chr2	7171869	7172724	0.000007782154320246980
chr17	72731685	72733450	0.000014712695439251300
chr17	33775295	33777219	0.000969396317998419000
chr6	36929838	36931543	0.000000702420343228553
chr2	33359059	33359688	0.000055890682964273000
chr8	61821266	61823275	0.000008141940246292680
chr5	17444061	17444953	0.000022731522588139900
chr5	50677808	50679965	0.001189014085168400000
chr19	56158209	56160065	0.000011342221121785100
chr6	125283004	125285324	0.000235365593896252000
chr3	24535365	24537801	0.000231972630776584000
chr20	33462829	33464484	0.000003016437116839990
chr17	75445261	75447504	0.000211758316990017000
chr7	25989524	25990679	0.000007152313130070090
chr11	57529255	57529614	0.000002889126843539400
chr11	59822727	59824161	0.000057816650307560800
chr18	31802071	31804742	0.000185451736916764000
chr2	189155551	189158094	0.001551543253006470000
chr17	9861712	9863293	0.000006868585792353550
chr1	36947176	36949733	0.000039248833091906000
chr13	46189838	46190637	0.000003978548173390610
chr12	48170772	48172090	0.000000423204423053023
chr3	71591429	71593693	0.000005774328623875990
chr13	70681017	70683127	0.000235659170436287000
chr11	128561675	128563027	0.000026100810345646700
chr2	85640762	85642415	0.000041031011279175600
chr10	73488971	73489276	0.000000293400119246369
chr6	30623775	30624769	0.000307155309639955000
chr18	59000498	59001726	0.000105901974690479000
chr11	64980819	64981596	0.000168139259842580000
chr16	89041793	89044882	0.000130642955859207000
chr5	146888445	146890581	0.000018551720006424200
chr2	164592477	164593810	0.000029151488699474600
chr6	30749279	30749628	0.000000793345033342876
chr3	155421735	155423168	0.000017402653640256400
chr5	127872767	127875163	0.000089974516709939000
chr16	81771659	81773196	0.000040300891130372700
chr17	25798180	25799447	0.000006422748364309630
chr11	2846681	2848492	0.000049923333928702100
chr11	94277451	94279068	0.000358115385722840000
chr11	1911511	1912495	0.000007978394882505750
chr11	1319648	1321213	0.000006816048894039750
chr11	67141079	67142562	0.000000994596592777764
chr15	92490606	92492431	0.000005086167406387740
chr7	150786051	150786646	0.000000657864322067484
chr1	112016297	112017031	0.000010350861702622700
chr17	75314602	75317185	0.000035135141182438700
chr4	1294432	1295078	0.000080580179920311500
chr12	4397947	4399410	0.000002949842253103730
chr22	31642860	31644558	0.000010511791445903100
chr14	62036609	62037555	0.000002397411032905700
chr13	51289696	51290724	0.000001889732163175640
chr6	6900945	6901086	0.000015356023625061200
chr5	42423228	42425014	0.000029222633303211700
chr12	20521087	20523517	0.000022116702819517300
chr5	80528430	80530213	0.000077286960763648400
chr1	43770523	43771477	0.000000231559562414321
chr12	65671664	65672888	0.000041315685537405400
chr6	32807895	32811253	0.000038565920666834800
chr7	4754502	4756113	0.000046862393672741600
chr15	101591268	101592151	0.000000322594198245259
chr17	77966750	77967813	0.000002044587916532760
chr2	202046548	202048100	0.000002129071414852390
chr11	117695372	117696822	0.000002681109028283960
chr2	80529547	80532419	0.000622621193228877000
chr17	1616635	1619022	0.000001065656073561120
chr6	32903598	32905320	0.000058070374000921200
chr11	27492378	27493886	0.000010594796038680300
chr1	167297590	167298151	0.000002268413612756100
chr4	40631741	40633572	0.000131957371252184000
chr17	46621042	46624268	0.000152987073841100000
chr12	54821152	54822725	0.000000964258801515066
chr12	125353739	125354928	0.000000845296644451512
chr14	29235193	29237480	0.000285237725590630000
chr21	45575014	45576085	0.000007166755690431990
chr5	39219235	39220149	0.000002502768406518530
chr2	102607752	102608349	0.000014869724288272900
chr12	125002191	125003786	0.000056893329960483500
chr1	54519587	54520450	0.000007680427739704820
chr1	161183762	161185092	0.000068742974874790700
chr17	46655818	46660097	0.000430560538722122000
chr11	68922621	68923365	0.000003232310159753520
chr17	11500910	11502254	0.000047181620717958800
chr19	57182127	57183492	0.000158154200748239000
chr17	79196923	79197892	0.000004609286740705790
chr16	51183988	51186266	0.000311270798562836000
chr12	124990897	124991139	0.000005680535121225150
chr1	28904846	28906538	0.000001281874144855120
chr2	55339047	55339939	0.000000532520263067490
chr15	91458121	91460071	0.000019784266925842600
chr7	100880751	100881986	0.000029951823325747000
chr6	116691382	116692074	0.000004252951006086760
chr18	77723195	77723602	0.000070729623105428000
chr4	66534326	66536772	0.000295347721396529000
chr19	44285297	44286076	0.000016078969339681200
chr2	240142589	240147952	0.000006882657180022750
chr12	2026441	2028475	0.000030831835134107400
chr14	85995655	86000285	0.000051734203663181900
chr12	123518833	123519476	0.000000573169629108490
chr12	8275926	8276718	0.000002452170388190820
chr16	89696138	89696568	0.000000248306024073805
chr11	76340765	76342320	0.000004954705785483940
chr12	6484521	6486701	0.000053611017037171700
chr16	70733234	70735419	0.000011819946724291200
chr3	196351327	196352455	0.000020242015166423300
chr6	10838625	10839508	0.000002718560396654790
chr16	81526954	81529963	0.000008174488942254430
chr14	23774958	23776981	0.000034205090651372400
chr15	91382476	91382972	0.000007323173687383610
chr22	42828125	42829834	0.000064710372989793400
chr1	68698499	68699954	0.000000494679931044167
chr2	191184565	191186084	0.000053421107557416300
chr1	65774564	65775842	0.000007333408478483660
chr12	54653065	54656343	0.000026580720913018600
chr17	25886248	25887224	0.000016265770270701100
chr12	12502816	12503753	0.000000773140840534657
chr5	76247971	76250351	0.000225882516354721000
chr17	1548881	1549896	0.000139205392580068000
chr16	86011615	86013210	0.000000947193354729077
chr1	53526834	53528224	0.000012086127051501400
chr1	27960788	27962412	0.000086709233731902300
chr5	37833969	37836119	0.000397191345420393000
chr19	15391124	15392457	0.000026045114969383100
chr1	169455132	169455899	0.000003741967520359340
chr15	40398307	40399723	0.000042005349120026100
chr7	54609534	54610928	0.000130267192832598000
chr5	142023774	142024839	0.000022683342941606000
chr1	177905133	177906588	0.000000555848305216247
chr19	54603567	54604200	0.000003543770244025640
chr6	159083022	159084599	0.000001838118981588060
chr6	3848218	3848904	0.000012175426556364300
chr12	29302515	29303219	0.000009208960337968810
chr14	23305153	23306974	0.000003304165566583620
chr3	183723836	183724015	0.000003014877723582450
chr17	27048223	27049656	0.000000849775742027283
chr20	44461113	44462735	0.000003296895563232910
chr1	223354216	223354607	0.000003096090426916730
chr14	89631066	89631665	0.000002179238443893460
chr11	33757569	33759043	0.000054246673580086100
chr16	85342729	85343936	0.000044848146793118900
chr7	100091181	100091793	0.000000973940748289465
chr6	169573750	169574114	0.000000010534351171510
chr11	66083766	66085958	0.000005218146791880840
chr10	21813501	21814793	0.000000695423914930337
chr12	56413813	56415591	0.000009348593289282690
chr3	9956506	9959128	0.000247297434202075000
chr18	74961138	74962794	0.000329361327909176000
chr17	43503040	43503638	0.000001869660608510820
chr7	37298927	37299382	0.000001663101594143190
chr15	43808806	43810782	0.000020825024923734800
chr8	57357785	57359414	0.001023345690003500000
chr11	59613120	59614247	0.000000503134051820614
chr10	49892203	49893549	0.000127317352245907000
chr8	141599141	141600316	0.000032474164646470000
chr19	56988147	56990174	0.000559802942832528000
chr17	41738893	41740276	0.000088970002685484300
chr13	73633700	73636077	0.000003647500551486760
chr5	138782852	138783562	0.000006024612433661660
chr13	50701960	50703589	0.000006956837418612940
chr10	5987662	5988276	0.000015997567894767600
chr5	126625742	126627355	0.000009296225522895540
chr10	90611604	90613015	0.000062929947475332200
chr19	827429	828170	0.000495278916315714000
chr11	33913187	33915315	0.000013022323954255000
chr20	52271683	52271790	0.000000154787143335948
chr2	32489693	32491644	0.000230384497637120000
chr14	79744991	79746780	0.000422686532710848000
chr1	11795409	11796573	0.000161472983081009000
chr1	218517778	218519232	0.000012726703469473800
chr11	105480167	105481988	0.001982948889611110000
chr1	26097918	26098531	0.000004751765792516980
chr8	29209604	29211949	0.000103470061909226000
chr16	4102293	4105170	0.000034934935197845700
chr7	149569464	149570931	0.000305068577641478000
chr1	65729786	65731886	0.000018884410701094600
chr16	11722221	11724177	0.000015797333416350100
chr21	34773372	34776637	0.000049596586597830900
chr8	106330173	106332188	0.000532782597940850000
chr3	193923516	193924501	0.000002488160381948390
chr2	176993632	176995556	0.000084180843237942500
chr3	129512521	129514202	0.000001546747166170480
chr12	81330609	81332050	0.000045245050017458100
chr1	153362927	153364020	0.000058869478593864600
chr9	23820979	23823125	0.000058022155988365900
chr10	98347048	98347946	0.000008371820675366490
chr3	182982242	182983386	0.000001051930757775320
chr1	19407878	19409764	0.000004230661724043510
chr14	73705457	73706676	0.000130561119159003000
chr7	105319558	105320396	0.000047198084551021600
chr1	111747228	111748268	0.000029873806749213000
chr1	8761743	8763372	0.000000542028667438790
chr21	27944586	27946082	0.000094934943877045200
chr4	96469067	96471143	0.000357362069730713000
chr5	118689293	118691697	0.000499817446938148000
chr17	79533765	79534694	0.000010786613073357400
chr20	44538288	44542136	0.000011602498286635900
chr1	206944604	206946595	0.000116782669822663000
chr19	38916488	38917025	0.000003964149724133690
chr12	2029751	2030223	0.000005478694655918780
chr17	7742126	7743410	0.000043447126207317300
chr2	64863301	64864645	0.000000510813666640003
chr19	35818807	35820181	0.000082553529734020900
chr19	840737	841082	0.000036638974086435300
chr1	167485873	167487871	0.000167464775624915000
chr14	27066404	27068354	0.000149983571250014000
chr1	1368846	1370775	0.000177944315884879000
chr11	63650324	63650618	0.000000357085733194692
chr7	141717773	141719014	0.000000165449705180882
chr11	74178114	74179549	0.000224199408781296000
chr12	58209548	58211237	0.000021970570956154700
chr8	110703410	110704800	0.000051237185603391400
chr10	106013534	106014893	0.000022596854105365300
chr11	116706051	116706864	0.000024376916283666600
chr4	8200261	8201128	0.000019647399495633000
chr2	69922397	69922507	0.000000010534345156817
chr22	43355165	43357102	0.000002896094910476100
chr16	4714080	4715122	0.000016499718818971400
chr1	79085162	79086197	0.000001943573350899570
chr19	35530254	35532097	0.000575755572895577000
chr20	49072540	49072658	0.000000220357673465014
chr12	41085727	41087584	0.000175470621273796000
chr17	46625332	46625911	0.000000320841264554865
chr10	60935910	60937257	0.000671484885034712000
chr8	144654887	144656271	0.000060947273134335200
chr14	39734390	39736043	0.000036890656154798300
chr1	28764153	28765433	0.000005803934992035410
chr6	123316672	123318023	0.000059599006865652300
chr2	43634127	43635730	0.000000406089503475608
chr6	154677796	154678593	0.000011323260875116400
chr2	115918326	115920825	0.000206645368101050000
chr14	105779532	105782817	0.000006276886178792570
chr17	41172092	41173883	0.000032611960557975400
chr8	130695235	130696901	0.000120323546653546000
chr14	101295386	101297249	0.000008407033922810160
chr1	32706433	32708485	0.000032700716692994400
chr11	30037696	30039113	0.004009416255480680000
chr2	196427130	196427786	0.000000858125535826371
chr1	9298441	9299784	0.000012686495769083900
chr17	42147463	42148292	0.000034770730236276400
chr19	850975	853145	0.000197394562534934000
chr16	27412136	27414418	0.000031012787634832900
chr6	133561614	133563382	0.010257359809328500000
chr17	998432	999650	0.000003292285017360070
chr17	6916868	6918187	0.000059303897706141900
chr7	2647333	2648785	0.000014617784449646700
chr8	104152588	104154149	0.000442684549579044000
chr22	31625914	31626752	0.000001956131383570220
chr19	56615895	56616780	0.000016141042228998200
chr9	129624658	129624994	0.000000223442302378317
chr9	13278626	13280349	0.000130419930047063000
chr5	150399143	150400531	0.000002480430187206650
chr16	8738240	8738608	0.000029785795214002800
chr3	137728126	137728997	0.000015728163370990700
chr3	45957266	45958469	0.000054993272939950100
chr7	73506587	73508434	0.001135001890047110000
chr5	95066236	95068252	0.000022294239546067900
chr2	240161815	240162404	0.000002989521726781790
chr1	54821853	54822922	0.000004302788513113320
chr2	14772312	14775494	0.000271142996882598000
chr17	80545020	80546444	0.000183309357703721000
chr12	66275403	66276974	0.000167828847986365000
chr2	242800510	242802192	0.000104578122509381000
chr5	176325836	176326924	0.000000683451211207848
chr1	151512215	151513502	0.000001170161886731810
chr8	69242643	69244553	0.001061111546918070000
chr19	57018614	57020358	0.000354602005115760000
chr1	153957999	153959405	0.000004427570570253270
chr2	109203501	109204845	0.000002786161380267790
chr7	70596308	70598282	0.001455349894984600000
chr2	173939372	173941167	0.000084357389777856500
chr1	151634388	151634697	0.000007096681295613970
chr20	58629939	58631038	0.000044358783188771800
chr3	79067437	79069442	0.000549458752281999000
chr2	43188851	43189943	0.000002124893514867850
chr2	69061367	69062128	0.000002292478976451830
chr19	15217066	15218713	0.000146976409257619000
chr17	79128827	79129078	0.000022058299245805000
chr19	58545001	58546307	0.000463240014616692000
chr14	75151317	75151321	0.000000252870732380385
chr11	68096049	68096165	0.000002688740378942430
chr22	26875404	26876701	0.000354129842333392000
chr17	32483560	32484259	0.000012008974666395100
chr6	31704282	31705409	0.000076814285275280500
chr17	4636414	4637092	0.000000354108052326798
chr22	39347307	39348639	0.000028095332242527500
chr7	129665854	129667001	0.000006401389634783760
chr5	1107855	1109031	0.000097340961223807500
chr12	57620054	57620856	0.000021448072207971400
chr5	17436371	17436741	0.000010399683541925500
chr21	16435482	16436713	0.000015160294475131500
chr11	24518149	24518726	0.000342877816038720000
chr16	2800989	2802538	0.000022642200502584700
chr15	64748093	64748145	0.000000198101063967010
chr5	178322752	178323492	0.000100146054411186000
chr11	118213272	118215112	0.000294636605588506000
chr10	134399880	134402787	0.000037851757078978900
chr19	35629576	35630651	0.000430746019079952000
chr12	29935873	29937748	0.000113453844033198000
chr19	36399185	36400437	0.000080719209255910000
chr10	6170886	6170926	0.000000214066989471700
chr5	124081066	124082630	0.000055269957106068100
chr1	47898239	47900327	0.000033539456328671000
chr1	109939800	109941201	0.000002080861260035070
chr17	62083407	62085236	0.000037374500378498400
chr12	88973398	88975428	0.000167547032190933000
chr7	5257609	5259294	0.000006617708081853770
chr13	31019673	31020468	0.000003487331665707410
chr3	101502932	101504465	0.000002778904398605870
chr3	128369362	128370463	0.000221867229559160000
chr1	78353349	78355666	0.000522172353848485000
chr19	1154276	1155738	0.000030915780585747500
chr10	1156113	1156594	0.000003955881440121930
chr1	8214963	8215809	0.000000285387349480706
chr10	134368762	134369337	0.000000291492512665366
chr5	73833746	73833839	0.000000551693977967326
chr11	68080670	68081686	0.000009480146494770640
chr7	17810435	17810471	0.000000317836136759570
chr19	35490470	35491296	0.000037079709044315100
chr4	165304259	165305334	0.000097381747298705200
chr1	33835013	33835338	0.000000418932648544025
chr8	28196246	28198639	0.000075038186460603000
chr19	52263842	52266642	0.000001113899092652770
chr3	170302404	170304197	0.000045903079463071100
chr10	128076260	128077912	0.000052174108013105200
chr19	18759877	18761423	0.000020845465869726600
chr5	54518136	54519686	0.000001316830223836920
chr6	30457971	30460798	0.001125051421832820000
chr14	64687388	64688264	0.000000226929201388374
chr3	173115001	173116248	0.000130800956827974000
chr15	90606921	90608877	0.000002530014067071800
chr18	63417072	63418972	0.000109487264142659000
chr10	114910605	114912149	0.000108521637666557000
chr1	92414221	92415524	0.000006970643330918460
chr19	50014987	50016305	0.000315262554434565000
chr22	39745530	39746054	0.000002575910879313310
chr11	65210600	65211544	0.000021772152078806300
chr7	151502322	151503608	0.000034608991308771300
chr17	33822621	33823690	0.000000380278822206179
chr2	65593761	65595186	0.000148963608050127000
chr1	21588448	21589450	0.000001483571376596760
chr20	45023122	45024020	0.000003554041028288780
chr12	122711239	122713134	0.003032095694791500000
chr14	105856393	105857250	0.000000440980158389967
chr8	102092795	102093477	0.000000504034389249920
chr1	212865230	212865540	0.000004380576449210080
chr3	195627331	195627583	0.000001707369695424450
chr22	47015531	47016623	0.000050032109407951200
chr21	22369310	22370864	0.000090281481827160200
chr14	22977008	22979162	0.000086138584038360600
chr14	75765352	75766014	0.000019770702037581000
chr11	60719942	60720229	0.000027026476181258500
chr17	2839005	2839187	0.000000446958209207331
chr1	9129487	9130738	0.000037738591483798100
chr22	47338365	47338605	0.000000440355615697454
chr18	3446566	3447713	0.000014862071315912800
chr1	11901487	11903897	0.000012313093373793100
chr11	315102	317046	0.000353162354351757000
chr3	46446998	46448920	0.000059875141928261600
chr5	45695241	45696784	0.000022250658480452600
chr1	50489240	50490145	0.000506902725532865000
chr17	47286445	47289036	0.000613252994970155000
chr11	93269784	93271677	0.000148108601419805000
chr9	2031684	2032446	0.000023012946463591000
chr4	157996959	157998201	0.000496814663509394000
chr8	31496644	31498256	0.000031449098806317600
chr14	93116574	93117002	0.000000167303807261524
chr6	106562613	106562851	0.000000581956417317812
chr3	11266695	11267627	0.000085577679039314500
chr17	57917589	57918682	0.000018909863016281000
chr19	36203053	36205574	0.000006094920655952760
chr16	29818133	29821173	0.000479343628534637000
chr1	2171253	2172659	0.000002845666905410850
chr2	71291297	71292691	0.000101285185878186000
chr2	219232736	219233678	0.000013456154002224100
chr8	22546240	22549103	0.000084000201749179800
chr16	55689146	55691102	0.000077627734343992500
chr20	62367108	62368956	0.000543489320586469000
chr22	25799070	25800078	0.000008932704362091850
chr10	102759759	102761686	0.000008719153504508640
chr19	30596600	30596783	0.000000126423113978927
chr17	1373530	1374597	0.000003271591775321600
chr1	244212908	244215533	0.000035263348366543700
chr12	85672623	85674694	0.000109820830810907000
chr12	32638669	32638839	0.000020134431625620600
chr5	148807759	148810203	0.000090487044309968300
chr17	55827832	55828629	0.000012565160417678700
chr1	206729034	206730120	0.000201858272513157000
chr9	109622677	109625201	0.000091748662883207300
chr5	158636444	158637684	0.000990196145631251000
chr4	87372978	87373203	0.000000341353013369419
chr1	44703750	44704618	0.000004252946965006630
chr17	41607535	41608691	0.000026894307224959000
chr13	50569769	50570787	0.000021773303048962000
chr17	73840659	73842017	0.000038781546028665200
chr11	821723	822402	0.000034745406499900100
chr5	137474358	137476419	0.000044398998526411600
chr5	7850438	7852098	0.000034183890384666400
chr3	194030520	194031518	0.000185779714886577000
chr4	10731746	10732497	0.000000204078697148122
chr7	122525949	122527522	0.001440554046255760000
chr20	43342929	43343997	0.000274270318660523000
chr11	46340210	46340785	0.000000136048313085735
chr5	95196871	95197476	0.000019117492983507400
chr14	24782354	24783620	0.000011820561640922400
chr22	46465160	46466183	0.000013458319218201500
chr11	57413404	57416546	0.000120851440452199000
chr14	24539335	24540773	0.002814652327947820000
chr1	119526255	119528638	0.000096029798359918200
chr8	61495559	61497168	0.000045139269692489200
chr19	10217143	10218999	0.000032445422255292700
chr1	9953177	9954275	0.000090190745711599100
chr1	25290947	25292412	0.002026714847045910000
chr13	24553543	24554495	0.000010155975719373900
chr7	37023984	37024713	0.000003006237574621650
chr5	157661037	157662237	0.000000395390840134593
chr11	118753365	118754593	0.000009513208621958530
chr11	33744366	33746426	0.000011233881079718000
chr5	174150712	174152363	0.001502308122708280000
chr10	98744464	98744566	0.000000220881784930591
chr17	7380990	7381769	0.000011231553347581200
chr9	37954074	37954149	0.000000193977956336318
chr1	220921184	220922217	0.000027352849719171200
chr16	31140683	31142148	0.000014771859019314600
chr20	11870752	11872261	0.000542571628071864000
chr6	35991802	35992691	0.000073265218818927300
chr1	162306972	162307228	0.000000254943684801449
chr1	23695625	23697258	0.000167797355813121000
chr3	77087684	77088763	0.000013124448755871800
chr1	155176868	155178670	0.000234661785974152000
chr10	3822379	3824687	0.000023750915907507900
chr1	31956270	31956405	0.000005008167975443630
chr16	1537775	1539318	0.000507871320314092000
chr2	197583266	197583934	0.000003373971977855930
chr11	7533881	7534677	0.000015677178116853600
chr11	2920052	2921176	0.001852342841916040000
chr3	38029323	38030079	0.000076482068521534000
chr9	101010744	101011718	0.000012026911497069500
chr7	84814683	84816843	0.000086671569375436900
chr3	96532832	96533824	0.000608016713718623000
chr7	120628572	120629703	0.000087561109583948200
chr10	106027915	106028928	0.000003283711323397420
chr9	93563033	93564603	0.000067552795318115200
chr3	51602121	51602206	0.000000621920662472171
chr7	921845	923984	0.000923841469923005000
chr7	145812625	145814306	0.000523473148281642000
chr17	17741098	17741676	0.000045866439655630000
chr1	23886002	23887816	0.000456906900179790000
chr1	230193005	230193999	0.000018438540745407700
chr20	44649524	44651204	0.000122397109113509000
chr1	212809080	212810277	0.000001371829524737450
chr8	8820073	8821258	0.000039243890954866100
chr17	46987410	46988726	0.000000602032312614232
chr15	90547692	90548975	0.000039325918258012400
chr16	30816719	30817779	0.000010303109519341100
chr12	132905611	132907284	0.000002221848161426040
chr10	97514686	97515753	0.000133764410237171000
chr9	112887565	112890072	0.000033467624111336100
chr8	93113829	93116100	0.000178804386801291000
chr6	6759524	6760140	0.000027117065070127100
chr8	27192141	27192272	0.000000597600089878544
chr1	247581408	247582066	0.000027893768074525700
chr20	50179151	50180493	0.000004179228077904960
chr22	19436224	19437167	0.000004520981379292030
chr16	786393	787123	0.000004019144343191220
chr20	42839882	42840441	0.000000909069295185331
chr8	41862894	41863666	0.000001750364969129580
chr4	171010728	171012250	0.000303454582487930000
chr3	169762221	169763007	0.000001153413073566260
chr10	112116398	112117449	0.000002088941649031850
chr19	13946770	13947914	0.001281071268186010000
chr1	180881086	180882287	0.000005541201095476700
chr12	56390073	56391451	0.000315133439518746000
chr6	16238916	16239799	0.000006720856321585020
chr1	3305629	3306999	0.000000423714411992478
chr17	77774880	77777734	0.000110363698733977000
chr7	80547689	80549363	0.000329292373445054000
chr10	6190408	6191207	0.000013725458451927900
chr3	193720874	193722223	0.000062406384469495700
chr13	42362736	42362761	0.000000041054624122543
chr16	55989933	55991081	0.000020830076708638900
chr8	133930507	133930827	0.000007035439666847660
chr16	16169888	16170435	0.000020423727576601000
chr2	27295120	27295591	0.000000466480263837963
chr6	2840792	2841468	0.000000224603868333939
chr2	169311373	169312933	0.000023729452585578400
chr2	66663813	66667590	0.000275716521834011000
chr9	79056558	79057230	0.000002118814832960160
chr14	37666489	37667929	0.002434257312689830000
chr7	30026819	30030587	0.000246717261526495000
chr7	157646656	157648006	0.000161992225491457000
chr6	41253757	41255090	0.000030555253267498900
chr11	87908134	87909729	0.000214373253857679000
chr17	3794211	3795656	0.000000785874457057474
chr20	52294815	52295101	0.000000062506511049549
chr20	48658164	48658258	0.000015495834542450400
chr22	39712633	39713086	0.000266111192619671000
chr11	65378622	65379891	0.000071458079834554900
chr7	102576079	102576477	0.000042896322391109200
chr4	187644739	187646055	0.000314235879200102000
chr21	45145759	45145841	0.000000860140053167006
chr1	44398486	44399894	0.000260557815098453000
chr1	113215934	113217457	0.000035999920622374100
chr7	97755534	97755792	0.000264810094231260000
chr6	158066609	158066900	0.000018614318034041000
chr3	184053927	184055379	0.000000653123504309273
chr6	30719807	30720484	0.000000721059250513621
chr14	25045625	25046267	0.000075309972892651200
chr7	114561493	114562711	0.000069260928843943300
chr2	56149825	56151179	0.000123063668411286000
chr12	54943009	54943915	0.000085651754240695000
chr9	93959671	93960152	0.000006878557884579870
chr4	155661234	155664242	0.000016158036294869500
chr13	44732439	44736232	0.000004085180978547710
chr18	10032278	10033220	0.000012184752449587200
chr7	2772710	2774654	0.000246821706205138000
chr6	147091024	147092242	0.000054162670199671800
chr2	71775047	71776472	0.000000374156502288919
chr3	237955	240139	0.003059180711466520000
chr4	158141046	158144318	0.000049668249433479500
chr1	212838765	212839589	0.000000405658988491022
chr17	74497851	74498760	0.000015488057926157800
chr5	114937614	114939616	0.000365906825615238000
chr13	37453778	37455317	0.000004236679756072650
chr16	30197947	30199374	0.000004085600590560200
chr20	30308440	30310246	0.000002585652003759550
chr5	166405485	166406130	0.000003765332848586760
chr7	157366133	157367871	0.000147526987299346000
chr2	237076135	237077920	0.000961270480691002000
chr13	108918804	108921244	0.000000599834137022642
chr10	7226492	7227574	0.000000293028821619827
chr7	128579876	128580792	0.000706700776093096000
chr2	230933067	230934799	0.000373122802858896000
chr8	9472057	9472784	0.000004924929399521420
chr12	66581255	66583431	0.000070515471173660100
chr1	22210229	22211074	0.000000607217064032115
chr11	67048673	67052992	0.000118783744580936000
chr6	33180088	33181870	0.000028076520960945400
chr2	47204734	47206965	0.000004706217369584590
chr11	47278831	47281370	0.000040076784630153300
chr1	154942509	154944357	0.000041011671443039700
chr2	113298818	113299708	0.000151115718484786000
chr8	74582345	74582660	0.000002945445935998060
chr14	21994611	21995727	0.000118070645094742000
chr1	2177909	2178784	0.000001803490856054510
chr9	132369679	132370848	0.000030009213258712500
chr11	60100993	60101691	0.000000578655741668352
chr1	25357289	25358981	0.000000318832266485879
chr4	10022984	10023201	0.000009909491983305780
chr14	34529059	34530112	0.000015608103377207700
chr3	4793370	4794543	0.000048902124858200000
chr12	53994642	53996249	0.000002745765858938620
chr10	34061313	34062848	0.000276929179597846000
chr12	4384751	4386203	0.000041850843485720900
chr1	16502584	16502893	0.000002292052492712100
chr8	42994513	42995566	0.000002798336088330750
chr8	125984720	125985883	0.000031327045527267900
chr19	17357097	17357641	0.000023103636888000900
chr19	14089284	14090393	0.000012916653141617000
chr16	67562299	67565265	0.000058586924383896000
chr2	8039876	8040526	0.000005596796489040640
chr17	35305366	35306063	0.000011045257707882000
chr7	127670570	127671261	0.000015227842545579800
chr2	97198595	97199248	0.000000321864588439192
chr3	122043094	122044172	0.000321724550684911000
chr13	110437561	110440179	0.000818545538752525000
chr12	125036266	125036429	0.000000531771089757200
chr9	137263193	137263731	0.000049992496715113600
chr13	114270609	114271629	0.000110137779617827000
chr2	124782117	124783698	0.000015221985646849200
chr11	1781505	1781710	0.000052125796454318000
chr2	197041071	197041999	0.000006605106383114110
chr9	124044927	124045187	0.000013182187745641100
chr5	17216222	17219128	0.000077347052860581700
chr15	101714939	101715819	0.000000943806073965968
chr1	16481937	16483658	0.000203826160007220000
chr7	56160409	56161020	0.001851278018945460000
chr6	209712	209809	0.000002308890007365890
chr17	25571212	25572672	0.000005776395863915720
chr17	56401623	56402669	0.000009764834576938940
chr11	16813059	16813681	0.000021878207184640200
chr17	72709026	72709731	0.000011529593461441300
chr10	3792239	3792922	0.000001623376351199200
chr7	81399308	81400346	0.000021589618678315900
chr17	6678929	6679564	0.001767629475527360000
chr1	84766782	84768775	0.000016258110845738700
chr19	42900540	42901115	0.000000777966199683954
chr3	42113514	42113624	0.000001052906908212540
chr10	98415822	98416848	0.000012792001287401600
chr19	42509801	42510823	0.000001904449650823370
chr10	102820868	102822423	0.000261806241118234000
chr10	78313778	78314461	0.000000222654168698854
chr4	75960115	75960948	0.000002951841113223500
chr17	44896424	44897512	0.000049404656942500000
chr2	50573485	50575098	0.000614844465049710000
chr3	55514421	55516711	0.000006906778736499000
chr1	156357704	156358612	0.000219320006523705000
chr4	93225933	93227195	0.000222603713160185000
chr3	72149324	72150173	0.000029879392168211200
chr11	73115015	73116329	0.000047517188558375800
chr1	111216000	111217194	0.000011653306071600900
chr5	156606572	156608118	0.000155104505917253000
chr5	180017689	180019265	0.000426130876826915000
chr6	106440663	106442129	0.000379404051605333000
chr7	30590817	30590926	0.000002279212751967490
chr13	51639953	51641069	0.000137870452334170000
chr11	34644965	34646080	0.000027193606271345100
chr1	24745138	24746734	0.000021733319155308200
chr14	91711012	91711930	0.000057313247556216600
chr20	50108579	50110100	0.000010483355013096800
chr10	134209347	134212697	0.000104251440396441000
chr3	52877048	52877766	0.000117650527308927000
chr6	15313285	15313852	0.000004647886400784890
chr17	35078070	35078659	0.000006573052729277880
chr9	102586828	102588232	0.000004832235568850850
chr14	105750016	105751711	0.000001883789509074580
chr19	56624721	56624891	0.000000060374429844272
chr7	130033247	130034504	0.000000539405855632303
chr7	23387365	23387862	0.000048671259647732100
chr4	26275089	26275472	0.000000355142268276837
chr4	38859587	38859770	0.000131985432224707000
chr1	44883137	44884784	0.000030546120897463700
chr14	70263811	70265306	0.000004509767499538440
chr20	271945	272477	0.000001996631585232490
chr17	75318211	75319751	0.000047471443687197900
chr3	188664632	188666124	0.001426290931549560000
chr16	57712105	57714235	0.000001247138997124910
chr8	110985853	110989116	0.000280224566186795000
chr1	47060032	47061256	0.000003495695261072530
chr11	9685941	9686532	0.000003916935978569450
chr4	39529229	39530705	0.000059933076403322500
chr4	3081179	3081685	0.000000503455712336515
chr2	210636188	210636844	0.000212644018057003000
chr13	78303935	78304670	0.000000136062953912424
chr12	109031953	109032342	0.000007200409715722690
chr15	52850728	52851536	0.000008564711457044030
chr1	57001492	57001816	0.000000235072871263012
chr6	15364953	15365693	0.000001261197099037410
chr11	115088647	115088907	0.000054379423099116100
chr9	102590407	102591302	0.000002800267958808840
chr17	7791630	7793414	0.000263183622718348000
chr2	73297338	73297746	0.000007782739982997380
chr2	25502040	25502340	0.000001115008783400580
chr2	111872995	111873850	0.000018074278001874600
chr11	828464	829783	0.000004348849509922010
chr8	109094880	109096406	0.000225497171873346000
chr18	70534110	70535925	0.000972572938352592000
chr19	858760	859983	0.000077777782825394100
chr15	90578387	90579809	0.000004202143124606540
chr12	133344446	133346891	0.000051843559146677000
chr11	66102686	66104802	0.000091512030363163900
chr13	96705123	96706104	0.000010633890482297400
chr2	26781596	26782955	0.000001115668784274870
chr2	133426129	133428523	0.000404411607084508000
chr18	13640835	13642414	0.000122623529631113000
chr6	28874479	28875370	0.000043801195820687800
chr7	2115808	2117171	0.000419319183346132000
chr2	113593785	113594963	0.000071265705363494000
chr14	51410260	51411049	0.000017085090768999900
chr14	75893680	75895604	0.000020447778393463700
chr6	78172192	78174286	0.000117958457306495000
chr14	51561966	51563434	0.001076038756198010000
chr17	79798629	79801920	0.002031866897845110000
chr13	113437118	113438074	0.000003500818771576300
chr2	98329337	98330493	0.000247807112218716000
chr10	73497514	73499965	0.000007831403833699250
chr1	157154348	157155122	0.000005524677447773370
chr12	57522290	57523310	0.000010237087283806900
chr4	187475784	187477310	0.000249217720459847000
chr1	15504414	15504438	0.000001199495619282740
chr12	59313254	59315039	0.004774765498889110000
chr17	9939895	9940970	0.000176048418467324000
chr19	16556362	16556977	0.000004366553542302360
chr6	144607366	144608500	0.000020237608379477600
chr4	141013584	141015058	0.000002379964038085690
chr17	4631697	4631822	0.000000550710373649252
chr5	176314231	176315797	0.000053040735421777500
chr7	137655522	137656286	0.000002859389863485850
chr3	71353994	71355303	0.000009797347548706100
chr12	56224378	56225508	0.000004506822499249480
chr1	90032391	90032655	0.000024470083395726900
chr19	14115611	14116533	0.000005633976983778490
chr17	5137892	5138696	0.000031632565923816600
chr11	46365893	46368805	0.000534576519055485000
chr16	2174687	2175143	0.000006491700147182000
chr2	48012925	48013473	0.000002237947411277350
chr8	67624233	67624757	0.000092398754908677700
chr4	82426691	82428030	0.000000427058316463396
chr15	40601261	40602451	0.000008543069925219630
chr2	27849938	27851398	0.000071162590793020300
chr11	47428611	47429713	0.000013585384993801300
chr8	68863603	68865187	0.001758143450505380000
chr2	85034340	85034766	0.000004166874863440290
chr6	6885899	6887136	0.000003112430684735790
chr5	74162223	74163723	0.000246396558336419000
chr9	99145195	99146084	0.000003506649611337400
chr22	31794522	31795303	0.000055368139917109000
chr5	75919188	75919736	0.000359916557419025000
chr12	25055676	25057098	0.000131873939039571000
chr18	37421319	37422205	0.000228092877887835000
chr5	139026743	139027535	0.000029559385640134100
chr6	166824871	166825896	0.000050038981229283900
chr10	72362292	72363272	0.000404788659792175000
chr4	20253922	20255985	0.000311162751196054000
chr11	47968764	47968995	0.000001579465481207870
chr11	44960854	44961359	0.000030415508217045100
chr6	110832053	110832610	0.000000156050683632339
chr4	125632538	125635220	0.000010299811040357700
chr7	5517419	5519576	0.000022816901025920100
chr6	55443833	55444821	0.000125215037514589000
chr6	31554199	31555671	0.000364403330729129000
chr2	219246070	219247055	0.000185482989563299000
chr15	100016352	100017287	0.000058194785296838400
chr22	19919974	19920697	0.000024676513426795300
chr10	64519722	64520254	0.000001140054398820060
chr9	136286875	136287409	0.000065429010460174500
chr7	130636436	130636860	0.000000373452309641075
chr5	92914036	92915286	0.000172294938426742000
chr6	136356475	136356851	0.000004255123965181060
chr1	78956268	78957682	0.001307599104543210000
chr6	46293016	46294138	0.000428039145385504000
chr19	2607726	2608495	0.000034343714409916800
chr2	179316085	179317261	0.000001472854651648370
chr21	40259397	40259710	0.000001187453874347960
chr11	59950525	59952352	0.000237499103460814000
chr4	30721774	30724564	0.000066341890528206200
chr8	54162969	54164879	0.000280165075580773000
chr15	78913147	78914367	0.000091782649832240400
chr6	126278500	126279149	0.000001037644211308100
chr20	44034247	44036723	0.001011496738347470000
chr12	10324843	10325581	0.000042995489977186100
chr20	18490820	18491545	0.000088331796694872500
chr4	2915985	2916624	0.000012794276904122500
chr10	45495435	45496710	0.000031142569906960900
chr8	55065479	55066343	0.000009721747394597560
chr19	35939523	35940593	0.000039443812301535000
chr9	34379890	34381150	0.000000725121002282977
chr17	38219592	38220694	0.000006777734036743530
chr12	13145099	13145715	0.000002172654192053650
chr11	70672365	70673256	0.000999644365471258000
chr15	90357992	90359406	0.000024747303661459100
chr19	1402419	1402626	0.000057498322300159000
chr5	2750163	2752278	0.002307502472051550000
chr4	55990944	55992458	0.000004372159431160530
chr20	52198164	52198378	0.000110055406586166000
chr22	32148782	32149836	0.000024461686019159500
chr13	114822877	114824008	0.000002068407767493690
chr7	50357133	50358935	0.000181167868876442000
chr15	68468049	68468845	0.000000755571569121013
chr3	46411369	46411474	0.000017741964941260700
chr5	170288255	170289848	0.000829293585144734000
chr1	156541157	156542972	0.000077175896025725300
chr18	74764374	74765155	0.000004166133551799470
chr11	128418551	128419512	0.000236975559096990000
chr19	3364892	3366627	0.000081244608568301400
chr12	96389066	96391252	0.002199488304014900000
chr9	85677330	85679000	0.000395372026295118000
chr10	134224821	134226547	0.000009183981831737250
chr4	54959419	54960259	0.000038046182755258700
chr6	31547704	31550842	0.001193160856509820000
chr10	75669647	75670903	0.000026045243805103200
chr1	12203571	12204096	0.000006239790821222120
chr12	46780872	46781487	0.000011888465494711000
chr11	40314618	40315861	0.000005997633613955460
chr6	11805824	11807133	0.000001813630639616740
chr8	37756942	37758453	0.000010887992339030100
chr6	48035985	48037415	0.003783370839794090000
chr13	29156897	29157934	0.000003587480768774060
chr2	175190270	175191374	0.000077005150280760400
chr20	55204593	55206467	0.000257097580777371000
chr7	47620790	47623469	0.000125030211070296000
chr5	150442668	150443437	0.000000252371164845587
chr20	61272357	61273372	0.000001335851028096420
chr4	152966935	152967526	0.000126023643498931000
chr14	104145646	104146461	0.000000189847073633378
chr4	81000185	81000887	0.000000170400034390272
chr7	99970448	99971587	0.000365864630844009000
chr13	45013657	45014024	0.000000852445208347729
chr13	113356896	113358414	0.000021716881036567200
chr11	65816027	65816985	0.000042765681990006500
chr10	6441693	6443025	0.000002941890197423110
chr1	3206316	3206636	0.000000195579455485649
chr22	24915037	24916084	0.000187624498150127000
chr16	75095700	75097612	0.000021826272765987900
chr3	184037145	184038723	0.000343357000718738000
chr1	212340547	212341536	0.000079205562533646000
chr11	112034801	112035945	0.000725625217112416000
chr7	1004699	1005089	0.000051008933490024700
chr1	65211057	65212310	0.000002839239775166490
chr19	38754529	38756382	0.000140132851392143000
chr8	101484375	101484386	0.000002407409184255530
chr1	36785859	36790444	0.000200788840055100000
chr16	31213481	31215451	0.000331121359104894000
chr20	48887419	48894042	0.000022561568156032500
chr14	104345945	104347395	0.000184607614247629000
chr14	69620129	69620847	0.000018427163930864200
chr8	145549538	145550618	0.000001974613050243590
chr12	93854885	93854963	0.000000665640199661569
chr5	139040546	139041014	0.000035012909686457100
chr16	68269295	68271177	0.003366984399760510000
chr5	145317340	145317425	0.000013441341666460700
chr15	43569323	43569965	0.000001956583882378980
chr9	706307	707410	0.000580060737465828000
chr3	64670459	64673505	0.000383151761264020000
chr16	57700944	57702239	0.001459491335995040000
chr17	76801065	76802223	0.000457738595550541000
chr14	85852678	85853554	0.000001962125088021990
chr20	13200069	13201670	0.000737880250348752000
chr20	3086736	3088152	0.000013752148977270500
chr17	55361912	55363072	0.000152490155631741000
chr13	27927089	27927676	0.000005525751056408420
chr1	221049931	221050742	0.000048312146536375800
chr1	9960466	9960653	0.000005982636694319680
chr11	44585659	44587154	0.000057754127982763200
chr1	2081984	2082848	0.000607689337368286000
chr22	28837147	28839667	0.000006726285376746860
chr12	9820839	9822287	0.003096683082341060000
chr11	59633874	59635033	0.000007932880923699880
chr7	39648696	39650021	0.000057625990167192800
chr10	5487785	5488628	0.000287656373193954000
chr9	35649906	35651583	0.001051295965963110000
chr6	36921820	36922415	0.000000651920188674374
chr1	54618655	54619895	0.000016870482673828300
chr11	19735701	19737237	0.000067889426540932500
chr6	135602552	135602559	0.000001161553817908950
chr17	17660561	17661258	0.000003776632086256770
chr5	169074977	169076577	0.000020216938690900500
chr1	247579312	247580310	0.000242750147386295000
chr16	80602917	80604148	0.000011056045323787400
chr4	166794471	166796212	0.001959653425416640000
chr2	28182060	28183394	0.000007955624244418120
chr2	95974677	95975785	0.000002626524534244620
chr17	40670743	40671259	0.000024099277474945800
chr11	125364611	125365808	0.000009669012934884720
chr12	48213813	48214620	0.000085308236267031100
chr1	21663709	21665104	0.000019907092675777400
chr12	81470927	81472177	0.000687146536053745000
chr12	49627010	49628458	0.000079558533312419200
chr3	129023906	129024712	0.000046462887070420800
chr22	50746699	50747878	0.000021033456875394700
chr3	45187333	45188548	0.000015909152919496500
chr4	2747928	2748884	0.000001922044582669100
chr18	72778447	72779176	0.000000490952359311609
chr14	69238432	69238595	0.000002305350024431410
chr14	31698967	31699236	0.000000567861457478672
chr12	1702001	1702874	0.000123628055691280000
chr2	237476609	237477359	0.000489474352757858000
chr16	85315212	85316611	0.000009024589005159650
chr1	246743272	246743403	0.000002366440840422840
chr17	14108828	14109671	0.000003092514140974240
chr4	15691786	15693171	0.000031532704895061600
chr11	113953462	113954170	0.000020887095976200400
chr4	15235207	15236131	0.000000559298645602059
chr2	145277734	145279499	0.003736663447692630000
chr13	113527763	113528751	0.000005642984879527170
chr14	38063813	38065435	0.006480569973552850000
chr7	101361395	101361745	0.000011379052108038800
chr19	46998383	46999840	0.007475416581939280000
chr4	40517938	40519094	0.000012958338927120800
chr8	126441383	126442060	0.000029519238457320600
chr10	134258313	134258819	0.000032625543188537600
chr6	166876490	166877038	0.000145945542709097000
chr7	117512454	117513825	0.000105089207209578000
chr6	109279535	109280598	0.000009931877744358910
chr4	122085241	122086177	0.000119381658004552000
chr11	27742832	27744759	0.000274829352949150000
chr4	719614	720893	0.000002372254154356960
chr20	62491759	62492820	0.000086707320790153000
chr7	92347886	92348349	0.000000283875964195033
chr6	135506018	135507123	0.000022106775371689300
chr1	197744710	197745295	0.000276005904960293000
chr5	67520858	67522532	0.000039703666548585400
chr14	93539613	93540378	0.000000296172765089045
chr7	50252529	50253138	0.000001232313905128660
chr15	100890243	100891814	0.000298410189497600000
chr15	66697029	66697173	0.000001153657118120340
chr4	2965841	2967106	0.000346033946349266000
chr8	17353907	17355443	0.000169047432873113000
chr2	185462269	185463803	0.000563314144903278000
chr4	69047717	69048430	0.000461980152080915000
chr10	120939330	120939736	0.000001322664540785950
chr1	25333445	25333751	0.000000327226342844064
chr11	101453871	101454996	0.001027053532723020000
chr11	33277746	33278716	0.000082368502103221200
chr20	572111	572684	0.000000213952355778429
chr10	33405695	33407061	0.000013060922997662000
chr11	61594708	61595550	0.000699484163149112000
chr3	150661892	150662697	0.000000877489125749304
chr2	119603969	119606151	0.000042591882055386500
chr6	37503610	37505024	0.000158551284787658000
chr2	201450323	201451303	0.000019537036714431700
chr12	112204756	112205368	0.000004446827288796880
chr14	103870751	103871452	0.000377129146525742000
chr1	33463103	33463882	0.000042066057547000800
chr16	6068831	6070292	0.002104194298279540000
chr7	1850203	1851537	0.000001228540454885600
chr14	58905592	58906049	0.000055762971159180500
chr11	82708076	82708762	0.000044774900346091900
chr17	71948430	71949210	0.000219996475452955000
chr22	23558141	23558941	0.000000877457013336020
chr14	93896560	93897981	0.000009850050567256720
chr13	49147524	49148448	0.000020964806991640500
chr17	79297435	79298502	0.000196184210483679000
chr4	38510396	38511227	0.000376915305853730000
chr16	89185182	89186454	0.000012147833039444600
chr12	72665282	72667707	0.000577806390501191000
chr13	97873433	97874638	0.000016174333626707100
chr10	21461979	21463756	0.001220817602723430000
chr16	72087550	72088622	0.000018740995195372300
chr12	12491411	12492131	0.000002084212316290470
chr10	95360210	95362344	0.000490890826801421000
chr17	34128661	34129021	0.000001539602662475550
chr6	5132887	5133630	0.000310581167632942000
chr16	78802628	78802689	0.000000519275808411714
chr21	35574180	35575518	0.000018192004021195700
chr7	73441834	73442531	0.000030954472693918700
chr19	4539943	4543498	0.000978629353048625000
chr15	69087480	69087809	0.000005575315853167570
chr20	4229231	4230374	0.000179357059938593000
chr16	17471983	17473183	0.000017075649411040100
chr14	37640922	37642390	0.000606856944768830000
chr8	63160746	63162277	0.000814874340701520000
chr1	93342589	93343575	0.000402840460362489000
chr1	208063733	208064600	0.000026250516302489500
chr5	151047207	151048005	0.000000330735817837403
chr11	818331	819513	0.000633197596969561000
chr13	99964340	99964882	0.000020957171916926300
chr2	118982056	118982679	0.000052315584595548100
chr9	116326448	116327278	0.002114684313099620000
chr4	85416865	85418584	0.000109565958895574000
chr1	204328377	204330069	0.000035421751155735500
chr13	52400675	52401610	0.000000485827333805757
chr15	91304710	91306178	0.001725364468771070000
chr12	108167448	108169020	0.001675143579360220000
chr14	24803679	24805389	0.000690569087247842000
chr17	55888148	55889415	0.000002507341989701290
chr17	7005719	7006360	0.000000566507085591801
chr15	73044064	73045027	0.000028870771897153000
chr8	22734960	22735994	0.000678231910168994000
chr12	58290206	58290957	0.000009811433047119240
chr16	29688911	29690524	0.000007085307375784520
chr4	10686300	10687119	0.000286997253259628000
chr11	17523279	17523781	0.000000243587125860255
chr2	38007713	38008374	0.000000753735237657649
chr4	21949853	21951046	0.001841876479709550000
chr6	7106947	7107505	0.000015541898779103600
chr17	39654535	39656432	0.000003613336341204220
chr7	79763240	79765063	0.000424513616057112000
chr21	34638009	34638748	0.000057362403251998400
chr17	2907678	2908369	0.000012962817630280300
chr4	157891938	157893541	0.000321094837791156000
chr21	44629279	44630101	0.000000279430638125685
chr1	46668472	46669345	0.000128777444132854000
chr4	156679449	156681475	0.001137917870290060000
chr7	30959709	30961331	0.000345017829061478000
chr12	52345646	52346100	0.000001145319423452050
chr2	317257	317938	0.000029765662682106800
chr11	119211047	119212363	0.000071566834129253100
chr16	3629620	3631153	0.000018028527473590900
chr6	82459006	82461313	0.000076112922613619400
chr1	82266841	82269258	0.000518321029129149000
chr20	56323934	56324509	0.000001280029842423870
chr17	73304723	73305193	0.000026333678693744200
chr13	24825184	24825973	0.000031035187070324300
chr12	122651600	122652255	0.000074133968556526800
chr18	7116700	7118122	0.000136618270007161000
chr3	158526734	158527481	0.000009307060651904070
chr3	39449544	39450018	0.000046114334820990800
chr6	2958750	2959636	0.000007088937402354070
chr3	194826197	194826983	0.000546643911664433000
chr16	56227690	56228901	0.000032237281256517700
chr9	139129886	139129949	0.000001643944149088150
chr20	20724371	20724530	0.000002617245442826570
chr11	12398475	12399973	0.000138245935880531000
chr5	16178784	16180946	0.000964021310037130000
chr3	23851254	23852156	0.000569637053609696000
chr5	14174681	14174713	0.000000224601884445357
chr16	46918335	46920075	0.000545611736780089000
chr2	74776131	74777409	0.000470314007948878000
chr9	132044151	132044732	0.000048307880066502900
chr19	36035831	36036576	0.000030466344119017500
chr1	114429815	114430903	0.000332536440710873000
chr7	123672103	123673690	0.000160194243711058000
chr19	13124215	13125851	0.000388040861521924000
chr13	49636161	49636769	0.000000296156259534113
chr4	154073371	154074387	0.000068213632469608600
chr6	1604697	1605913	0.000009069323114810700
chr19	46180667	46181546	0.000448573372555927000
chr8	42356068	42356871	0.000002106621379912500
chr3	151102703	151102879	0.000011550608842256000
chr1	156756665	156756948	0.000000195578436392170
chr7	105926305	105926817	0.000001681654049168350
chr15	99432147	99433225	0.000001147757026850070
chr4	111119739	111120454	0.000226471977850336000
chr3	182972048	182973032	0.000002203733484252560
chr13	48736138	48736509	0.000001884271771338940
chr2	5835821	5837429	0.000371478919425099000
chr10	134598908	134601490	0.002210441812105690000
chr11	67774728	67776123	0.000005541715323806410
chr7	26007848	26008481	0.000001500927221741040
chr1	116270626	116271272	0.000065084108523239700
chr14	102289904	102290370	0.000024296912629027700
chr17	7120162	7122261	0.000178361747464450000
chr6	108572679	108573461	0.000110590747998992000
chr16	85576555	85578516	0.000100121206909133000
chr6	32764865	32765402	0.000078366218986881500
chr3	150690157	150691510	0.000589930685973928000
chr11	47415173	47417832	0.000009412026352327540
chr17	8761973	8762140	0.000025450112337265900
chr16	3114847	3115809	0.001349884223079580000
chr15	27111687	27112902	0.002982138103762610000
chr15	48137313	48139317	0.000041657381104878100
chr10	22608674	22609629	0.000001900927100720720
chr17	4689165	4689893	0.000714247088200936000
chr3	71257755	71258221	0.000008501705188234150
chr1	10447997	10448500	0.000000212614820918440
chr1	161168073	161171902	0.000245067719121156000
chr19	2549886	2550027	0.000002917362811216080
chr7	55584235	55584387	0.000018405527638092000
chr9	113340991	113343166	0.000903453371131576000
chr12	10320327	10320770	0.000026648504995559300
chr4	154679462	154681619	0.000024626390463191700
chr12	113740776	113741386	0.000000241102554617633
chr6	106233632	106235379	0.000001735316354565630
chr11	67858441	67859023	0.000001018916806921980
chr16	70729655	70729868	0.000002773868184279520
chr17	34207332	34208154	0.000623186181219916000
chr1	42234586	42234721	0.000002969692485343130
chr5	131630754	131631610	0.000069662034252441800
chr10	80059603	80059610	0.000003568777223470010
chr14	102025815	102027797	0.004007212670582800000
chr7	6475408	6476274	0.000126002811061621000
chr14	38090803	38092175	0.000268941760308475000
chr16	85062421	85063787	0.000077397152803444400
chr13	93878969	93880583	0.000137394985572209000
chr2	5831147	5834062	0.000418642618465352000
chr10	28593236	28593298	0.000003370772614574050
chr15	33359788	33361270	0.000484395978087281000
chr4	100439955	100440300	0.000129586602875767000
chr8	28243934	28244769	0.000059439371583339100
chr5	5139334	5140935	0.000274500154940003000
chr12	63025490	63026424	0.000021741757419290500
chr3	9177447	9178249	0.000003877007051971770
chr6	52021665	52022616	0.000000224602138334729
chr1	162331533	162335234	0.000057049947587902300
chr18	28681121	28682828	0.000393454997797394000
chr15	91432419	91433530	0.000358010250770617000
chr12	125038569	125039343	0.000020010181044575100
chr8	6794872	6796618	0.000889573655339071000
chr5	88184945	88185768	0.000522442205469608000
chr14	100529108	100532680	0.000051568021352180400
chr8	101442975	101443981	0.000051837121040537200
chr21	35746798	35747831	0.000243084834445246000
chr2	161077050	161078319	0.000065921458818698600
chr22	47173686	47173716	0.000003563850208322580
chr17	48709989	48712370	0.000088619377607174600
chr7	157204364	157205545	0.000012676882336709300
chr3	112994868	112995690	0.000004497579515006590
chr11	63973006	63973952	0.000159599134814156000
chr4	39481907	39482781	0.001110143104540530000
chr2	158957290	158957800	0.000004083254880269880
chr2	238598832	238600061	0.000076004690818562700
chr10	124091965	124092636	0.000000373796925344135
chr17	77755547	77756453	0.000010475899212278600
chr6	13408158	13409054	0.000133456861448104000
chr4	128704088	128704651	0.000019006436676300200
chr7	101460955	101462115	0.000022931848958538800
chr7	99953465	99955101	0.000379853347892949000
chr1	47694517	47696348	0.000271356419352757000
chr4	185307144	185308004	0.000006242200247618210
chr10	51574776	51576452	0.000203871124896588000
chr11	3647086	3648013	0.000319323336829087000
chr16	50280495	50280723	0.000001362743215850530
chr11	95963934	95964370	0.000000485341462055424
chr6	30069659	30071028	0.000549037399939466000
chr6	89927233	89928510	0.000004515659023047380
chr13	103423896	103424762	0.000003387441283348830
chr2	113589723	113590330	0.000000279430744111770
chr19	3606501	3608327	0.000897559409799599000
chr14	50506033	50507529	0.000329150309999708000
chr12	116985025	116986371	0.000432657427936722000
chr11	846310	847547	0.000001755381087953760
chr18	33233658	33234096	0.000015833375906634300
chr1	166957733	166959089	0.001940408364629890000
chr13	37010078	37011966	0.000018764245653802900
chr16	65155141	65157428	0.002278540400725620000
chr7	141869742	141870429	0.000005020648928403090
chr14	73932111	73934847	0.000002380869423913710
chr12	49362475	49362992	0.000000490952365922548
chr2	163695111	163696187	0.000071603050523723600
chr9	139555972	139557920	0.000026740088891045100
chr19	45907484	45908453	0.000000684390872713204
chr20	21105829	21106495	0.000087642315750358500
chr1	87677224	87678412	0.000021573866281378100
chr20	61582596	61584850	0.001215723453479410000
chr14	88462554	88463304	0.000020907816100530300
chr16	11443268	11444105	0.000132490456954212000
chr14	51377589	51377990	0.000013095167156473600
chr10	48412684	48413163	0.000000777966382476552
chr14	70186289	70186639	0.000058243115388796000
chr6	31589926	31591642	0.010132318883776400000
chr8	22421913	22423091	0.000419973197163297000
chr18	21571797	21572748	0.000263359728743746000
chr11	67441397	67442697	0.000074459545921039000
chr1	156915103	156916485	0.000003742439351081210
chr3	121555010	121555571	0.000005957579778282240
chr18	22039496	22040735	0.000310687711591447000
chr14	95651866	95653488	0.000335005020864150000
chr15	99789622	99791336	0.006579843455968540000
chr1	9788517	9789699	0.000422665025910319000
chr20	44986386	44988023	0.000013730834335426800
chr10	71891928	71893159	0.002711070581335620000
chr10	54073445	54075082	0.001494531962725980000
chr18	60903834	60905355	0.000020937816548314900
chr13	37247246	37250088	0.003537206886029020000
chr3	195623221	195623792	0.000013109955139017400
chr3	149191167	149192609	0.000002424256942524400
chr6	83903173	83904319	0.000018677206573335900
chr9	5437886	5438883	0.000011666408890426600
chr16	89363047	89364225	0.001390692455124000000
chr10	99168386	99168651	0.000038216400387259300
chr19	33793976	33795390	0.000003608371422634140
chr5	88118743	88121200	0.001056541122432170000
chr15	68131281	68131903	0.000000569863517842890
chr17	38500974	38501677	0.000036546215383900500
chr1	25439789	25440431	0.000038896320761152600
chr8	134162674	134163056	0.000023816609333912900
chr11	503270	504937	0.005749724932525740000
chr12	52225262	52226636	0.000053274548412414900
chr18	28923457	28923620	0.000002741591411038650
chr17	61524073	61525112	0.000002887450394116700
chr17	76818733	76820132	0.000008113103113435080
chr6	136684448	136685884	0.000001835716561881230
chr6	88446851	88447049	0.000004293941130381630
chr11	33891541	33893330	0.000436713903977758000
chr1	28469746	28471495	0.000004972497532016620
chr1	156122422	156124654	0.000566292567293970000
chr3	14307158	14307176	0.000004358756950796140
chr8	22925391	22925766	0.000059229708610595900
chr10	77501528	77502479	0.000012610670089971600
chr15	27215898	27217366	0.000863489561444608000
chr5	176169899	176171341	0.000446802755579832000
chr6	13462275	13463084	0.000006558257051989650
chr1	17751272	17752023	0.000089042330237693000
chr6	31854251	31855706	0.000005670665799558760
chr11	113844382	113847135	0.000151701930500529000
chr2	160567560	160567993	0.000014721639437844800
chr3	99614305	99615019	0.000001058169882274380
chr6	33254385	33256078	0.000709766196610666000
chr12	22562255	22563748	0.000041846981598530100
chr20	1447874	1448637	0.000057680333253782500
chr2	79739254	79740322	0.000114037976816947000
chr10	62703677	62705233	0.000067607588490006200
chr3	119349613	119349840	0.000003753365381293500
chr6	41168185	41169969	0.000516524901243795000
chr12	337962	338611	0.000000360252745171502
chr17	19631010	19631485	0.000010094659362553800
chr10	128593624	128594417	0.003294923667013160000
chr19	6234327	6234625	0.000004657124074941090
chr14	93136682	93137424	0.000007616650003856430
chr5	179496893	179497098	0.000000881389364811979
chr12	49412872	49413509	0.000168468489953876000
chr12	56120816	56122242	0.005099007912480150000
chr14	54421010	54422411	0.000192732475567814000
chr21	39600801	39601779	0.000265245597245268000
chr5	118787325	118787903	0.000002608440211811060
chr5	134785391	134787465	0.000014159715798091300
chr16	88769854	88771527	0.000452001977680914000
chr5	42811952	42812844	0.000191525424007294000
chr7	139528558	139529391	0.000281561710794809000
chr8	141608434	141610193	0.000053022116151875600
chr18	24764599	24765880	0.001191872807077240000
chr2	152213231	152214177	0.000128828875675556000
chr5	149466066	149466715	0.000126184845305691000
chr20	44686493	44687730	0.000025439977936921900
chr7	97913809	97914016	0.000001999763353262310
chr2	36582038	36583117	0.000198366625604443000
chr11	66055170	66055683	0.000020576392511079500
chr6	108488335	108489795	0.000037080255396724000
chr9	124503625	124504967	0.000032719647876170500
chr17	70710154	70711001	0.000038854393806867600
chr11	45824652	45826170	0.000071725924928998000
chr19	47288915	47289503	0.000009447152625517080
chr2	218785909	218786102	0.000006402221892700840
chr3	187724825	187725762	0.000001933840064915840
chr7	4764443	4765362	0.000041728945052343700
chr10	134221503	134222581	0.000373461941614491000
chr20	11897921	11899258	0.000242661408353883000
chr14	65183532	65183677	0.000036819886655134900
chr2	71801992	71802231	0.000010439783504588500
chr1	116916812	116917619	0.000184618178286274000
chr2	71503246	71505083	0.000798802353339875000
chr10	129045412	129046280	0.000010651579132631700
chr14	69256677	69256888	0.000022683721065319200
chr5	68266673	68267366	0.000002657042510900140
chr21	35883992	35884679	0.000139737210643937000
chr2	128052737	128052889	0.000046972825413300300
chr16	86016317	86017380	0.000034535232495329800
chr2	105925408	105925965	0.000022906241347388200
chr5	10761669	10762626	0.000005941777888863650
chr2	202022618	202023279	0.000000748857601559820
chr4	154001159	154001197	0.000004631020445763320
chr3	72870430	72870838	0.000012926349265159500
chr1	24882084	24882991	0.000349933647971652000
chr1	101704441	101705539	0.000102289224858010000
chr19	2616885	2616921	0.000005978076670693050
chr22	31668350	31668786	0.000026221778274144200
chr7	1269181	1270601	0.000122190410805650000
chr16	85095535	85096191	0.000006487556695868430
chr2	38264725	38265635	0.000007807014294969880
chr3	138662870	138663400	0.000087982036866870000
chr5	10485347	10485736	0.000043011455800182100
chr6	19837015	19838211	0.000052575691892293900
chr11	36615033	36616365	0.001314075928995500000
chr19	15343345	15344364	0.000969488079997144000
chr6	111887243	111888870	0.000944851033388665000
chr7	141985039	141985385	0.000002330082749630950
chr17	42784797	42785946	0.000011511649354892400
chr15	42209178	42210119	0.000000354407679920812
chr16	89785686	89786500	0.000087647920850925400
chr6	15279723	15280292	0.000031309907991551400
chr17	25858715	25860000	0.000096143527901289400
chr10	45958759	45959309	0.000215475788914892000
chr5	32711881	32713112	0.000028497053989881100
chr13	114828264	114831142	0.000111800953730381000
chr1	28917964	28919387	0.000039095994410565500
chr13	33780078	33780951	0.000214550218199326000
chr3	128271908	128274795	0.000025413111065402100
chr7	79086680	79087608	0.000003685896112128550
chr2	144487079	144487774	0.000000841161350121290
chr20	56265978	56266896	0.000007719727177539400
chr3	129146731	129147397	0.000014718232241816000
chr17	78747934	78748494	0.000567051908475655000
chr19	4566400	4567177	0.000002985030518485790
chr8	57471162	57473034	0.000192358510586916000
chr4	84071170	84071797	0.000059406458629559100
chr12	720604	721502	0.000173026924817902000
chr4	1728149	1729116	0.000008884845281902400
chr8	12989417	12991364	0.000728452021750257000
chr2	7018020	7018885	0.000051988376635340100
chr2	161407209	161407874	0.000006722778774322540
chr2	218840982	218841099	0.000000849634754254413
chr2	157179350	157180144	0.000058519606595406800
chr5	55443389	55444106	0.000056819620410643200
chr10	31422710	31423673	0.000344224691079031000
chr19	17200378	17203122	0.000029544540134019500
chr21	40123882	40124848	0.000021640669767768800
chr1	154164054	154165904	0.000033974538817843100
chr6	29520527	29521803	0.007260415632772720000
chr7	27212357	27214915	0.000162177156130525000
chr11	3177622	3178322	0.000297490149098541000
chr10	77811027	77811420	0.000000842156467638192
chr8	144408081	144408955	0.000123811290868060000
chr1	65990564	65991765	0.000501961718686836000
chr5	94027110	94027888	0.000095857391314114800
chr11	994379	996011	0.000002913296380390760
chr19	52075189	52076691	0.000008598876039372130
chr17	38498478	38499096	0.000378864268740802000
chr10	131757191	131758694	0.001067734711179370000
chr11	1875716	1876365	0.000001462746068552870
chr5	131347975	131348446	0.000030147210816542200
chr8	49647579	49648519	0.003630477691824810000
chr19	18284045	18284728	0.000303658581714512000
chr14	22974951	22975521	0.000417429222655286000
chr1	161178378	161179735	0.000083718050491266900
chr1	205913422	205914277	0.000060245610117224400
chr18	77960683	77962183	0.000351472622846573000
chr12	6657818	6659770	0.000341404056161516000
chr5	58512694	58513529	0.000004279671421755770
chr17	80581701	80581925	0.000053469371276682200
chr3	79815639	79816838	0.000015337467692388800
chr18	61573962	61574579	0.000000394227664671977
chr2	225434838	225435435	0.000058842120086559800
chr2	158113471	158114424	0.000208793927696721000
chr19	10735474	10736059	0.000037317899102898700
chr16	89002930	89004378	0.000053976184349938700
chr8	91658696	91659861	0.000006504777692114260
chr1	216774151	216774956	0.000065274536531557200
chr3	13395137	13395995	0.000001267701320347390
chr11	94245724	94246406	0.000045522596576305500
chr9	139424152	139424642	0.000001685092928001960
chr10	17038374	17038941	0.000013492959676227200
chr1	3477168	3477690	0.000000809378373192302
chr11	57157508	57159174	0.000012722204879642000
chr1	3471940	3473186	0.000002884776907846230
chr10	7453452	7454759	0.001938827242470020000
chr15	76473995	76474309	0.000017415035885878800
chr11	67895682	67896186	0.000228303489954006000
chr17	75451669	75452100	0.000168601587984201000
chr15	75526720	75527631	0.000002478500127969100
chr6	75982940	75983278	0.000017712135557857200
chr19	8564601	8565520	0.000285136265817423000
chr11	64321679	64322146	0.000013072260078905500
chr9	92016748	92016796	0.000006179611997026250
chr1	23503850	23505138	0.000008029142925671840
chr8	41402389	41402728	0.000038118798464339500
chr9	137301117	137302231	0.000192569901417441000
chr16	89816138	89816262	0.000005780198602350690
chr12	11992925	11993528	0.000007165045268780350
chr16	11862556	11862854	0.000001413175130790700
chr1	38465830	38466677	0.000008647362256921650
chr12	835173	835793	0.000000531637181457617
chr3	154796701	154798159	0.000152269148524435000
chr22	24900010	24900032	0.000006416037087000940
chr10	116444040	116445125	0.000092904760139996000
chr4	7054100	7054700	0.000001169931909663280
chr3	134369339	134370241	0.000159475084687076000
chr11	66814325	66814384	0.000000318760581382655
chr5	113697330	113698847	0.001738761666783490000
chr12	26986193	26987065	0.000514491172556334000
chr3	37212084	37212771	0.000000719921995803718
chr7	2672400	2673408	0.000064772318571741100
chr9	127044327	127045343	0.000001853972567755520
chr6	84562326	84563910	0.000270001507215465000
chr10	29924258	29924853	0.000250111576853234000
chr3	42694144	42695854	0.001759655324988330000
chr14	104171040	104172224	0.000063025749784966200
chr11	65058365	65060386	0.000012066423893683000
chr16	67424195	67425219	0.000102417728864984000
chr19	16553711	16553887	0.000011353233717544400
chr12	51718355	51721161	0.000057178693594381400
chr14	22986466	22988698	0.000436235921614260000
chr8	11415543	11416319	0.000033660262907148800
chr9	131683865	131684923	0.000010494215617430100
chr16	474271	474937	0.000198876091121504000
chr14	102438447	102439006	0.000014321215748620900
chr6	7201665	7202397	0.000000466480411793229
chr1	212002499	212003502	0.000043498137775217600
chr10	64469257	64470137	0.000000503624920106871
chr11	112131049	112131713	0.000000578758055111824
chr11	68919873	68921264	0.000388284615412737000
chr1	44887933	44889689	0.000006078422613110700
chr5	148785705	148786518	0.000026330207909729900
chr4	124339575	124340166	0.000001383561005246940
chr11	131779583	131781260	0.003474656034590280000
chr4	86395989	86396765	0.000513054046947824000
chr17	6555093	6556270	0.000217721155179546000
chr20	35722944	35723332	0.000033399921319316200
chr1	119532189	119532925	0.000012355977115368600
chr12	53692108	53693359	0.000360475459253677000
chr14	92333765	92334313	0.000180461099609972000
chr14	22993036	22993303	0.000561392393912006000
chr12	50899018	50899895	0.000009374150479386090
chr17	79124036	79125029	0.000004162060866694990
chr19	55385010	55385662	0.000101440485211120000
chr8	142179603	142180671	0.000268417848168729000
chr18	21452266	21452895	0.002902058440554530000
chr11	74172851	74173933	0.000088784684158838400
chr21	27543469	27544797	0.000913712715688729000
chr14	94855034	94858339	0.000264417802376682000
chr3	149956248	149956337	0.000003423146902095420
chr7	1552941	1553444	0.000091748450146151100
chr5	40672670	40672805	0.000006304433542831930
chr10	126716434	126717502	0.000043696501570960300
chr22	24536471	24536572	0.000005396090206653270
chr2	109921282	109922117	0.000006544316268831790
chr5	148783887	148784657	0.000089227808485278300
chr11	69240192	69241093	0.000321081678793134000
chr8	38133060	38133371	0.000001724072682270560
chr18	46422809	46423566	0.000014845360317703600
chr7	5523576	5523691	0.000029806107618329100
chr16	85116332	85116513	0.000030497920903094800
chr5	76028910	76029522	0.000011665193356319800
chr3	12392024	12393021	0.000087128197641678700
chr4	74702075	74702872	0.000754418277644815000
chr10	12126673	12126715	0.000006051063425412000
chr3	71730474	71731211	0.000005881488640380800
chr21	15906614	15907213	0.000001484628630963510
chr17	8113904	8114753	0.000248113501183568000
chr16	21170267	21171470	0.000192238956251616000
chr17	60937353	60937887	0.000001003040885136550
chr16	8726527	8726753	0.000007799687259905690
chr12	18890215	18891397	0.000095926268986146800
chr2	74782445	74783039	0.000049361565896748400
chr2	68546579	68548142	0.000108848336797312000
chr7	32109997	32111453	0.000159277360501091000
chr11	119075448	119076567	0.000122811692539803000
chr18	3661445	3661481	0.000006570956176548850
chr18	20716435	20717693	0.000027794882399642800
chr15	101708100	101708817	0.000088175367130314800
chr2	218868754	218869684	0.000000471885258601882
chr5	160975024	160976417	0.001189870510974610000
chr10	31435673	31435733	0.000000693496747014775
chr2	47054833	47055138	0.000000924434296266534
chr16	4711507	4712003	0.000000805024336198408
chr15	85358533	85360691	0.000009984144638947690
chr11	65325158	65327156	0.000006983521829147430
chr13	32524193	32525479	0.000038054228381822700
chr16	646175	646579	0.000099195607168720000
chr5	150051914	150052683	0.000002002639662672430
chr1	172608566	172608704	0.000050231757521897800
chr21	40032331	40033236	0.000291659268564017000
chr3	132756669	132757973	0.002528417645606000000
chr17	39868082	39869138	0.000002545859611894420
chr1	90999555	91000412	0.000001681693937071280
chr6	36818903	36819555	0.000000516312073046179
chr12	106533375	106534774	0.000032956664037701300
chr5	148033068	148034578	0.002861927080950470000
chr6	106957384	106958640	0.000014487437435306300
chr3	45984158	45985168	0.003873945152993370000
chr11	63272554	63274030	0.000169027819491106000
chr10	11133829	11133858	0.000000787334211841137
chr1	167522981	167523769	0.000354347629158991000
chr6	154799632	154799940	0.000009159615091611850
chr16	66692347	66692404	0.000003064561263092690
chr9	140348828	140349705	0.000597347469244057000
chr16	11348611	11349568	0.001311933012014020000
chr19	3188985	3189957	0.000007698331369059300
chr15	40353216	40353812	0.000000777966391849312
chr1	27695677	27695921	0.000046957017222238900
chr11	10481217	10482612	0.000322186538197631000
chr2	102313069	102313644	0.000015242973131824200
chr6	170125483	170126595	0.000092473813962781300
chr2	43767347	43768564	0.000024618638487074000
chr2	174150971	174150974	0.000003311625852548410
chr2	237781809	237781902	0.000001202169748974980
chr6	96463185	96464135	0.002125862605186770000
chr8	142147722	142148346	0.000031725327722674100
chr10	3799642	3800461	0.000044071859994055600
chr11	62573612	62574403	0.000271461159221856000
chr22	43551216	43552455	0.000358343944901234000
chr19	17444399	17445684	0.000006687848498283420
chr17	36057891	36058381	0.000000719914945265896
chr20	47339547	47341147	0.000005468870787959320
chr16	3117771	3118749	0.000135204110301794000
chr8	126518427	126519365	0.000008240329446822440
chr18	29263741	29264505	0.000047374799317152200
chr12	114298934	114299076	0.000007850981844779710
chr6	25167695	25168331	0.000002908045876821150
chr11	114251168	114252412	0.000009792212065907520
chr5	148187854	148188524	0.000006639234118853760
chr6	109556914	109557698	0.000002012557861755110
chr3	14859913	14860793	0.000005872793448968730
chr1	184774806	184775699	0.000021002119655483700
chr20	30638733	30640256	0.000081869035241987500
chr21	38069950	38072186	0.003350503530388030000
chr3	127311038	127311169	0.000136578358692316000
chr9	5608645	5609143	0.000000489274519293948
chr8	42122810	42123384	0.000009742226255141750
chr2	217340087	217340562	0.000000466480243886379
chr10	99472848	99475406	0.000101129514775903000
chr21	43823604	43824262	0.000137425294848834000
chr11	101786117	101787410	0.000019927070735877900
chr15	41309253	41309723	0.000001837684729147190
chr17	42466567	42467867	0.000008070092225622100
chr9	127024180	127025013	0.000033473540109858300
chr4	77129606	77130254	0.000002859727176965840
chr2	229045417	229047701	0.003529509157377180000
chr11	10476242	10476976	0.001408346147464760000
chr15	81488168	81489195	0.000333317836175952000
chr5	169784957	169785032	0.000008259823427517850
chr1	236094805	236096728	0.000022201462945356300
chr8	72459499	72460890	0.000437570600242188000
chr10	77794591	77795554	0.000001706206319352920
chr8	140757364	140758300	0.000001177755664990290
chr15	67706106	67706575	0.000000911228460722088
chr7	50860864	50862266	0.005695001665391450000
chr3	69130853	69130918	0.000018752411110931700
chr19	17864889	17866244	0.000075740001491916600
chr10	134335999	134336384	0.000054784867599761700
chr11	86652648	86653892	0.000005676184304187030
chr7	101688730	101688863	0.000002536958670259470
chr11	60930188	60930380	0.000022716688192766900
chr3	52332923	52334181	0.000026575360834437700
chr6	158050405	158050429	0.000000355475654899760
chr17	28671936	28672726	0.000021394904184093900
chr11	32416490	32416984	0.000001546728555885950
chr18	12656793	12657692	0.000153939054483049000
chr6	158507753	158508543	0.000182915337793993000
chr9	122131497	122132379	0.000032390320577410600
chr6	82472483	82474202	0.000000963423158791732
chr11	123524938	123526191	0.000477298151099991000
chr17	48205411	48207167	0.000026445561583296600
chr1	33438609	33438978	0.000000808883488969901
chr4	6909491	6909853	0.000027349020818308200
chr6	86395559	86395706	0.000002823466392561530
chr12	2560262	2562241	0.000008758919879415320
chr14	64932288	64933964	0.000321803009243511000
chr14	22970114	22972568	0.000402797768806155000
chr3	72131705	72132327	0.000003258539372414530
chr10	77190054	77191686	0.000095371093331343900
chr14	60179825	60180222	0.000000603929970336956
chr18	43407719	43408983	0.000012191252245239000
chr11	119994204	119997584	0.000223709563590419000
chr19	2091161	2091406	0.000004856814599751880
chr3	129244295	129247552	0.000008209425200475920
chr3	27764238	27766382	0.000137780400155467000
chr21	30676184	30677172	0.000002310324215505610
chr1	230248121	230248722	0.000001165581483685210
chr3	9464436	9464700	0.000007096673374095070
chr20	42101035	42101576	0.000056465480865492500
chr2	121437430	121437519	0.000000296156229447687
chr17	58231248	58231794	0.000001699625756645630
chr19	50335849	50336955	0.000032010713438788500
chr10	110671609	110672231	0.000007385932407123190
chr3	42946772	42948169	0.000977943163353541000
chr16	88589918	88590409	0.000002913928621586640
chr15	44212363	44213307	0.000000989774110808248
chr8	38024119	38024747	0.000089886647616315600
chr16	85647585	85649026	0.000178021622113043000
chr2	122547604	122548441	0.000062565163955588100
chr6	133137262	133138437	0.000243793893163998000
chr14	95780344	95780358	0.000010900392104129100
chr17	9923497	9924869	0.000184518031928071000
chr5	176747268	176748043	0.000001126172981356830
chr6	33130696	33134748	0.002700922875538890000
chr10	81044831	81045166	0.000002893627623968010
chr1	211756426	211757434	0.000042867195244626100
chr13	50216117	50217565	0.000002123008102987850
chr2	241929023	241929774	0.000004764747948320920
chr5	134989803	134990806	0.000003225068098856230
chr16	84859968	84860918	0.000014135925266633000
chr11	76353433	76353533	0.000000625365559424848
chr6	7041561	7042118	0.000001613708067249670
chr19	17610751	17611398	0.000035935878187709100
chr22	29197712	29198005	0.000420638401317800000
chr7	33914250	33914683	0.000003463096174353020
chr10	43476985	43477278	0.000016094119694001500
chr12	110704831	110704909	0.000000852936745553034
chr2	25873029	25873395	0.000117399376949352000
chr12	6232979	6233717	0.000004438594502913060
chr4	149362435	149363522	0.000085747993181826900
chr9	99317249	99318213	0.000000566488879686179
chr2	176986535	176988284	0.003293193988814380000
chr1	50513166	50514460	0.000167546391078166000
chr3	160822372	160823781	0.011157216068783200000
chr20	1878646	1878897	0.000003981933530036600
chr21	43373079	43373897	0.000412420502206803000
chr16	90023526	90024450	0.000085113079190531900
chr7	37389785	37390106	0.000037432795211958500
chr18	12880032	12880767	0.000001289420934388900
chr17	80199608	80201299	0.000110507715485317000
chr16	9055493	9056399	0.000607591464542380000
chr1	178061945	178063828	0.000160581037529976000
chr17	1530792	1530856	0.000003373999456712180
chr1	209590173	209590391	0.000001347279303397010
chr12	32487307	32487523	0.000001375971832755520
chr7	1545522	1546826	0.000386860700076905000
chr11	121986736	121987265	0.000031830073453147700
chr17	28049596	28049938	0.000022447348342667700
chr12	16499963	16501534	0.000402464239118391000
chr8	67032893	67033974	0.000023284973709954200
chr5	31742311	31742848	0.000000876811773132549
chr17	2026359	2026533	0.000006630753017955670
chr17	38023480	38024394	0.000151076658588328000
chr3	194905621	194906452	0.000049014168747661700
chr1	28462234	28462664	0.000000918755350755316
chr10	48390936	48391701	0.000006505626402843960
chr1	60196606	60197222	0.000025144441132447800
chr12	1098663	1099823	0.000328085760261163000
chr3	42949540	42950090	0.000001034910578473030
chr14	74100086	74100987	0.000365700452020669000
chr17	43488551	43489199	0.000006356824643406100
chr17	504991	505019	0.000010517239612109000
chr14	24640895	24641706	0.007614743328102780000
chr1	229194510	229195169	0.000000725035545925677
chr2	28601340	28601410	0.000009915715677684150
chr6	64486271	64487480	0.000441956325900205000
chr8	56790967	56793504	0.001593186954077170000
chr1	54719216	54719938	0.000001456632989478130
chr2	217559688	217560946	0.001000208569353280000
chr17	48266108	48267239	0.000073125862942274900
chr14	23002783	23004483	0.000167869043804946000
chr1	6651358	6651517	0.000004711822664966870
chr7	157092682	157093534	0.000307036513684635000
chr6	136847105	136848313	0.002613300259893050000
chr5	140345461	140346921	0.001449574246464370000
chr16	69362629	69363236	0.000039144368410012600
chr1	162600874	162601485	0.000005047749204266900
chr1	243416574	243416808	0.000064890038373589600
chr15	32392647	32392710	0.000003121180886993610
chr2	227354641	227355039	0.000000447908292562203
chr12	123258441	123259330	0.000464418885289991000
chr11	46360127	46360763	0.000004609668115349520
chr15	88307922	88308153	0.000000834220437638485
chr11	61721976	61723377	0.000024391423228930300
chr12	95945082	95946131	0.000755106966049709000
chr17	41857055	41857926	0.000411410467995739000
chr22	26838527	26839207	0.000000777965673728017
chr10	14587920	14588033	0.000004870321118934700
chr20	37352612	37353907	0.002607110220358040000
chr22	41613692	41614127	0.000016073641977585400
chr19	51920885	51921017	0.000026324184404038700
chr4	140148740	140149073	0.000000327301665533843
chr13	95987986	95989562	0.000011334989223495500
chr15	58623953	58624534	0.000005704751481338020
chr2	157184137	157187229	0.005947267124024880000
chr12	105628162	105629518	0.000024777320667485400
chr16	30721139	30721715	0.000494141699405912000
chr1	8939529	8940460	0.000075364209032411800
chr3	126270860	126271714	0.000002770339036841720
chr2	9514739	9516223	0.000004866230836241230
chr18	10524910	10525881	0.000027871259062191800
chr22	23592850	23593559	0.000001521382696199810
chr20	23014087	23015194	0.000005595754814273730
chr14	106330520	106332077	0.000095330561358037600
chr7	5732012	5733188	0.000008387901126774000
chr2	235950085	235951579	0.000329249694354837000
chr6	28830789	28831886	0.000835003925957867000
chr16	30492903	30492931	0.000059146944113165400
chr14	21502873	21503521	0.000038010078366757000
chr10	30865123	30865963	0.000001546609032886770
chr1	25198759	25199304	0.000013057939314800200
chr7	158330075	158331217	0.000001546274761585020
chr19	3135364	3136710	0.000302812802120217000
chr22	47467616	47468292	0.000000741349185959633
chr12	103898815	103899275	0.000023650424438325900
chr3	18786206	18787223	0.000042524355612421400
chr11	64127791	64128339	0.000053723585637657900
chr10	73189015	73189658	0.000000777966025256452
chr6	52859107	52860082	0.001084932741836530000
chr13	78492306	78494330	0.032483993208881700000
chr2	179888754	179889396	0.000000920148880911298
chr10	3138418	3138534	0.000025066859236707000
chr5	149318703	149319971	0.000220201433659387000
chr14	23015364	23016326	0.001810066977292390000
chr3	41239573	41240705	0.000013856050977665800
chr6	7166272	7167468	0.000068993999093206200
chr6	34662875	34664215	0.000021283919814677400
chr17	79816504	79817633	0.001488152023046910000
chr15	69366047	69366984	0.000154880032104844000
chr2	200333401	200335874	0.000275244652225902000
chr6	33393112	33393907	0.000414326264217444000
chr3	147126961	147128157	0.004437819311268190000
chr2	121612148	121612912	0.000000973244745079273
chr8	134419335	134420155	0.000052538554425546600
chr1	43313732	43313820	0.000019645868145055200
chr10	72298745	72299786	0.000002233095270443080
chr4	156587892	156589349	0.001190933296360990000
chr17	72462164	72463080	0.014241307701521000000
chr7	30503544	30505679	0.000039706503796678400
chr12	48419169	48420328	0.000157777091813962000
chr1	159903903	159904598	0.000002331146195260060
chr17	1927052	1929555	0.000090960345523064800
chr6	5026164	5026559	0.000232140720825865000
chr22	19691974	19692540	0.000020735799903166800
chr10	26222642	26224228	0.000252891061064366000
chr5	63461216	63462187	0.006143610143946560000
chr16	55512521	55514470	0.005668680755492710000
chr6	135516912	135518015	0.000741311508729467000
chr19	17633381	17634172	0.000148929576303047000
chr1	40861387	40863166	0.000238127982279972000
chr1	203023236	203023927	0.000001360461755481960
chr7	30008637	30009236	0.000013282472194523600
chr16	85946351	85950321	0.000119598373081929000
chr7	150951482	150952099	0.000137365552511113000
chr2	64081333	64081788	0.000001510518678102370
chr10	22605631	22606415	0.000350673481017614000
chr12	102090101	102091141	0.000138893919936670000
chr11	57363540	57365948	0.000548491176066352000
chr21	40145090	40146046	0.000053655656036184600
chr17	45809727	45810865	0.007354568247673040000
chr1	110210021	110210925	0.000020847714401914500
chr21	37535372	37537123	0.001101498795827330000
chr11	72926963	72927832	0.000656316484804450000
chr6	106545984	106546824	0.000226236980626285000
chr7	26409372	26409819	0.000002828903694391020
chr3	108020193	108021354	0.000127181508275772000
chr6	151380818	151381460	0.000008206716736063100
chr4	7636841	7638050	0.000361700463913135000
chr6	28446794	28447115	0.000585048671906471000
chr7	25896724	25898770	0.000057691583507045800
chr1	155910523	155911361	0.000079195617138514400
chr14	102551305	102552061	0.000544386809300481000
chr2	152830189	152831214	0.004844036128711630000
chr17	80832836	80834228	0.000092997543504427100
chr5	32394710	32395364	0.000032646039177501600
chr8	37482537	37483497	0.000147080873461918000
chr20	1471884	1472914	0.001128870472324950000
chr3	48263670	48265146	0.000334417770406572000
chr12	123604434	123604688	0.000185841950172333000
chr10	126222996	126223401	0.000001931069454799380
chr11	8788219	8789213	0.000001580565622811610
chr8	37992045	37992521	0.000000592241214335811
chr17	78853966	78854418	0.001094167887957210000
chr16	75033886	75036318	0.000114923287078574000
chr16	85815505	85815851	0.000059012838794962100
chr20	43882990	43883746	0.000472492667738113000
chr13	49153267	49153478	0.000002866928841422390
chr17	80180987	80181015	0.000029582573370325900
chr16	85317750	85318420	0.000000943787085294126
chr4	184930883	184931986	0.000177396332942940000
chr9	131007472	131008520	0.000071346575325357000
chr7	83277941	83278594	0.000047785499717721800
chr19	38524517	38524956	0.000030467572795960400
chr2	115419537	115420260	0.005454014609442350000
chr6	158401597	158402524	0.000004997952009874580
chr10	72697938	72699011	0.000005555167646267230
chr7	642127	643155	0.000354790361717999000
chr11	64647129	64647924	0.000782448480550191000
chr13	80934105	80934176	0.000006216743360499920
chr18	13456783	13457605	0.000015225033825950000
chr19	15980239	15980980	0.000020895812790436300
chr6	6915600	6916301	0.000007713974759944890
chr2	24307657	24308831	0.002183944209839410000
chr14	102730735	102731024	0.000002392659840573900
chr15	74594705	74595274	0.000048463389511204400
chr12	129338484	129338939	0.000601239228242083000
chr10	4103973	4104492	0.000001691843635760720
chr10	35853514	35854353	0.000039382340385933400
chr7	75993585	75994082	0.000005345068732787510
chr16	85568407	85569506	0.000026689077881072600
chr2	158731577	158732186	0.000167826116638734000
chr15	79270157	79270911	0.000002116376736402920
chr15	59978600	59978702	0.000012440656081005800
chr13	110052565	110052929	0.000027105605878788300
chr8	29230547	29231632	0.000062691429712696600
chr1	153746211	153747551	0.001388735057636800000
chr22	19973978	19974536	0.000013844705316733500
chr7	4746131	4746964	0.000009897380726222420
chr9	136039125	136040311	0.000083447601595683500
chr7	30175455	30176842	0.000072333155221963100
chr4	57975383	57976561	0.000725250417261844000
chr17	40463425	40465546	0.000079263991248380900
chr12	56322667	56323816	0.000151693606101853000
chr4	11482309	11482979	0.000001165571630906680
chr17	70535807	70536814	0.000233359286538159000
chr2	58335008	58335178	0.000024961736454301800
chr7	158863255	158863262	0.000011895466226426400
chr16	70784519	70785051	0.000039028325761072000
chr8	82643667	82645251	0.003563165027575630000
chr19	57049326	57050834	0.003240639604613450000
chr17	39674736	39676096	0.002742084554885400000
chr14	31858067	31858202	0.000028478759160386300
chr19	18525886	18526342	0.000001822910796432890
chr10	78192471	78193152	0.000000868653349492007
chr1	117306044	117306669	0.000011106717663769300
chr10	101942078	101943528	0.000002882844123871260
chr17	74913153	74913760	0.000013246477006514200
chr3	52320096	52321651	0.000884638139232865000
chr2	102758186	102759782	0.000270010705074461000
chr20	19869062	19870217	0.000025406619802962100
chr4	108814109	108815627	0.000120488377319238000
chr12	109553359	109554302	0.000024584124638205100
chr4	2321957	2322707	0.000021011769092597700
chr2	163199311	163200102	0.000197032988154041000
chr11	64899775	64900163	0.000019370918465273800
chr5	70897268	70897464	0.000028437824009268500
chr8	59763565	59763860	0.000045356792944746200
chr18	21851455	21852436	0.000105783997430337000
chr14	81629527	81630352	0.000001053905609016550
chr2	20211771	20213850	0.009775320331113840000
chr14	99501573	99503809	0.000107777163821862000
chr7	2680532	2681436	0.000201066520568499000
chr1	241694967	241696246	0.000026635437967568900
chr7	27240758	27241791	0.000052699656495002100
chr8	23397998	23399610	0.000280315999163788000
chr1	25253237	25254746	0.000165775198702501000
chr15	71144198	71145762	0.000036089318748063000
chr11	59560901	59561218	0.000006809203559948210
chr16	56886303	56886386	0.000012663137923567800
chr7	2563184	2563909	0.000032928773761149700
chr4	40751439	40752692	0.005995230109777200000
chr17	73055792	73056797	0.000487254258486639000
chr11	67134607	67135312	0.000015236575628197500
chr9	132631088	132631970	0.000001370950866979530
chr19	14048977	14049823	0.000228553490018718000
chr2	63278831	63280625	0.000983488993300339000
chr14	78175448	78175470	0.000008815439330014280
chr17	76879172	76880144	0.000006425989597048650
chr3	171528573	171529610	0.000534632544674156000
chr16	70780159	70780947	0.000452670151233152000
chr2	169927922	169929133	0.000147235071941542000
chr16	2012341	2013573	0.001799381741260640000
chr9	139592589	139593588	0.000011176031710217400
chr2	42097549	42098364	0.000173373326404319000
chr3	181412819	181413847	0.000019145950586501800
chr10	15355978	15356822	0.000004891486456858680
chr10	28034044	28035655	0.014697280574892100000
chr6	30168380	30170340	0.000075183102646685700
chr6	134757461	134757763	0.000001625518416652720
chr8	1771417	1772393	0.002227168992780480000
chr5	31193127	31194749	0.004922095720016540000
chr16	19883256	19884310	0.000006728337367987450
chr13	60308688	60308743	0.000006185096178816480
chr1	17445310	17446768	0.001172971788342730000
chr8	11710911	11712380	0.000300440938305218000
chr3	71560431	71561122	0.000000918755356409182
chr19	13974894	13975669	0.000068019461549694700
chr2	109228889	109229337	0.000002551846720789580
chr13	112720927	112723226	0.000506700662097902000
chr7	142582859	142584694	0.000268629918079003000
chr8	59506823	59507568	0.000002234790324105530
chr19	15413162	15413249	0.000000291931323634182
chr1	6204000	6204635	0.000004318141071744280
chr18	60826611	60829008	0.000013075134397227100
chr1	113256701	113256886	0.000046581895006433000
chr17	76155737	76156095	0.000191435497361979000
chr3	185655548	185657066	0.000551032579613678000
chr3	42773896	42774417	0.000085688819791957000
chr12	43945213	43946518	0.000484839687712014000
chr22	22292911	22293793	0.000152759162200447000
chr10	94516971	94517026	0.000011643967347472700
chr3	195946195	195947062	0.001271738580959720000
chr5	159654983	159656306	0.000191702786898944000
chr1	226788200	226788767	0.000001223507661727690
chr2	99124870	99125292	0.000262373439500183000
chr2	9458925	9459596	0.000054743422061441100
chr4	113208476	113208944	0.000002653347788374150
chr6	111873161	111873828	0.000019122108386100300
chr14	105146996	105147781	0.000132574144104771000
chr19	32895186	32895224	0.000027300397927332100
chr10	101289600	101291397	0.000165839301774594000
chr17	42299852	42299928	0.000066305724857431100
chr11	89223981	89225383	0.005263840267383180000
chr9	140942398	140943064	0.000009788880379927040
chr2	8784813	8785262	0.000002141740248320430
chr2	45224505	45225295	0.000002594896424850940
chr2	71779926	71780175	0.000000670001434637794
chr17	39041602	39042563	0.000007840015797317980
chr10	105807969	105809096	0.000001335861517541660
chr2	28589316	28589782	0.000007507665205105290
chr6	49754848	49755579	0.000682775768962576000
chr9	116355621	116356457	0.000027552035722859600
chr12	57940684	57942004	0.000653932279518571000
chr10	20104452	20106873	0.000722256174273820000
chr17	33825172	33825374	0.000014685673007453700
chr12	111618925	111620313	0.002600138204957920000
chr11	86662289	86663418	0.000008115706018026780
chr12	6417135	6417620	0.000001608808349749550
chr17	34458854	34458957	0.000001546008242341220
chr19	12203029	12203946	0.000006397286332812220
chr11	1951814	1952756	0.000019134593413765500
chr11	71702782	71703325	0.000000837456307191793
chr11	76381687	76382794	0.000008011840593185980
chr22	24938255	24938711	0.000008496321641411110
chr1	160989907	160990452	0.000109611833313523000
chr8	74276808	74277181	0.000000818668853332869
chr20	45318890	45319455	0.001192990336393540000
chr11	94882829	94884121	0.000288752982773466000
chr15	58357047	58358811	0.008947220563351780000
chr19	1904288	1904554	0.000557678010314719000
chr21	40983994	40985406	0.004532207720331290000
chr16	85650374	85650522	0.000048690686608506800
chr2	64871507	64872418	0.000203448569680354000
chr18	6510785	6511902	0.000004809337732873700
chr6	138191135	138192658	0.000071454295771620600
chr4	25424029	25424188	0.000000303611029110524
chr13	28365853	28367245	0.002605560952639130000
chr17	7529693	7530871	0.000028744004489563200
chr10	65225927	65226682	0.000159064208385784000
chr10	12077957	12078692	0.000041809053616614400
chr6	42421084	42421757	0.000005539408624130590
chr2	113735151	113736044	0.001747604850280200000
chr14	91827651	91828035	0.000006331667215379230
chr12	6492579	6494214	0.003072128768646530000
chr11	132933813	132934962	0.000348947271276790000
chr8	21769114	21770233	0.000101455121859871000
chr1	94057247	94057789	0.000973900685417441000
chr7	1142433	1143572	0.000173271518071165000
chr5	72677230	72678459	0.004109139606868030000
chr7	92645436	92646595	0.000055490900613680500
chr2	169939873	169939876	0.000010442590813277000
chr2	219187295	219188804	0.000029978922686270800
chr11	67796808	67796852	0.000151544518638015000
chr15	52428559	52430789	0.000159299143067581000
chr5	73527843	73528392	0.000003200422956066770
chr12	56487184	56488770	0.000024006866130280400
chr1	13949753	13950049	0.000022316621242092700
chr1	8931135	8933118	0.001479882651154720000
chr1	236016383	236017325	0.000059014167033921200
chr4	76677354	76677437	0.000016044461634394300
chr8	131373613	131374842	0.000045561799583852500
chr1	209847618	209849445	0.000156024634529994000
chr20	43729410	43730241	0.000805803147681036000
chr2	176971304	176972812	0.001272228750443730000
chr21	47253391	47253866	0.000002424084931878880
chr7	8301660	8302831	0.000468508803056386000
chr1	3703550	3705262	0.000672739026398852000
chr12	123468780	123469669	0.000078676142599001100
chr11	20690223	20691823	0.010116952753958500000
chr12	48275709	48276809	0.001344223097142700000
chr4	170928131	170928419	0.000001053688433639380
chr11	26352959	26354057	0.006599873120111400000
chr19	6886676	6887544	0.000150510353417669000
chr17	643533	643676	0.000018844420166991600
chr4	90226782	90227879	0.000125382874639839000
chr16	89384602	89384937	0.000001207541708852160
chr16	58418405	58419521	0.000374073531715094000
chr6	11404542	11405177	0.000002186210893972360
chr19	45116089	45117161	0.000127745999677860000
chr3	195619562	195620147	0.000046204650787112300
chr11	118780672	118782395	0.002520477124313080000
chr9	4849455	4850684	0.000075198699026467400
chr11	57252275	57252371	0.000015603288502953000
chr2	240422121	240423096	0.000119541327352864000
chr6	106987660	106989020	0.000006137362143442720
chr22	37975941	37977445	0.000103490429938745000
chr16	2082689	2083393	0.000210308641615482000
chr20	62327117	62328094	0.000005450245924156910
chr12	57580097	57581116	0.000007204138797377180
chr1	22164880	22165523	0.000001546715599125560
chr17	4092306	4093344	0.000025560178053765600
chr20	61559151	61559756	0.000009341461178395510
chr19	38918129	38918253	0.000643820136865446000
chr2	157262176	157262380	0.000015871973301835700
chr16	46745827	46746887	0.000004829500390451510
chr6	147234727	147235737	0.000056422710834952000
chr12	322587	324682	0.007754952522126280000
chr14	105390602	105391635	0.000392225191475856000
chr10	8373416	8373659	0.000671275424154928000
chr10	48601822	48602270	0.000007986750236875070
chr8	144611108	144611701	0.000002210554917342360
chr6	166855452	166856094	0.000066905781537986100
chr10	104210692	104212413	0.004246707475470590000
chr1	205683876	205684841	0.000010800735804810500
chr2	169402526	169402543	0.000011932621064121300
chr19	50269083	50269440	0.000204839771442748000
chr11	64163330	64164039	0.000068762175461384400
chr3	72226488	72227294	0.000042767959021247200
chr2	26624228	26625326	0.002700525406694850000
chr15	96874702	96876737	0.000584315108059108000
chr5	15499895	15500913	0.001286735840093080000
chr11	44976423	44977160	0.000001229788286933740
chr17	80415420	80416045	0.000359879986438925000
chr1	181056127	181056912	0.000133722918860645000
chr6	30312580	30314265	0.001176683714510440000
chr8	10928985	10929599	0.000003364745665504560
chr16	125896	127449	0.000069999254008472100
chr12	125219188	125219584	0.000000693681870841678
chr17	53342593	53343827	0.000426018409733870000
chr15	45740221	45741008	0.002277899860821740000
chr19	14670860	14671512	0.000312047288400032000
chr12	57599056	57599717	0.000004247945075512500
chr5	52404911	52405361	0.000006858281107398510
chr20	49410810	49411312	0.000104133808950135000
chr3	150477722	150478499	0.000006155298072975040
chr2	232878174	232880480	0.000021537284529629800
chr1	203733914	203734559	0.000065656635012844300
chr4	2812455	2812744	0.000006922300004445120
chr1	112032288	112033176	0.000002108393914786530
chr3	10970243	10970640	0.000010252631997158600
chr19	40871421	40872727	0.000052390146134465900
chr18	53447211	53448189	0.000100744224546061000
chr8	105424058	105424730	0.000339875028996134000
chr14	24038103	24038691	0.000200809676306510000
chr3	81811322	81812412	0.000157965237621863000
chr4	174422908	174423637	0.000003033760146494250
chr17	34057788	34059260	0.000107216257931033000
chr22	28221968	28222011	0.000000301716858169179
chr18	4453856	4456154	0.000503385234264648000
chr2	235372794	235372868	0.000080908959123624900
chr22	48536576	48537923	0.000763683367799784000
chr15	70592610	70592930	0.000002463622759845160
chr1	8772712	8772984	0.000000665994948780771
chr18	22804466	22804942	0.000002053055883822900
chr2	102798651	102799485	0.000253911081393543000
chr12	94131844	94131957	0.000030799161883422100
chr2	8820292	8820597	0.000096431770924618300
chr8	98576695	98577736	0.000012222964026790500
chr19	44066539	44066989	0.000001362771901189810
chr15	39985286	39985431	0.000014987348347970800
chr20	9048614	9049819	0.002493806969941460000
chr14	81893507	81894411	0.000046834074336129100
chr11	3915156	3915742	0.000014898738229740500
chr4	41258241	41259283	0.000956459383537922000
chr16	85397637	85399223	0.000091535291131077500
chr15	92557038	92557555	0.000001863034477474000
chr10	5455077	5455710	0.000014415074265676800
chr1	20577222	20577410	0.000014712708532746500
chr2	63284784	63287082	0.000159039763980586000
chr1	229073804	229074629	0.000024978685514243200
chr4	84256844	84257282	0.000211114430189703000
chr6	32114687	32115284	0.000112956511547512000
chr10	1227850	1229080	0.000067008306588673900
chr1	204182957	204183655	0.000311667547542893000
chr21	43490967	43491755	0.000456299011709678000
chr16	88832065	88832700	0.000051198249932870400
chr2	85647884	85648745	0.000001065021474268490
chr4	124476694	124477103	0.000069489185989002300
chr5	134467000	134468372	0.000070333741104518200
chr13	111317935	111318640	0.000208134131757550000
chr12	2261178	2261610	0.000014452871794892100
chr3	37903682	37904475	0.000394947971071018000
chr1	3201858	3201953	0.000017027531526699500
chr10	25463350	25466027	0.001125631884413350000
chr1	3037627	3039210	0.000018952949985166600
chr17	70598442	70599452	0.000054381757345761400
chr2	213403212	213403960	0.001685189982204150000
chr2	239463246	239463810	0.000112068409492703000
chr3	48506326	48508272	0.000533122306804183000
chr2	203035481	203036837	0.000148269116178779000
chr1	230289718	230290089	0.000073324041360440700
chr11	69923693	69925268	0.001845148617434800000
chr13	111866266	111867352	0.000176875178780832000
chr14	23586582	23589066	0.000956285769583133000
chr9	35758446	35759136	0.000003839103573186760
chr18	28783553	28783953	0.000005300453597731520
chr14	64968390	64969374	0.000061256766474739500
chr4	40579075	40579526	0.000003705959479045750
chr3	22413582	22414843	0.001266693891916920000
chr7	142493674	142494773	0.019304323174076900000
chr8	101315424	101316253	0.001708894552649190000
chr19	4301870	4304577	0.001775524790826890000
chr1	193155273	193156434	0.000150746193738738000
chr17	80274776	80276134	0.002103167391950550000
chr7	129360448	129360579	0.000013171416340330100
chr11	121349740	121350035	0.000001385036917211730
chr1	226249216	226249852	0.000300294387196467000
chr13	27557211	27557503	0.000117824501326389000
chr4	76480681	76481299	0.000136000190024133000
chr6	94128181	94129636	0.000517737698844920000
chr2	142886947	142888598	0.000231189651108515000
chr17	4713592	4714200	0.000001166947740236970
chr8	142244625	142245835	0.000015308579730291400
chr8	49571564	49571931	0.000188354585811719000
chr17	36831866	36832423	0.000007462815299024490
chr1	158800873	158801271	0.000364764715789408000
chr6	139659227	139660138	0.000002400429003890290
chr10	115784904	115785667	0.000009405175081993320
chr19	8488327	8489103	0.000044120462457264500
chr1	27754893	27755803	0.000001485017261697140
chr1	110335018	110335928	0.000002412277168306580
chr17	61515312	61516369	0.000519651614139036000
chr21	38737243	38737860	0.000001851943464074740
chr6	35418721	35420015	0.000036566359804762100
chr12	125201256	125201577	0.000033111551928208500
chr17	56354594	56355431	0.000327089508993859000
chr4	41936041	41937393	0.000153357210004705000
chr8	103140765	103140805	0.000010525493462423900
chr3	46335416	46336018	0.000001612210620694060
chr3	2139977	2141686	0.002643004547445600000
chr14	100762092	100764477	0.000030528336698765100
chr7	116654256	116654903	0.000170636306017146000
chr5	142514500	142514548	0.000001146888723950080
chr11	64985759	64986223	0.000022257146108753000
chr18	67624071	67625835	0.003232261368425330000
chr11	122612819	122612858	0.000015037835827781600
chr11	118175172	118175675	0.000095081129300453300
chr1	28201862	28202173	0.000137603890921122000
chr11	27740078	27741478	0.001082765596191600000
chr10	47085806	47088062	0.000007661998807367660
chr2	102927278	102927898	0.000108348888051914000
chr8	48647583	48649767	0.001202576734988390000
chr1	153940547	153941753	0.003494555491044270000
chr2	42990475	42991905	0.000883121517420527000
chr17	80084554	80085332	0.000182851475991321000
chr2	176326848	176326854	0.000011536224287754000
chr4	140811633	140813516	0.000582478562132829000
chr9	35041545	35042395	0.000121113971382571000
chr9	96084459	96085122	0.000001331408309831920
chr3	194979346	194980397	0.000028688731647284700
chr12	127940086	127940906	0.000080239481683000900
chr3	129669261	129669559	0.000001286227207015900
chr2	232046799	232047374	0.000001471430304959120
chr1	206644165	206644843	0.000005087645103099170
chr1	178512007	178512495	0.000010790176186864300
chr6	158183921	158185258	0.000022940344546660300
chr10	65388604	65389215	0.000002520889608713700
chr3	171094025	171094370	0.000004363353298965690
chr11	47995771	47995865	0.000001253644327941370
chr5	34042521	34044229	0.000269168637529639000
chr9	20382395	20382623	0.000035458874273375400
chr19	52218836	52219484	0.000004030898697225500
chr17	27456682	27456844	0.000020416539905194000
chr2	242087883	242088379	0.000015371155438473100
chr22	39714193	39714756	0.000052948188507819600
chr3	45688760	45689110	0.000017462224555427400
chr13	99201496	99202291	0.000002827666726193690
chr15	85315504	85315517	0.000021102223769513100
chr17	74378252	74378849	0.000008189395506390030
chr17	35716954	35717813	0.000101736777705168000
chr11	117150669	117150989	0.000033161239063938400
chr1	179711583	179713349	0.004702287725084020000
chr11	10347349	10347429	0.000004298922052489230
chr2	27211533	27211953	0.000000850759425370930
chr5	135168990	135169702	0.000005608357855325970
chr3	127871102	127871445	0.000002619598904257880
chr1	48459236	48460182	0.000001811782244995960
chr4	87881747	87883021	0.000067374182889699700
chr15	75338762	75339541	0.000002083447292010980
chr5	67730071	67731643	0.000038575694187659300
chr16	31270433	31271642	0.000037310870905969800
chr17	80268580	80269133	0.000003186167839755330
chr12	53661219	53661577	0.000004306599430971970
chr20	45342466	45342916	0.000001006874286643670
chr14	92807379	92808310	0.000090620008750914400
chr3	45906498	45906856	0.000010841025011503400
chr1	32169274	32170433	0.003315441973559200000
chr1	203561580	203562914	0.000156794601270576000
chr9	19229367	19229813	0.000012949322412701100
chr12	124800227	124801636	0.000017266742652881200
chr13	113655370	113656424	0.013040018104457800000
chr12	68553396	68553980	0.000669106787408423000
chr10	80577448	80577996	0.000010684959516545600
chr2	145115684	145116138	0.000007793582187155320
chr1	114302126	114303149	0.000628150046500044000
chr10	64374314	64374721	0.000016888695779226400
chr2	33294923	33295587	0.000006681285472210420
chr20	36944916	36946044	0.000114652161639110000
chr13	96741858	96744161	0.000104007593131704000
chr8	6662963	6663674	0.000016936933130567100
chr4	2599866	2600528	0.000001613710430520690
chr17	41791680	41792052	0.000005522632104613240
chr19	10397031	10398215	0.000190600941861762000
chr3	15328890	15329313	0.000025082672856290800
chr14	71247286	71247652	0.000008308155167105360
chr1	27700762	27701171	0.000019130435880825500
chr19	8567502	8569300	0.000277919826758989000
chr4	41362397	41364383	0.001092974794226020000
chr3	47124414	47125793	0.000070128448257531500
chr1	192514306	192515127	0.000003682446117445490
chr4	8207058	8207325	0.000016074208501274500
chr8	143523293	143523387	0.000012384683764966000
chr3	15356739	15356881	0.000189660324933833000
chr8	142275649	142276533	0.000024228759425482400
chr19	46969832	46969919	0.000002044064305230010
chr8	17433625	17434416	0.018145532549730100000
chr11	126173140	126175760	0.004094073891878290000
chr4	973154	973177	0.000020628286740341100
chr2	96812267	96813398	0.002382511211117450000
chr12	116715986	116716358	0.000023860751384490500
chr8	103803399	103803666	0.000001757981935108460
chr2	208461648	208461998	0.000316945667046344000
chr2	101436171	101437415	0.000261276570526020000
chr7	4752951	4753002	0.000271283186293858000
chr15	38962848	38963215	0.000142259991511392000
chr2	192710226	192712975	0.000051179799387188500
chr1	247335974	247336767	0.000081742160026069000
chr10	30306612	30307138	0.000008906874201198540
chr3	150125271	150125945	0.000003726066144260920
chr22	45160459	45161103	0.000046106035775005200
chr20	52530856	52531531	0.000010820595525452400
chr1	26797145	26798177	0.001430199981949110000
chr19	825035	825052	0.000175425229178627000
chr14	24042248	24042570	0.000007368935866303420
chr16	52580266	52581746	0.001007081477978790000
chr12	6539690	6540162	0.000003232144043639350
chr16	87203409	87203817	0.000000869301598113046
chr17	76128906	76130305	0.001992351401082920000
chr1	27902069	27902739	0.000444139271950151000
chr7	151397247	151398047	0.000004751129519509970
chr1	25246854	25246922	0.000022161470059179500
chr1	19641698	19642293	0.000001582367550360820
chr22	42822620	42823184	0.000001372029489145950
chr15	41795304	41796044	0.000053935445281684700
chr3	158390329	158391040	0.001432769307818170000
chr22	32033516	32036098	0.000009600885590527720
chr2	150186276	150187926	0.002629993761631810000
chr2	8438973	8439217	0.000021579573882436900
chr1	235011814	235012297	0.000010601775698420700
chr22	50586299	50586605	0.000618585359922827000
chr6	62995523	62996702	0.012427234875551500000
chr15	69335988	69335994	0.000024022398147899500
chr11	32456069	32457727	0.013022368171489900000
chr16	31482607	31483774	0.000208857194208639000
chr5	174161985	174163341	0.000130897479105907000
chr2	69064360	69065441	0.000550202057896125000
chr3	194874908	194875931	0.000004927945639772190
chr3	101498761	101499721	0.000094214894654750300
chr1	171226702	171227787	0.001772683410744550000
chr15	90727363	90728027	0.001125849240992760000
chr3	44481324	44482104	0.000002032621634820400
chr16	22098457	22098493	0.000112914734002041000
chr4	6694923	6695698	0.001005154013426700000
chr1	8273352	8274044	0.000064182747017035600
chr7	75596992	75597100	0.000098168881863665900
chr2	64995545	64996141	0.000002586687615052680
chr11	73691625	73692155	0.000001687087123975770
chr14	66976062	66977126	0.000009679324763922930
chr19	38877220	38878553	0.000879335769992067000
chr6	113754264	113755716	0.000033771930816761000
chr22	22296625	22297505	0.000077691781779380500
chr1	46573359	46574030	0.000002247119696816890
chr1	45189026	45190912	0.000166556161512643000
chr20	3692262	3693221	0.000209868973633515000
chr3	14319984	14320523	0.000012919621233418300
chr22	30666747	30666970	0.000005047941562104250
chr10	101279697	101280523	0.000005712693489076340
chr2	60776266	60776713	0.000136012490703971000
chr15	83316640	83317632	0.001958621134939010000
chr16	89600352	89601214	0.000313075295412872000
chr12	65013161	65013926	0.000002559827650433210
chr3	11643341	11643630	0.000043518104383016700
chr2	7016367	7016969	0.000182015442261514000
chr1	26869340	26870173	0.001609729623096080000
chr4	872652	873633	0.000053935682355938400
chr12	105042855	105043367	0.000016320329369669200
chr11	69259247	69261044	0.001077379503743650000
chr20	8638302	8639258	0.000110338782167411000
chr11	98890677	98892283	0.003667295423669840000
chr11	67201998	67203661	0.000060860370945279800
chr12	49207607	49208544	0.000435798452731416000
chr12	118782453	118783210	0.000006524524128115070
chr11	36374699	36375606	0.000001966175111223450
chr3	167293354	167293827	0.000040872146531877100
chr12	109215309	109216864	0.000024241671222367700
chr10	43366622	43367193	0.000020196177410870400
chr3	131080483	131081177	0.003209729087934030000
chr20	52491928	52492248	0.000295029241373417000
chr10	50328992	50329828	0.000028734772105430200
chr21	44751968	44752369	0.000159217877390735000
chr2	99279985	99280314	0.000550331968465442000
chr14	36987301	36988854	0.003598346262574950000
chr9	127420539	127420734	0.000022180678471777900
chr1	236108601	236109875	0.000128607611086179000
chr15	51915370	51916003	0.000614617646816375000
chr2	240171712	240171748	0.000115537124214594000
chr12	110435302	110436038	0.000371636411548005000
chr1	15348161	15348264	0.000002559270185097630
chr17	37774457	37775851	0.000045597164871560900
chr22	40418615	40419080	0.000004789205528214380
chr1	205181033	205181581	0.000940463585833117000
chr10	43869149	43870071	0.000005222131829927240
chr8	93075534	93076177	0.000079228113191828800
chr6	32191210	32192350	0.002128671053317550000
chr1	21619471	21620812	0.001708799526891580000
chr11	47421775	47422410	0.000042637493939363700
chr22	40572844	40573877	0.002208644378988760000
chr17	60703660	60705058	0.000375411332163401000
chr1	172627760	172628514	0.000361248523477514000
chr3	129346470	129347136	0.000007817282584561850
chr4	185291534	185292117	0.000006047501826470730
chr2	208123082	208123481	0.000001236554025754410
chr11	1783832	1784413	0.000006820070195726770
chr7	121943705	121946213	0.014378687628299700000
chr10	125187143	125187216	0.000009593284582104900
chr7	151452190	151453359	0.000005043302188302820
chr20	5485144	5486007	0.009743384813101700000
chr3	18278830	18278987	0.000014947620716060900
chr9	137682814	137683515	0.000003190133423955500
chr8	1896437	1897697	0.001811299270671000000
chr18	25754857	25758192	0.004082851636803420000
chr15	56285761	56286911	0.000121003976844100000
chr6	5205542	5206209	0.000004022274512083260
chr16	1521617	1522109	0.000011290657065529500
chr5	32531247	32532223	0.000111311944144847000
chr5	73927487	73929069	0.000034956789077364000
chr2	96808802	96810531	0.000080466291847218700
chr17	46653615	46654330	0.000259084243191395000
chr5	87975798	87976294	0.000011584780829296600
chr7	47608223	47608453	0.000063768159873956500
chr4	4859772	4860698	0.005227023490895070000
chr20	23107102	23107233	0.000002819581852933790
chr1	198647817	198649189	0.000103084097227522000
chr20	4861717	4861771	0.000018800552502855200
chr7	44145110	44145692	0.000006299453456670710
chr6	147728156	147729006	0.000005926899926911050
chr6	25965330	25966523	0.000127522461139231000
chr1	43772596	43772886	0.000010778648041953700
chr13	38443634	38444765	0.006980377666347680000
chr18	60984485	60985380	0.000200562409503492000
chr1	207975182	207975905	0.000275746147961483000
chr1	174842938	174844560	0.016930831917858600000
chr7	47334558	47335209	0.000005724249320016310
chr22	29600480	29601222	0.000071992420450596000
chr15	86086674	86087129	0.000001886750363372550
chr5	50694849	50695720	0.000554471654796510000
chr3	149073732	149074101	0.000004942588800056390
chr15	43803504	43803958	0.000006145720559675710
chr7	50632994	50634252	0.002798514641226840000
chr12	58328060	58329015	0.000017647447487635200
chr3	130568122	130568452	0.000011325074841793200
chr2	241644166	241644803	0.000025678357839563500
chr12	57596567	57597238	0.000039718744981676900
chr14	104263779	104264228	0.000075276595155303500
chr11	64327960	64328194	0.000022972618602864800
chr10	119794366	119795016	0.000002731950823803640
chr1	19832006	19832487	0.000027168067738107300
chr1	156260918	156261841	0.003946148866733100000
chr1	160627410	160627870	0.000006532958963992380
chr2	51253484	51254170	0.000056555539014028200
chr18	76767645	76767684	0.000058118832874924100
chr1	197433283	197433347	0.000015490411455391100
chr6	29691603	29692995	0.031669879339278000000
chr7	140075541	140076514	0.000101529751904467000
chr16	85074359	85075249	0.000696070698321006000
chr8	120220131	120221268	0.005291773230467140000
chr1	3099804	3100956	0.000117543615995037000
chr1	161973606	161973909	0.000009440447343090230
chr1	160833130	160834267	0.000119224294863190000
chr12	132303409	132303880	0.000211441267689296000
chr6	30515331	30515975	0.000078865180158328300
chr6	30130420	30131806	0.039127653436198000000
chr20	57797677	57798303	0.000003107869410695100
chr6	44309765	44310640	0.000103734148926173000
chr8	1870722	1870798	0.000009126065546780360
chr17	43098359	43098904	0.000006954022278995320
chr12	46778276	46778801	0.000010465663488194000
chr6	37105100	37105406	0.000000805029124200947
chr3	56951598	56951917	0.000011122267339468300
chr1	201597805	201598246	0.000027343055299692200
chr2	239755455	239756128	0.000004898638326251170
chr1	168106157	168107391	0.002474670766601060000
chr12	109252608	109252848	0.000543226035186790000
chr15	75492982	75494077	0.000012608955172901000
chr4	126237986	126238929	0.000122920438475283000
chr8	30280661	30281292	0.000007510222129425190
chr17	4064737	4065983	0.000083374715624306400
chr9	91625561	91625772	0.000001847742667297800
chr6	46096318	46096367	0.000109094811230651000
chr21	27512686	27514071	0.000528773099299358000
chr10	116375533	116376144	0.000003586169071573860
chr11	12088146	12088837	0.002532435230129380000
chr9	139268092	139268514	0.000133502639758845000
chr18	53177444	53178443	0.000575354194577014000
chr17	62400642	62401855	0.000127865482321587000
chr22	27013363	27014548	0.000319153363631951000
chr16	28997041	28999707	0.001877869192283010000
chr4	144621270	144622443	0.004954706815211090000
chr22	31740944	31741284	0.000074788499318289000
chr6	46702683	46704077	0.004287619201764200000
chr8	62596890	62597358	0.000008927768807008080
chr12	1022780	1023702	0.000109761287496569000
chr11	67006774	67007458	0.000090424500146742300
chr11	64458846	64458869	0.000001305736232739990
chr12	27486485	27486849	0.000013468070473505400
chr16	16101530	16101869	0.000008806104898883700
chr19	15580010	15580721	0.000635639384355871000
chr2	179395885	179396750	0.001345281121007080000
chr4	25789390	25789891	0.000009475164855661270
chr17	71434003	71434142	0.000002006057510646300
chr1	184761873	184761885	0.000006732733886241030
chr14	94185616	94186558	0.000005603535321672990
chr7	101499638	101500014	0.000002731013610305900
chr6	109289797	109290079	0.000002965626373890080
chr9	138951648	138952311	0.000002979140949249770
chr5	33891893	33892705	0.001232205431540650000
chr19	10957999	10959157	0.000028221751252414400
chr3	170019329	170019826	0.000021546127846763500
chr7	97912149	97912641	0.000012667011453095400
chr10	106241134	106241280	0.000025434570437815000
chr12	121972412	121972602	0.000021125139565147600
chr21	34185960	34186397	0.000151529355619270000
chr7	150450497	150451091	0.000002805479528648300
chr6	157936208	157936992	0.000005474968121882330
chr19	2668273	2669059	0.000008125704068212310
chr2	171600867	171600960	0.000169718967512014000
chr11	132812991	132814206	0.000906495338899965000
chr8	123997804	123998084	0.000001140623630206410
chr11	33563060	33564449	0.000052215572801314700
chr6	37224216	37225413	0.000118336002816466000
chr2	70142938	70143463	0.000004404823674653570
chr15	63836733	63836865	0.000035429580785691600
chr12	7173728	7174923	0.000177983492218451000
chr9	126232182	126232853	0.000055454236604362300
chr7	77096927	77096967	0.000014001909013622500
chr19	2446487	2446633	0.000021489118463520200
chr1	44869992	44871297	0.000835598342440681000
chr11	3188566	3189207	0.000173609579708091000
chr22	24862570	24862972	0.000001608808263065090
chr11	78385832	78386279	0.000003414392466709540
chr20	45989084	45989595	0.000016203779111571900
chr20	39135432	39135472	0.000110480669191861000
chr8	19797965	19798765	0.000042841924761143400
chr16	11369492	11370688	0.000089571882387917700
chr12	3489751	3490682	0.000082510409370445700
chr4	185065064	185065403	0.000004638310697995230
chr10	14062054	14062217	0.000039892107556733000
chr2	218932178	218933254	0.000011404733600191800
chr17	79155695	79156154	0.000005471987217210250
chr17	6609746	6610104	0.000011982331939084100
chr8	133687491	133688751	0.000008087535249834730
chr3	123812381	123813596	0.000289184964705684000
chr17	79466438	79467524	0.000075087428908382700
chr10	32702584	32702863	0.000033095938456495300
chr6	6724842	6725495	0.000301888671578935000
chr2	158301252	158301839	0.000037329408414126100
chr3	184429760	184431057	0.004180160400882080000
chr18	76737888	76740284	0.000945583706078029000
chr11	72379492	72380817	0.000152501717247839000
chr7	218726	219373	0.000011655896015729200
chr14	101129419	101130145	0.000005193672652022710
chr11	67777215	67777952	0.000299891278931739000
chr15	77841106	77841816	0.000002775138892318670
chr19	839537	839689	0.000427751751842821000
chr17	7283779	7284662	0.000765304216089168000
chr7	151691457	151692197	0.000001421233271603570
chr2	64069295	64069798	0.001511373482658480000
chr13	51722109	51722520	0.000004665490417374180
chr2	228373968	228374652	0.000005298653152846070
chr9	97400757	97401509	0.000022693579662265300
chr17	42845961	42846349	0.000014125197433903100
chr12	14412735	14413690	0.000066353309179354400
chr17	3863976	3864217	0.000003388537692825700
chr17	76569921	76570762	0.000006135630779281650
chr6	2961857	2963052	0.000066227179656228500
chr10	3026901	3027087	0.000001216250086871980
chr1	151032301	151032962	0.000837585828392251000
chr14	97091067	97092205	0.000406759197902085000
chr7	151547969	151548914	0.000237102243822820000
chr4	74865270	74865528	0.000071607421302130700
chr21	39288348	39290161	0.000031979863153048400
chr1	16564421	16565106	0.000006628854852103050
chr1	11127894	11129026	0.001750514380506640000
chr6	30646794	30648020	0.006783831492940880000
chr6	170603682	170605003	0.003767082953102510000
chr4	185733358	185734598	0.000157377997867559000
chr18	77195886	77196450	0.000007705560498405100
chr15	90455332	90456924	0.003352992184862800000
chr12	25541364	25541565	0.000039114692841326600
chr1	152010110	152011357	0.000222217727378734000
chr14	68610155	68610489	0.000026837300602966700
chr11	811545	811954	0.001329180155515560000
chr22	40389805	40390753	0.000028967975427485800
chr14	91162832	91165049	0.000020169670743230500
chr5	171765285	171766747	0.000270657858717563000
chr8	9912981	9913680	0.000005974049848819300
chr22	45063703	45064471	0.001374597205624640000
chr1	24235303	24235751	0.000076843738681249900
chr6	32187467	32189610	0.000577360101277062000
chr11	126206304	126206492	0.000000683075749205781
chr19	11484448	11485436	0.000461620374087971000
chr3	159852493	159852976	0.000001953797886840650
chr21	37851847	37853516	0.000665730978222310000
chr2	218842152	218842585	0.000071171308224703300
chr1	209931334	209932734	0.000305264588026339000
chr10	3847515	3848384	0.000004276516368850540
chr2	37815128	37815470	0.000012813659853552600
chr4	88895691	88896942	0.000005413442775030030
chr11	112262544	112263709	0.000076441863206729500
chr1	45050067	45050807	0.000004622189579809370
chr21	27298484	27298698	0.000031016051249919600
chr12	125420722	125420914	0.000248458468017049000
chr2	136769748	136770011	0.000020086058321066000
chr14	101515088	101515879	0.000203939586452329000
chr2	231090329	231092121	0.000026043110496936800
chr3	15838021	15838474	0.000098223905254431700
chr11	72928926	72930456	0.002187174748036850000
chr3	44625992	44626860	0.000416484338350532000
chr20	57263502	57264605	0.000076986639293411200
chr6	90274792	90275325	0.000005176300655801780
chr1	19217189	19218212	0.000948295549919832000
chr11	60260203	60260937	0.000007124160287739930
chr20	33759605	33760017	0.000120117580715247000
chr20	43209782	43210220	0.000004395734883191320
chr1	16212402	16212825	0.000002964506330156440
chr1	186649153	186650479	0.000372596875157975000
chr10	106087985	106088755	0.000058011615136917400
chr8	1872335	1872355	0.000017700239589318100
chr7	55605399	55606442	0.000127908417330173000
chr16	53242355	53243559	0.000086703057291975900
chr11	116740414	116742352	0.000072431628017808300
chr12	49354782	49355440	0.000004236654950843870
chr2	127844711	127845211	0.000101647830167445000
chr17	43384845	43385253	0.000002595035433561920
chr14	93130392	93131106	0.000019058377930431800
chr3	171792488	171792545	0.000012840774159973800
chr18	12253749	12254976	0.015683160350644600000
chr2	171784610	171785487	0.002160228199699020000
chr8	129162178	129162406	0.000002687569321807240
chr22	17955976	17956641	0.000109318381978113000
chr12	109900956	109901731	0.000002323688899226960
chr20	17549301	17549999	0.000065825660850051400
chr15	78002262	78002917	0.000004084435151329330
chr11	7272653	7273735	0.010693479043659400000
chr11	124766927	124768950	0.000741610109556906000
chr8	85094742	85096037	0.002408896174113640000
chr17	6593529	6593964	0.000013062688117151800
chr10	98460656	98461348	0.000096340289974861900
chr13	42980027	42980762	0.000009354993621313730
chr9	73099904	73100412	0.000005427741506824170
chr11	78180825	78181115	0.000001498358953546280
chr6	133035150	133035379	0.000215481125960250000
chr17	55434640	55434979	0.000001966818829958490
chr5	10307634	10308785	0.000733885417104281000
chr2	241899288	241900108	0.000083158564830172800
chr17	62045522	62045632	0.000002102547985727570
chr1	192845391	192845599	0.000001561732707312860
chr5	121647154	121648409	0.010414069324759900000
chr10	95516788	95518093	0.007085073164289300000
chr4	57524178	57524770	0.000958666064614777000
chr2	217522943	217525287	0.000064214894989783700
chr22	45622803	45623714	0.001307077036473720000
chr2	219197867	219198051	0.000028145851094239500
chr11	47023537	47024898	0.000022088277710179000
chr5	10607652	10608058	0.000028510444062240400
chr3	71439885	71440781	0.000004184749152767720
chr1	231350849	231351310	0.000004508891078940290
chr17	73083781	73084978	0.000124850427431174000
chr10	118956011	118957259	0.000386903413879694000
chr19	58875652	58875939	0.000021174139824794200
chr3	183263122	183263756	0.000004806772701929810
chr3	194119861	194120150	0.000200737643927577000
chr2	40006543	40007784	0.000158142090184382000
chr14	70161923	70162755	0.000006185515085834300
chr6	45888588	45889034	0.000003099804811738240
chr2	119977813	119978654	0.000234308818902146000
chr17	40493229	40493923	0.000002586687837406670
chr1	236227410	236229267	0.001306958567558050000
chr2	218809758	218810436	0.000008027840910647050
chr2	43019484	43020682	0.000031307888685372600
chr12	27360696	27361176	0.000001739928044160440
chr6	14721467	14721737	0.000004084316365867960
chr3	50373641	50374304	0.000071296943285918500
chr8	21541227	21541551	0.000002530632545128230
chr20	4954333	4954404	0.000017264526233873400
chr5	179602982	179603388	0.000002715493931963140
chr2	69811375	69811847	0.000260742805745544000
chr21	27776905	27777555	0.000095701936687972400
chr1	204445197	204445424	0.000038977795646209800
chr17	64226823	64227024	0.000001425757340704390
chr7	94536261	94538251	0.002440269887142530000
chr4	74965755	74966407	0.000009137229808053950
chr14	95973370	95973710	0.000003976262068211910
chr11	118846605	118846877	0.000001167585876382390
chr8	103909930	103910582	0.000003359052038686350
chr7	47293499	47294330	0.000077906076869697000
chr18	3412693	3412782	0.001610562298407910000
chr21	43657930	43658613	0.000302267261971960000
chr7	156687706	156688215	0.000031828288716536800
chr17	19976149	19977025	0.000027870859007379300
chr1	183537770	183538435	0.000004156567458591060
chr1	235062535	235062594	0.000028215252753389000
chr13	32691522	32692025	0.000006201573987495570
chr3	46719834	46720909	0.000036584275275860500
chr6	32052736	32054094	0.000213059746728005000
chr15	90039409	90040550	0.001707931610678790000
chr18	60645905	60646671	0.000045642682573895000
chr17	1986479	1987136	0.000515695062508105000
chr10	13812071	13812323	0.000140387069556740000
chr18	11856650	11857784	0.000126192083649163000
chr15	42802717	42803860	0.000304561864729723000
chr4	155533784	155534702	0.000052152350313545600
chr5	139017263	139017942	0.000022376960782052300
chr5	73399136	73399693	0.000469259226376547000
chr12	60014351	60014399	0.000011881990140273800
chr11	94617747	94618480	0.000062050097322764700
chr5	6496510	6497496	0.000396813285401285000
chr10	121155124	121155665	0.000004076469020530050
chr16	22824877	22826243	0.003553062531871480000
chr3	132035647	132036382	0.000461891773416229000
chr3	73129856	73131121	0.000015530334555460900
chr2	75059030	75059673	0.000022751469394480800
chr7	49812430	49813763	0.007330469430754640000
chr6	109072250	109072980	0.000947194357073985000
chr6	36591529	36592246	0.000003179148163870550
chr1	16499673	16499875	0.000044322684674086800
chr9	129884457	129885730	0.002648143076066480000
chr16	56665855	56666640	0.001344000657081920000
chr6	31148332	31148748	0.016155139116582400000
chr10	129702726	129703001	0.000014338404104401800
chr1	17409889	17410651	0.002821242044988120000
chr2	161238341	161238695	0.000005462817207154620
chr2	30144152	30145152	0.000177481446426158000
chr8	52873358	52874692	0.002160456121252060000
chr20	31067881	31068440	0.000011833551750209400
chr15	74303043	74303804	0.000084464829379283900
chr10	123670487	123671220	0.000229907523520485000
chr3	134201659	134202227	0.000003059664758932300
chr3	141042705	141043480	0.000083957343702827300
chr14	64675620	64676162	0.000006898951629745690
chr1	26857284	26857774	0.000303519852493012000
chr12	110252596	110253503	0.000363702823827071000
chr20	48385019	48385709	0.000011313613898548000
chr14	94834215	94834763	0.000005503907007594340
chr17	17628152	17628656	0.000075196897554015900
chr19	17982599	17982930	0.000463668179792408000
chr13	52367810	52368291	0.000066788845379536100
chr9	88967620	88968480	0.000017064754714424400
chr7	86759403	86759470	0.000023556084827778300
chr6	119764098	119764192	0.000002598447892723210
chr3	195268244	195268648	0.000009272976894707710
chr8	74037307	74037759	0.000138193969894244000
chr11	9598763	9599530	0.000230775052911227000
chr6	156744510	156744537	0.000032706963061283000
chr7	30208918	30209513	0.000003861599651271030
chr14	69281297	69282256	0.000097842798895358800
chr22	36753159	36754002	0.000148800461378219000
chr6	166649636	166650404	0.000284468837457451000
chr1	231162727	231164492	0.000004357993113021950
chr12	124416142	124416666	0.000262739128793830000
chr3	46413351	46413711	0.000047087383478633100
chr7	26404716	26404734	0.000002595036581950890
chr17	50235279	50236572	0.014895767331886500000
chr10	73357655	73358422	0.000065537267682080200
chr17	45908966	45909778	0.000112631105953285000
chr4	174089019	174089515	0.000167221475299184000
chr16	30758329	30758831	0.000023716782219730400
chr12	12418545	12419921	0.000221103062186545000
chr6	14755099	14755359	0.000029216376075548000
chr3	182976884	182977408	0.000064804548574988800
chr21	34757152	34757377	0.001099450243598370000
chr1	206316676	206317854	0.000133726061543852000
chr8	18066775	18067770	0.000005199440921474130
chr19	38422618	38423760	0.000035102685603073100
chr18	74845422	74846035	0.000029066623001256700
chr22	48943317	48944319	0.000884889395753466000
chr7	115926781	115927831	0.000006114710688769690
chr11	3181446	3182119	0.000750638580245137000
chr20	48728064	48728642	0.000055503277300578000
chr5	108802817	108803158	0.000013389653283761200
chr2	121257356	121257734	0.000143554993825844000
chr2	208939532	208939842	0.000040163685510851700
chr1	3330139	3331278	0.000070253860215210600
chr11	118209338	118210017	0.000289190002384026000
chr2	46191465	46191770	0.000015818420231041200
chr1	200841769	200844015	0.000917421007027704000
chr2	204732461	204734884	0.000100669245777385000
chr6	29454623	29455532	0.000147172644572977000
chr3	49847305	49848033	0.001328216668672400000
chr9	137966584	137967652	0.003802689817148760000
chr18	57363691	57364872	0.001061744505139920000
chr10	99125814	99126470	0.000003226756689423900
chr18	21229509	21230387	0.000050323052023471900
chr17	40162610	40163229	0.000003226765268164680
chr17	15167908	15170168	0.000018189249299452100
chr10	72431132	72432797	0.000058774643617772200
chr3	17193366	17194063	0.000180720730975772000
chr17	78753273	78754372	0.000291584021493901000
chr11	12900636	12900975	0.000532253962280472000
chr11	12263722	12263892	0.000021945387850712900
chr3	53303742	53304322	0.000004812677540864010
chr5	138718812	138719470	0.000022858747778632900
chr3	26663551	26665093	0.005085358645987050000
chr5	73981306	73981814	0.000461788984497285000
chr15	67439378	67441067	0.000197977566470246000
chr1	115880381	115883219	0.000638138988257513000
chr4	122077456	122078490	0.000101574221623475000
chr12	2378305	2378802	0.000004719849261653720
chr12	11877740	11878017	0.000003741068165153960
chr20	43513064	43513992	0.000013185552423051100
chr18	28786267	28786898	0.000019555531858705600
chr1	32729615	32729770	0.000003519269491163030
chr10	115891064	115891864	0.000005130860919055630
chr10	80853937	80853985	0.000038288526723683000
chr16	3103871	3104047	0.000023861308768363700
chr14	70098523	70099253	0.000013191316144463500
chr9	140524817	140525207	0.000001582368833085070
chr16	72206241	72206929	0.000211936237972662000
chr12	120752128	120752270	0.000003765478112573800
chr18	74700055	74701492	0.000016440311302033700
chr1	110542075	110542460	0.000006081335853551180
chr12	53729570	53730421	0.008477923430712110000
chr17	80402533	80403732	0.004663904505473350000
chr3	32462028	32464005	0.000119761046757954000
chr3	31252037	31252039	0.000025395417936136700
chr19	2770448	2770552	0.000040894819436818000
chr1	41846683	41847297	0.000066162248430662900
chr2	105857780	105859083	0.000505431768493031000
chr11	109964581	109964976	0.000109802172127084000
chr16	89390609	89390968	0.000064085734148120300
chr10	106400114	106402507	0.000277500875916864000
chr20	19678270	19678790	0.000035925341218806500
chr22	50979643	50981406	0.000259442749143358000
chr1	60140450	60140663	0.000001852883256262680
chr1	1845396	1846098	0.000052119267232619500
chr12	57937334	57937454	0.000067193178772191400
chr18	13452080	13452705	0.000009381320574806900
chr11	63879234	63879617	0.000056738177978200900
chr3	52235276	52237120	0.000203509434146759000
chr2	30967383	30967753	0.000004789138066769550
chr1	65399413	65400113	0.000005084113791430400
chr6	36645100	36646508	0.000959302256107489000
chr15	74659404	74660563	0.000285291815411871000
chr4	2938941	2939903	0.000396935170962012000
chr6	46923249	46924482	0.000003420969792994330
chr19	13127389	13127873	0.000337284054981244000
chr3	123123167	123124018	0.000007620035766224230
chr17	51744	52999	0.000231988985660461000
chr6	31940771	31941422	0.000269606263843791000
chr6	15266782	15268593	0.000011546806910104600
chr17	2300100	2300911	0.000254836559176401000
chr12	26676779	26676849	0.000029098320622536700
chr9	124498633	124498961	0.000189412424922039000
chr19	11691153	11691280	0.000029823232421862000
chr17	2095079	2095179	0.000027675040240113100
chr2	121670282	121670634	0.000042870943066924700
chr18	74276100	74276822	0.000087535270454298800
chr13	51502390	51502920	0.000004423407159316250
chr16	50155871	50156656	0.000162052445847141000
chr8	144264834	144265337	0.000002666646757043310
chr3	129261478	129262055	0.000018543336502880400
chr5	3591609	3592638	0.001886105382926100000
chr4	91047852	91049007	0.002178029334717560000
chr3	172275886	172276018	0.000015996901450516600
chr22	29469719	29470347	0.000108750036585219000
chr2	160589097	160589392	0.000119253499182516000
chr10	118645884	118646373	0.000002250849463028300
chr20	17206141	17208109	0.008879994005357690000
chr2	114163184	114163700	0.000003232468572535000
chr7	65746852	65747596	0.000104926811748055000
chr3	142666759	142667252	0.000011352287617791300
chr8	75896255	75897310	0.004008348396843330000
chr20	2781122	2782348	0.001196695645288220000
chr1	159046391	159047034	0.000157248926661437000
chr10	11615505	11616142	0.000172398434592564000
chr4	160026608	160027487	0.000153078985366225000
chr2	31541350	31541732	0.000002009881175316370
chr5	95902904	95903026	0.000004076182407333290
chr6	45979082	45979349	0.000002311253089593620
chr16	89519917	89520128	0.000008548060939301350
chr15	74238518	74238744	0.000010104994973649100
chr15	66909910	66910141	0.000052505900711113600
chr14	101519387	101521703	0.001237149140337000000
chr20	47388234	47388963	0.000007350546638431970
chr1	65635785	65636328	0.000002631637044623020
chr11	119551071	119551662	0.000098147501087193700
chr1	32378157	32378506	0.000037137907088783500
chr17	62168737	62169667	0.000004511249632255230
chr1	166889789	166890644	0.000359601361479905000
chr10	80383717	80384267	0.000014498374786614300
chr6	33699980	33700564	0.000002773542296121250
chr10	18428843	18430612	0.003844053602857580000
chr8	18942290	18942558	0.000002499756932423150
chr3	101617891	101618485	0.000002869099734351460
chr14	66952018	66952032	0.000055332242095789800
chr16	1577916	1578577	0.000378458228675658000
chr20	2634697	2636146	0.006394577589112710000
chr13	110380326	110381307	0.000045825657299924400
chr17	74479764	74480528	0.000090481272740669600
chr14	24459269	24459338	0.000036043341404699700
chr20	62318426	62318588	0.004352084869733140000
chr8	103780068	103780382	0.000003214289700708610
chr12	112008034	112008132	0.000009611191158460170
chr3	194896527	194896726	0.000192731870052685000
chr5	157282503	157282617	0.000020896577900940100
chr3	23957486	23957589	0.000005330168352349150
chr9	134129314	134129691	0.000022334157736251700
chr20	61309080	61310117	0.001679336611174750000
chr5	167688617	167689228	0.000022556833974527700
chr11	122582275	122583252	0.000004213534849205790
chr4	134069409	134070598	0.005406736001620290000
chr3	38683662	38684577	0.000008651736702812740
chr19	34306463	34307801	0.000010114906774117900
chr16	50347766	50347895	0.000456253920628078000
chr2	220420834	220421331	0.000005601092602937150
chr10	99790170	99790910	0.000801767417499616000
chr2	25538517	25539093	0.000003677324437039860
chr17	27917879	27919632	0.000680740401201865000
chr15	63127716	63128725	0.002271151134410850000
chr15	69580779	69581591	0.000025389984313529700
chr10	45219514	45220304	0.000021795235095012900
chr16	67184562	67185527	0.000151334870437155000
chr2	119615496	119617128	0.000193434968568688000
chr1	6230969	6231314	0.000099858732063248900
chr15	76630514	76631894	0.000181164390600718000
chr8	37967091	37967201	0.000035282538529297000
chr10	126599966	126600535	0.000005506985891045830
chr1	158533225	158534679	0.000137012435737374000
chr7	36639726	36640381	0.000067072789542354000
chr20	11791080	11791888	0.000071653666784441400
chr2	241860318	241860995	0.000047116129380739300
chr11	35992808	35993896	0.000021555558293133100
chr2	31352421	31352813	0.000008672964060873040
chr14	88459471	88461489	0.001067050899921570000
chr11	78000703	78001599	0.000160689260890117000
chr1	203046885	203047830	0.000018069578890055100
chr14	30396153	30397686	0.001971343960053380000
chr15	99091228	99092414	0.000775080311556865000
chr1	154293323	154293494	0.000065087965634295700
chr1	17698503	17699021	0.000085653884271122400
chr18	3045268	3045434	0.000052929741477065300
chr9	107953895	107954218	0.000051249039846402400
chr6	125523162	125523640	0.000061234514254470100
chr12	11962207	11963269	0.000008683353911623430
chr6	108909893	108910772	0.000298683053018664000
chr10	81203244	81204569	0.000332019181280921000
chr22	43512229	43512442	0.000019553283508605700
chr10	6214016	6214079	0.000191020053172756000
chr3	46607350	46608348	0.001085978594998610000
chr16	57033970	57034712	0.000065847160830376100
chr3	15839627	15840275	0.000056702954353156700
chr3	145878177	145879337	0.005320522792710170000
chr5	7803175	7803274	0.000038965437463311600
chr2	46621477	46622721	0.000042600362259993900
chr12	63193647	63194872	0.000143424974165131000
chr15	70936009	70936351	0.000005507506324472200
chr1	48937016	48937753	0.001709395365086000000
chr8	130691264	130692949	0.000059433172316455000
chr6	33291356	33292029	0.003504726695204420000
chr9	101558996	101559777	0.000004635881378069750
chr10	73843982	73844130	0.000043459904012127900
chr15	91413236	91414850	0.000047127055356841000
chr2	66803033	66804865	0.000617041683570725000
chr2	45159145	45160861	0.015199476914729600000
chr16	85774886	85775648	0.000177487477804290000
chr4	186709143	186709261	0.000025253725686318400
chr4	90757533	90759057	0.012308025894083100000
chr6	150217255	150217825	0.000002980982107196130
chr6	159069975	159071106	0.000073945497922405800
chr17	29284873	29285415	0.000004786349333437140
chr6	111907043	111907350	0.000002516167347436570
chr7	151442351	151442967	0.000445259060973474000
chr1	182764125	182765260	0.000031990210263071100
chr4	13783952	13785203	0.000008570915592959420
chr7	132649772	132649982	0.000081133305093225700
chr3	169377725	169378702	0.001249632042922800000
chr1	113683521	113683698	0.000003930084404343790
chr5	102201102	102202139	0.007815538212652250000
chr19	51917460	51918667	0.000016856545820516600
chr17	8334371	8334637	0.000001360461819932700
chr11	62267633	62267946	0.000057193426570438500
chr15	85859614	85859984	0.000132622228510470000
chr14	89951037	89951777	0.000005726783596981100
chr2	139262297	139262302	0.000019381575924997900
chr8	21880845	21882587	0.000262595249874700000
chr17	55335758	55335955	0.000010895182884623100
chr7	120967874	120969666	0.001958512806217340000
chr1	201663226	201663999	0.000006645913379552780
chr5	1477269	1478509	0.000308595153405935000
chr1	57110686	57111499	0.006148328352358000000
chr4	10007530	10007994	0.000282743786731562000
chr12	79257770	79258855	0.000097218325013617200
chr2	65088881	65091707	0.000082074096746855000
chr17	79359904	79361026	0.000118545865578062000
chr5	180630287	180630434	0.000004975197803398500
chr1	109582945	109583681	0.000007426029956974290
chr1	223853145	223854704	0.000077675949642672700
chr22	50689915	50690380	0.000036899083448032400
chr13	20599142	20599526	0.000043342308050689900
chr15	90342804	90343036	0.000001708970799886590
chr7	971027	971767	0.000222198786010392000
chr1	35730504	35730817	0.000027057342825953500
chr15	74486948	74489089	0.000064634994111826200
chr3	193964618	193965305	0.000218318646834180000
chr4	11430353	11431537	0.011389145586676600000
chr19	4559780	4559830	0.000143567753003934000
chr9	38058973	38059226	0.000001290059144613250
chr4	106062278	106062757	0.000110891792713983000
chr1	205179583	205179979	0.000010567125967623100
chr7	134836211	134837044	0.000023215318079978600
chr10	88024529	88025642	0.000414976807310619000
chr13	115046058	115046767	0.000413844789597716000
chr3	169538417	169540297	0.000063097718844085200
chr15	99993407	99994189	0.000027753674604612300
chr14	101001145	101002170	0.000025513561004464100
chr15	62149442	62149916	0.000015623154144715900
chr4	94748617	94750205	0.001078984206862050000
chr12	95227997	95228478	0.000036423658236320600
chr12	2734150	2735579	0.000600550918077691000
chr2	155553986	155555053	0.002301771837200880000
chr8	97778709	97779438	0.000102452501286009000
chr10	126390317	126390998	0.000060883882638757400
chr7	2339777	2339882	0.000013808643190032800
chr2	74974731	74975236	0.000003469831594411960
chr6	41130718	41132055	0.003003765993440170000
chr10	124908427	124910217	0.005665269084079050000
chr2	231734563	231735434	0.000086690461105955100
chr5	54601060	54601993	0.000027564004971108400
chr1	3162676	3163710	0.000240182391294740000
chr20	9819272	9819820	0.000276622233772108000
chr6	138725556	138726707	0.000192321969905520000
chr3	57937384	57937462	0.000046382463456356300
chr17	41080953	41081377	0.000043020325089159400
chr11	2739975	2740220	0.000002052573780402780
chr15	80274248	80274876	0.000024994871825625600
chr17	56357994	56358548	0.000437143701422572000
chr1	1695247	1695585	0.000023880280733633500
chr5	167550996	167551234	0.000012454613412037000
chr3	152364824	152365110	0.000133806211816345000
chr5	72415429	72417012	0.000930567486883769000
chr16	68027291	68028395	0.000290337768544661000
chr3	4575483	4575687	0.000014121294251168400
chr9	131256624	131256792	0.000041848640845753700
chr8	74207587	74208354	0.003314927951124250000
chr4	120974344	120975643	0.000010772559634007300
chr6	3025064	3025325	0.000105996288190691000
chr9	135996421	135997155	0.000019164260605451300
chr20	23620547	23621963	0.000024664349894024900
chr19	1177518	1177575	0.000046880535655513200
chr2	133173339	133174635	0.004429072963001160000
chr17	4336413	4337231	0.009074724555045080000
chr1	183274106	183274661	0.000190119484058253000
chr18	5542879	5544661	0.009355113013349770000
chr3	74663507	74664210	0.001272463017730100000
chr2	26225713	26226017	0.000105695409767317000
chr19	48367851	48368820	0.000102224826873446000
chr7	86273685	86274769	0.000196433422110655000
chr10	73612154	73612360	0.000013569313613942900
chr2	65086822	65087369	0.000020622721147227800
chr16	70461992	70462214	0.000006873116681756310
chr6	100055662	100056686	0.000026224162084947000
chr9	12775218	12776218	0.002809852532101800000
chr4	3390332	3391495	0.000420685566000558000
chr4	165930559	165931056	0.000006213094800826020
chr7	150066465	150066887	0.000290537555724117000
chr14	91694672	91695017	0.000038228086483003700
chr20	36404971	36405675	0.000240349017160518000
chr3	28616261	28617866	0.000083803150492417500
chr8	8101675	8102345	0.000108966354207558000
chr1	160040173	160040660	0.000061211228994205600
chr6	17930180	17930519	0.000020177304792495600
chr10	99259519	99259814	0.000093993071374727600
chr6	16684297	16685156	0.000033523455615036900
chr16	3660485	3660939	0.000007631497167094190
chr4	2012668	2013587	0.000049606940073008000
chr5	59558467	59559236	0.002912240830858980000
chr18	12420412	12421072	0.000034047980253016900
chr3	12435731	12436432	0.000005487965178282580
chr17	55213563	55213656	0.000015701127923703200
chr18	3305387	3306098	0.000103717340944953000
chr2	207999044	208000766	0.000028047667751400000
chr5	119798890	119801643	0.002101097569237950000
chr16	48653541	48654060	0.000447283416396071000
chr5	10502512	10503503	0.000106010674532938000
chr4	6888038	6888151	0.000025064273271913000
chr4	7042894	7043935	0.000070603609440413100
chr20	47896448	47897451	0.008165625167917930000
chr3	182929476	182930505	0.000052722160220639000
chr2	25598059	25598865	0.000025164966105407300
chr12	124875481	124876650	0.000076727152477189500
chr11	93451622	93451736	0.000005083030241989280
chr19	17219073	17219214	0.000052619375486865400
chr22	18978948	18979497	0.000181505155832807000
chr8	134666941	134667555	0.000012084354263926700
chr6	11785994	11786679	0.000015254359937901900
chr19	42569945	42571498	0.000036248142284902400
chr7	75582881	75583421	0.000096379698480008300
chr9	100130105	100130170	0.000009089908497419000
chr12	6420643	6422131	0.000022550166021902900
chr14	59238951	59239486	0.000006053115305670230
chr16	67421302	67422624	0.000009943855724455260
chr6	13667368	13668079	0.000006573496262177620
chr7	118901	119499	0.000131651508926690000
chr5	109222545	109223084	0.000005137189602224580
chr16	29001682	29002219	0.000431424998340826000
chr3	119498870	119499749	0.000056159470324156400
chr10	128975183	128976338	0.000079372957267329400
chr7	28724993	28726216	0.000222265573933512000
chr22	38201137	38202953	0.000481478192176068000
chr19	13106643	13107687	0.000243816960499104000
chr9	127114252	127114914	0.000698558400519077000
chr2	102680808	102681071	0.000005515110395992050
chr10	48370158	48370782	0.000092993487895192300
chr10	6183284	6183575	0.000098593154107767600
chr2	237780629	237780791	0.000083783293517748900
chr17	72442928	72443401	0.001553574931470600000
chr7	98245716	98247142	0.003092162583792870000
chr2	201560347	201560854	0.000882181081425815000
chr2	60762929	60764101	0.000017398812995362900
chr11	57404450	57405815	0.000028242971831519300
chr1	200982479	200983313	0.000150024946524544000
chr3	46989655	46990182	0.000039178674500682800
chr4	89378894	89379578	0.000084148556972979600
chr5	176815847	176816828	0.000285468486078698000
chr16	3928799	3929351	0.000006681505870456020
chr5	44389282	44390215	0.000190177796267199000
chr1	8557042	8557499	0.000005920108945823990
chr19	46526100	46526863	0.005351604965324910000
chr17	56618405	56619769	0.000198460526826498000
chr8	76319451	76320362	0.001158734468985260000
chr1	33799703	33800886	0.000016028206280157500
chr12	111875483	111875818	0.000056093498659873600
chr11	36531754	36532425	0.006638891857336160000
chr17	7082562	7083519	0.002465617060288450000
chr20	31351091	31352399	0.000023291672016724500
chr10	116527795	116528581	0.002486590402900140000
chr6	15090163	15090384	0.000104949780025623000
chr12	12008666	12010034	0.000033180395303595600
chr9	103790434	103791078	0.005416897283068350000
chr4	87894022	87895137	0.000021768168573123900
chr4	62066211	62067393	0.000968698577408848000
chr11	72498689	72499217	0.000005533616342580970
chr7	92411749	92412319	0.000006071036217776580
chr12	116619589	116620086	0.000009441884799197580
chr12	68221623	68222105	0.000008558006998828960
chr3	159756648	159757127	0.001340380880300630000
chr20	31869565	31870935	0.001001149999133690000
chr17	80205093	80205617	0.000335767378793481000
chr4	170901597	170902837	0.000163933748366765000
chr16	27254143	27254785	0.000120710338813500000
chr9	113762370	113763001	0.000127044056956942000
chr14	50809390	50809588	0.000318479603025819000
chr1	19248518	19251115	0.000115063569778689000
chr1	59545056	59545286	0.000004262176685350720
chr12	125169653	125170535	0.000013743433768466100
chr17	7980012	7980426	0.000067552654342951700
chr2	65135783	65136014	0.000031819808123267600
chr1	110086412	110087241	0.000010274023472389700
chr10	79256840	79257227	0.000002964644518074690
chr14	64064507	64064608	0.000002731012308766240
chr3	49187314	49187829	0.000005330175339753520
chr14	91591619	91591888	0.000009660121288917880
chr9	113019709	113020582	0.000031199125630306600
chr16	49315302	49316197	0.026641491437523000000
chr1	23495997	23496648	0.000350960178009485000
chr17	76850052	76850277	0.001925097574284490000
chr3	194470278	194471413	0.000014963113667407400
chr20	30124811	30126382	0.001453174474364570000
chr10	73847963	73849626	0.003016603757597970000
chr17	66452343	66452567	0.000235403815710644000
chr3	53198666	53199037	0.000029976995646589500
chr17	8869864	8870355	0.000464678360223124000
chr19	41698526	41699364	0.000594286029848000000
chr1	215255110	215256978	0.001477133726697830000
chr22	19651048	19651560	0.000025896367518616600
chr7	102065448	102065866	0.000017876894854730300
chr13	43965336	43965341	0.000045774150314928700
chr11	118083239	118085769	0.000850194678863174000
chr13	53725782	53726304	0.000020329537365023900
chr1	156119420	156119773	0.000185871711003263000
chr5	134455868	134456394	0.000113219932155671000
chr8	22131448	22132563	0.002109523218668940000
chr6	84417445	84419547	0.003840612750648470000
chr10	1219231	1219979	0.000090919235888726500
chr5	87970640	87971573	0.000165260964029076000
chr9	114867324	114867541	0.000032507369329178000
chr12	6451822	6452051	0.000033535797389785500
chr3	47577906	47578362	0.000010006555482685500
chr17	39802082	39802313	0.000011395475533015200
chr12	48195549	48196167	0.000011289341640131100
chr3	52001952	52002969	0.001469436011160530000
chr1	154897657	154898438	0.000010994138597312000
chr6	53660418	53661592	0.000079464253724795800
chr3	39850621	39851931	0.001427207389481770000
chr1	100316114	100316637	0.000186805721508845000
chr7	100859461	100860599	0.003262771157407020000
chr19	6669849	6671086	0.000393216938417629000
chr17	40995321	40997065	0.001609997955957000000
chr7	4773031	4774448	0.000147966495004403000
chr9	131831038	131831936	0.000047269912446508000
chr5	137958355	137959061	0.000447108043514351000
chr4	77624122	77625095	0.000011447689891271400
chr7	6631231	6631520	0.000746135731300202000
chr7	98724624	98724797	0.000039200323311862500
chr3	15446547	15446747	0.000002083674615249530
chr9	124009589	124009784	0.000331909547582815000
chr15	54051239	54052280	0.000349089587638264000
chr12	46005881	46006298	0.000084578768127953700
chr10	82251396	82251784	0.000027302759120946300
chr16	57661843	57663627	0.003484523698856220000
chr1	9338002	9338423	0.000118402190830914000
chr20	62525483	62526288	0.000202698598171191000
chr7	44103779	44105166	0.003106937556740870000
chr14	88493264	88493720	0.000025025180089144800
chr16	81582954	81583089	0.000018713492798346400
chr1	200332539	200333573	0.000073155838280123100
chr8	54857695	54857892	0.000214663645736139000
chr13	42943425	42943973	0.000009288598104031470
chr6	167535764	167536521	0.007067056599315340000
chr20	52789646	52790978	0.017552030755580600000
chr1	46509145	46509395	0.000001519905928988750
chr16	79303284	79303841	0.000005917323639033930
chr13	103426862	103427172	0.000053585457881650100
chr5	168110689	168110691	0.000014251046071495300
chr1	200442533	200443284	0.000037875568705048700
chr1	226632559	226633056	0.000590567516472659000
chr8	96193687	96193941	0.000001632923088755880
chr12	109059679	109059806	0.000076273261560355300
chr1	203055177	203056504	0.000084590874790353700
chr1	202975059	202975221	0.000017632890819775700
chr3	195480162	195480636	0.000005654911024364280
chr2	16059290	16059908	0.000029851116375766700
chr15	90623747	90624281	0.000017648072482291800
chr3	58341096	58341403	0.000014995266175108200
chr3	141122632	141122887	0.000015640462190155300
chr4	25862037	25862690	0.000048063179789029400
chr21	43088348	43088540	0.000003087291644999000
chr5	131409159	131409637	0.000096544575897989100
chr15	94840793	94841537	0.000781640902499988000
chr19	3521010	3521502	0.000140885662409133000
chr11	58990439	58991803	0.000040839079186842100
chr4	185754633	185755032	0.000234614265677502000
chr7	2565575	2565944	0.000010045722521274300
chr6	64281439	64282343	0.000352305515207238000
chr2	40657573	40658918	0.000115017974391812000
chr1	150978905	150980214	0.003303394959141030000
chr19	33684100	33686390	0.000023110707238999500
chr4	17515091	17515119	0.000363219199608728000
chr10	115510718	115511504	0.000020970385865891200
chr11	70346468	70347268	0.000038979487550124500
chr13	49001082	49001351	0.000211797922744636000
chr22	23153695	23154645	0.000289168331018952000
chr4	145955982	145956168	0.000045255261978157200
chr3	52260090	52260671	0.000129438525584985000
chr7	130904147	130904733	0.000006480534271638880
chr19	3984058	3984703	0.000221412846374151000
chr2	233981788	233981885	0.000054681885213279000
chr4	140651952	140652329	0.000031871188394457200
chr2	98962444	98963582	0.001221270294454080000
chr3	164913627	164915115	0.001338417068406430000
chr10	22499403	22500221	0.000007328146901911610
chr12	56520954	56521384	0.000054082069317645200
chr22	43369117	43369590	0.000054277189230667100
chr8	104185332	104185501	0.000044780081430137800
chr6	167566377	167567071	0.000183378984964449000
chr5	172096266	172096764	0.000010197693025065400
chr1	203187208	203187773	0.000022558046604034400
chr3	114026049	114026249	0.000004935143373082840
chr3	181444131	181445647	0.004655228389879690000
chr14	102676957	102677307	0.000690486857021883000
chr2	86092937	86093518	0.000110611956283984000
chr8	131325625	131326139	0.000059181669059350400
chr5	173293229	173294009	0.000225017569648076000
chr12	70720909	70721275	0.000149142981284086000
chr10	103648550	103648988	0.000006476838764336680
chr15	81633178	81633826	0.000002155157814162820
chr14	101245628	101245715	0.000003027251560864200
chr1	42618041	42619163	0.000219154546488252000
chr10	44373919	44374390	0.000012981413175266300
chr12	122444450	122444621	0.000343050894006378000
chr3	132167091	132167655	0.000007682496684872590
chr20	19230437	19230758	0.000002052575165826060
chr9	116904424	116904430	0.000013015360569474800
chr19	11253427	11254045	0.000124257602471162000
chr6	42883389	42884350	0.000180436607799985000
chr7	82072779	82073810	0.013700301224151100000
chr17	54227438	54228062	0.000005897082530820670
chr19	42574196	42574717	0.000005867021957922070
chr12	52642409	52643118	0.000777316332120400000
chr19	13214412	13215729	0.001327930504161220000
chr19	30865486	30866365	0.001221640736824470000
chr11	66833764	66834385	0.000032461853472708800
chr12	54813119	54814557	0.000481886071307452000
chr9	92276541	92277515	0.001543630411699100000
chr11	122585312	122587367	0.000068768654356767500
chr20	54579355	54580677	0.009749131327780780000
chr22	37921640	37922356	0.000003216549223551750
chr17	79099246	79100682	0.000480629969899013000
chr4	79566880	79567681	0.000847214107562353000
chr8	101966602	101966860	0.000569803383212687000
chr16	28079611	28080172	0.000037507498175839400
chr2	74693332	74693876	0.000722806260707298000
chr6	14921628	14922340	0.000007017999167252540
chr2	232545866	232546381	0.000003892585140045800
chr9	131002641	131003043	0.000013233815749681000
chr5	176734343	176735073	0.002660726593815450000
chr12	123478048	123478065	0.000130255706109742000
chr2	74740238	74741136	0.000936392368449734000
chr6	168719708	168720679	0.000043195724737864800
chr17	59329782	59329903	0.000020607473832156000
chr5	179194913	179196144	0.000012958317384245300
chr9	35618083	35618813	0.000012449784595513100
chr10	105681711	105681751	0.000005147458280836860
chr2	662396	663024	0.000264341186270010000
chr12	6389034	6389114	0.000013632233573693600
chr14	72052652	72053361	0.000211385804715868000
chr14	31560390	31560529	0.000017447372200399800
chr5	126987506	126988883	0.000241247652963284000
chr19	33162885	33162957	0.000404211044036791000
chr3	129276614	129277321	0.000270322223011850000
chr22	37544525	37546220	0.001043461739354120000
chr4	147560770	147561900	0.001428546820716830000
chr19	58629522	58630612	0.002317213560081640000
chr3	157213371	157213897	0.000041213079839454300
chr2	25546091	25546549	0.000042981467408566900
chr4	46390730	46392485	0.000267721054948096000
chr1	236118040	236118450	0.000006114486440149140
chr20	39121568	39122378	0.000094221266840144900
chr10	43544618	43544918	0.000009595780790004520
chr11	1854856	1858135	0.001036237027168560000
chr21	30365293	30366250	0.000781199459641936000
chr22	30714890	30714999	0.000053473730117710800
chr12	1744287	1744957	0.000030804501438712500
chr7	121939827	121940581	0.000038983946733660900
chr3	38995199	38995870	0.000769386634405071000
chr16	11330882	11330934	0.000069438189113075900
chr3	185677711	185678074	0.000075225481486356500
chr18	60057186	60057235	0.000020054100814382300
chr4	124668206	124668589	0.000173954232126687000
chr20	56048399	56048940	0.000045723184852855100
chr12	53448178	53448429	0.000004898729491836790
chr10	14825119	14825147	0.000027344379204824400
chr2	74666700	74668072	0.000020916663714191700
chr7	137646295	137646869	0.000023885545508152000
chr2	9402103	9403086	0.000005223081250117190
chr22	23923042	23923610	0.000683217195327537000
chr1	161091682	161092211	0.000015355449365306500
chr12	12369502	12369905	0.000012818742729195500
chr17	6616351	6617470	0.007200440100873070000
chr6	149353857	149354166	0.000002151507105168250
chr1	32229602	32231019	0.002189446538566070000
chr14	89507004	89507624	0.000050873330271623800
chr21	43349329	43349899	0.000004768708475401160
chr16	28517278	28518347	0.001257748088864570000
chr12	113770475	113772666	0.000330755783279602000
chr1	64668350	64669599	0.001770620669453160000
chr12	51784414	51785378	0.000337110495789532000
chr20	33880214	33880935	0.002508224948295570000
chr4	87514871	87516011	0.016359328984175900000
chr19	8674237	8674501	0.000013640318005843300
chr22	30474664	30474915	0.000096040383265636600
chr1	24861708	24862381	0.000109854483454315000
chr6	159462137	159463387	0.000053162957976778500
chr13	99136580	99137243	0.000296923140070113000
chr3	123037100	123037264	0.000003850682061223200
chr19	58609361	58610131	0.003759309385319430000
chr3	57177182	57177903	0.000040725364241121200
chr12	120449805	120450269	0.000026121722115297400
chr2	105940276	105940589	0.000007680562510564470
chr7	44795231	44796036	0.003148088682134560000
chr17	79651806	79652778	0.000224828158515833000
chr2	152526948	152527013	0.000015904616340611700
chr2	11113304	11113807	0.000006227509281749830
chr9	139220571	139222968	0.000038582926432052700
chr12	120675366	120675922	0.000017233176075941200
chr11	44613355	44614255	0.000421932969035514000
chr9	138271837	138272020	0.000006634371284094230
chr22	23523310	23524136	0.000123004115136921000
chr16	30770794	30772129	0.000142713176029067000
chr4	16900199	16900733	0.000071891845918099400
chr3	169702343	169702564	0.000014356025130122100
chr1	111061374	111062669	0.004199521445100760000
chr22	38036755	38037831	0.000265375133894177000
chr3	126237289	126237562	0.000081574394131871000
chr3	53283691	53283930	0.000059819705656827300
chr19	50250529	50250996	0.000538682157482670000
chr9	136215657	136216943	0.000949023135470126000
chr2	233733556	233734916	0.001788599894936600000
chr8	103941618	103942297	0.000080570674207272100
chr8	101427381	101428445	0.001270629603288890000
chr10	70845585	70846805	0.000096850109815064300
chr1	7021611	7022284	0.001192933381511720000
chr10	78045133	78045871	0.000004814665606391060
chr18	74207551	74209008	0.000706585544038100000
chr7	71800987	71802574	0.001489340578616550000
chr19	4374239	4374567	0.000032994387566571100
chr20	30839589	30840135	0.000007774711124199000
chr5	142586466	142587070	0.000068938990239203200
chr1	45243032	45243960	0.002713647495361170000
chr1	206970717	206972002	0.000517292212572494000
chr5	17401890	17402750	0.000043743055714691700
chr1	113525976	113526539	0.000018418634162854500
chr6	28191910	28192979	0.000076020826337180200
chr17	19457908	19459067	0.000056592217106325500
chr10	114574152	114574959	0.000048787896228251100
chr16	58328209	58329456	0.000163193159228181000
chr17	62208042	62208434	0.000016194402917217400
chr10	25352622	25352633	0.000142797608792533000
chr15	94405606	94406247	0.000329037466831559000
chr13	114261869	114261986	0.000693955067007438000
chr3	14809295	14809751	0.000044203837251757100
chr10	102823812	102824003	0.000009856433915615670
chr1	165324990	165327005	0.000626677725646784000
chr17	43368729	43368748	0.000068741476841460800
chr10	115441840	115442231	0.000038856782673096900
chr11	2554198	2555576	0.000230118999014362000
chr3	156782166	156782522	0.000066468606447702800
chr8	131058184	131058332	0.000032972419360140900
chr5	95178992	95179625	0.000010240178573072500
chr12	104613282	104613662	0.000007739755041783180
chr10	72091514	72091840	0.000002888533811232480
chr15	99058098	99058861	0.000125178032786701000
chr18	49865791	49867359	0.045367629916874100000
chr7	27784682	27784932	0.000038735642704776200
chr1	8487494	8488265	0.000023178139713818700
chr11	72064120	72064370	0.000279694018274178000
chr11	22214554	22215701	0.000473135272358960000
chr12	57587422	57588350	0.006342287960316030000
chr19	13053719	13054718	0.002410608758885540000
chr8	55370334	55372111	0.003814381240029040000
chr11	94500612	94502879	0.001055933559327060000
chr2	24161954	24162667	0.000125255840877324000
chr2	47136369	47137679	0.000034629063041851500
chr6	90031402	90031462	0.000059944754407712500
chr3	52812973	52814643	0.001118846826055930000
chr3	9593701	9595646	0.000081369206914531100
chr8	125259690	125259939	0.000258341286698674000
chr16	54209183	54209779	0.001029011222623480000
chr14	101512653	101514051	0.000076482088671842500
chr22	26966223	26966436	0.000005259899911682600
chr1	12240593	12241073	0.000070873634053139900
chr19	14229237	14229581	0.000171976554555464000
chr11	3175007	3175636	0.000506761687408153000
chr11	10345026	10345304	0.000003285173299421350
chr2	232530555	232531845	0.000051322026666195300
chr11	10715360	10716455	0.001297791744344340000
chr17	76384259	76384516	0.000012663341508933900
chr17	48970334	48970893	0.000207684159956144000
chr11	122527139	122527736	0.000012078189948190900
chr1	99728691	99730419	0.001917256325457690000
chr9	134127575	134128240	0.000006275624354469190
chr4	141263852	141264798	0.000208752982486918000
chr1	120189222	120189930	0.000015921145897368000
chr14	77386055	77386501	0.000160770560583132000
chr10	23652593	23652849	0.000013247175376830500
chr12	39837110	39838037	0.000014338549773479200
chr8	58744154	58744613	0.000003817028285293710
chr4	40814531	40814675	0.000187235804257699000
chr8	129527004	129527284	0.000038882725576981200
chr5	178204356	178204766	0.000147692085526636000
chr5	170186120	170186645	0.000010101270941912100
chr15	59699939	59700360	0.000165798836028001000
chr5	17352463	17352766	0.000012796472855008200
chr22	28401773	28402098	0.000005311731597624850
chr22	38711154	38712210	0.000465960596460090000
chr18	44139457	44140574	0.000018449679205888600
chr21	35366422	35366767	0.000003252856097368640
chr12	122287619	122288010	0.000107653500590935000
chr14	21549752	21550253	0.000020862147038656700
chr14	67826009	67826595	0.002861170554568200000
chr2	64501134	64501251	0.000002595047052957240
chr13	40359712	40360961	0.000302401908206880000
chr7	1083072	1083910	0.000028469938479512200
chr12	41582017	41582961	0.000191949048247748000
chr16	89628511	89628853	0.000133381196755277000
chr10	28272510	28273195	0.000032275149171792400
chr8	62645971	62647753	0.000080438400575945800
chr11	121453066	121453274	0.000023358725110755700
chr17	79921131	79922467	0.000763640843978613000
chr1	3352257	3353825	0.000209803073872660000
chr12	113799660	113799663	0.000080677388830577900
chr22	51176117	51176734	0.000438850664705784000
chr15	98503376	98504668	0.027136141118859200000
chr8	142390028	142390777	0.000065599426810813700
chr11	66685990	66688628	0.000103692292717515000
chr10	105792531	105793358	0.000160469181032658000
chr6	100060453	100061504	0.008245657521561190000
chr16	57077322	57077666	0.000003335914576761300
chr3	62304111	62305285	0.006655368407962490000
chr11	95444955	95445297	0.000039002032164732300
chr3	182677424	182677779	0.000030914532166795900
chr17	73321916	73322562	0.000743138147651168000
chr8	143780576	143781985	0.001096213218598580000
chr16	89659589	89660453	0.000169464956088334000
chr3	99978949	99979852	0.019103245014424200000
chr21	39610152	39610346	0.000002227698970709400
chr14	101191797	101193432	0.000257863810837511000
chr22	31619637	31620013	0.000181955938920789000
chr2	8675187	8675599	0.000068497297082191200
chr15	63115816	63116514	0.000234630966690611000
chr1	207669003	207670065	0.000138761649627921000
chr1	150241442	150242418	0.005567606294687950000
chr10	21822090	21822787	0.000112053515908857000
chr21	45065540	45065904	0.000012038038245898000
chr20	31168304	31169126	0.000046146029797029700
chr9	115624110	115624602	0.000012589281192566700
chr12	5542066	5543269	0.000032845234963221800
chr5	179207291	179207533	0.000155312137715686000
chr17	1975218	1975877	0.000071256631268253300
chr3	119528300	119528656	0.000043903636780490200
chr11	60281658	60282972	0.002369224582498830000
chr8	129552804	129554127	0.000907786316672123000
chr18	55712976	55713776	0.000017674661208080800
chr16	24856791	24857601	0.007054932431068690000
chr16	3136857	3137690	0.000690616763179137000
chr7	139432152	139432178	0.000111222967346837000
chr11	119533790	119533901	0.000002197879593011890
chr8	134249790	134250016	0.000070740273601683000
chr3	73450424	73451011	0.000013329949640005900
chr3	187672350	187673180	0.000012673997478500700
chr5	71855774	71856126	0.000005534653931748430
chr15	100104601	100105188	0.000017643507280481000
chr13	25079332	25080267	0.000030130911566226700
chr17	32580869	32581466	0.000229298048660738000
chr7	130796017	130796242	0.000108830195075467000
chr4	2800096	2802612	0.000074331493323041700
chr5	156967339	156967901	0.000020422940116024400
chr3	129297117	129297522	0.000038130908398577200
chr3	148721527	148721868	0.000003125521732927490
chr19	51890586	51891559	0.000197542866922324000
chr5	156535808	156536396	0.000333706062925036000
chr1	47697663	47698521	0.000686595276505781000
chr20	3057581	3058312	0.000008784965191038120
chr9	96077410	96077712	0.000322214405584919000
chr20	4527714	4528299	0.000005555954646491450
chr13	113512905	113513653	0.000043733171425652100
chr8	134387493	134388615	0.000017441627640274200
chr1	50568994	50569610	0.000018335555238659400
chr12	123214554	123215553	0.000528155099900462000
chr11	57299541	57299709	0.000005042401693505920
chr8	27266693	27267103	0.000014930062633957000
chr12	29671478	29671830	0.000003975396396630340
chr1	8263776	8264699	0.000048724478082002700
chr8	102149430	102150072	0.000100187288293820000
chr5	76383380	76384212	0.000024026495882390300
chr3	186503451	186505515	0.001221978361145280000
chr19	58570319	58571052	0.004791951823488620000
chr11	44592257	44592937	0.000018201230743671600
chr2	163100039	163101493	0.000041841565977112200
chr8	40742532	40743456	0.000101459378572247000
chr14	21785459	21785911	0.000034106310752809500
chr1	74929125	74929791	0.000068720334267315600
chr4	185202821	185203736	0.000009399046384239580
chr13	36918614	36920685	0.001607668910188780000
chr12	7066563	7066938	0.000106060466935596000
chr16	71914094	71915237	0.000270749025504470000
chr16	71919038	71919454	0.000025984848220303400
chr1	21965939	21966500	0.000829898092886686000
chr1	67217673	67218505	0.005117742234657300000
chr2	120186222	120186803	0.000006749824502039340
chr14	101143669	101144141	0.000066176397429920700
chr17	1962132	1962627	0.000175800998948362000
chr18	31019946	31021065	0.011088276007881400000
chr4	40828790	40829790	0.000053124138092856300
chr2	223670481	223670610	0.000052894228774084400
chr3	105625986	105626744	0.000045382504153924600
chr6	91113506	91113687	0.000099864257481345100
chr5	150403466	150403475	0.000092301113193296300
chr16	23850106	23850404	0.000133462219009854000
chr5	142974803	142975083	0.000036147861663594300
chr14	23445909	23446246	0.000114073418610363000
chr11	74974090	74975244	0.000083478489987574100
chr1	26506100	26506355	0.000004036523491569330
chr5	111275714	111276124	0.000010462497811931300
chr5	149652809	149652881	0.000009781912748831760
chr15	42636241	42637186	0.000552973583145399000
chr4	106635339	106635507	0.000081040633394340000
chr9	116240955	116241469	0.000014297521198344100
chr20	44406795	44407455	0.000052770687300741200
chr4	58044087	58044450	0.000009627750769480000
chr6	170189761	170190660	0.000043057862884861600
chr1	186157555	186157568	0.000076780961383490200
chr11	63766286	63768794	0.000249320198410156000
chr14	57527544	57527626	0.000015521601467820700
chr21	43837777	43838332	0.001301495857319100000
chr7	47886309	47886882	0.000019303074369710800
chr3	87039536	87040452	0.018279640156738700000
chr16	87897316	87897379	0.000080156346214714000
chr5	138610977	138611766	0.000617355569956605000
chr6	17470162	17470599	0.000004161856551167660
chr16	4729905	4730465	0.000795049502686247000
chr11	36475297	36475492	0.000009157278002990920
chr3	18691344	18691578	0.000047930594423577700
chr2	218905226	218905613	0.000010120684277219900
chr10	102894441	102895708	0.000055566318023418500
chr8	17270347	17271535	0.015782325335571500000
chr22	45680429	45681036	0.002498445663786440000
chr11	46258039	46258826	0.000116857320077072000
chr5	40485321	40485667	0.000102606265732094000
chr1	59509582	59509687	0.000017886749986378200
chr3	38215772	38216354	0.000010329539082431600
chr20	20371539	20371720	0.000003087588227830730
chr17	179551	179947	0.000020776970024780400
chr11	12146343	12147260	0.000248902439954450000
chr17	42410950	42411197	0.000037100287869360800
chr2	228551538	228552096	0.000029322024257402200
chr16	16190393	16190662	0.000025139097323445900
chr12	24862517	24862527	0.000034479153678788700
chr3	112165478	112165653	0.000001837130327073620
chr17	69295455	69295698	0.000007981598988612130
chr10	130832268	130832393	0.000071691775796293100
chr1	170502937	170502945	0.000126193981333376000
chr3	15563072	15563149	0.000017029328226791500
chr10	3938517	3939127	0.000397195515326638000
chr10	99531929	99532636	0.000177729896934903000
chr1	56942628	56943111	0.000034520542538993100
chr1	44951225	44951427	0.000015957615451006500
chr12	7175994	7176049	0.000060085560258435500
chr16	50743027	50743296	0.000157733084922920000
chr8	67343066	67344190	0.001887239235410310000
chr7	54614210	54614796	0.000198069394470409000
chr2	85661446	85662365	0.000022778597956697800
chr7	27164709	27165187	0.000021327003096285400
chr2	196970926	196971408	0.000004866253764655000
chr1	217310174	217311531	0.006160352123951460000
chr11	12216962	12217666	0.000077904497715250300
chr21	39627271	39628227	0.000241299406751109000
chr12	109234959	109235071	0.000727263919366173000
chr4	135122410	135123107	0.000390268465561994000
chr20	23113228	23113870	0.001567061419254010000
chr17	4081325	4082271	0.001433027701548790000
chr12	50410543	50411104	0.000235987060727614000
chr1	24885255	24885664	0.000018066429223221000
chr20	48406735	48407084	0.000020043656997210100
chr6	29942706	29945149	0.015318359222676000000
chr13	28673714	28674451	0.000042952935123709600
chr11	70256556	70257555	0.000311692498613736000
chr19	48308079	48308609	0.000026503065899109300
chr2	25526696	25527366	0.000505276730618754000
chr7	139359312	139359881	0.000006167571095976070
chr22	18243402	18243630	0.000004097105322516190
chr15	74523417	74523577	0.000087962111341500000
chr10	97096451	97096671	0.000002458051050488160
chr3	38016723	38017188	0.000005739770787156530
chr10	83633980	83635375	0.001472324248497720000
chr10	49701613	49702241	0.000836947915656970000
chr4	121983226	121983930	0.000044420800376770600
chr6	166756509	166756786	0.000431765757618758000
chr14	24809297	24810213	0.000039272357362268200
chr11	60906582	60906977	0.000016260362747856800
chr15	45670068	45670526	0.000006453500235779410
chr3	169165565	169166043	0.000061877646131761900
chr12	104193772	104194724	0.000150087629545837000
chr3	147109784	147111660	0.001613029336114910000
chr1	26880547	26881684	0.008720580998323190000
chr19	5074224	5074758	0.000725687423547948000
chr6	90718566	90718811	0.000002794243246351260
chr5	157701832	157702687	0.000755816907830397000
chr20	48837617	48838080	0.000083441228831304800
chr2	46119607	46119825	0.000042904960463589200
chr19	47812381	47813489	0.000159350278147793000
chr2	218872657	218873170	0.000009968953215467950
chr21	34497409	34497493	0.000623190519656419000
chr16	2093980	2094700	0.001624148346957890000
chr1	54562040	54562543	0.000182872031918759000
chr1	201433932	201435434	0.000071002270900999300
chr8	4851597	4852959	0.002199144634781660000
chr16	80265530	80266039	0.000028038129764157800
chr10	112628888	112629462	0.000020651789997998000
chr2	136872067	136872094	0.000036251222448164500
chr14	65190321	65191003	0.000010663029516171300
chr6	163756850	163757048	0.000009183650849397380
chr2	28823246	28823791	0.000013639071120799900
chr20	821388	822788	0.014023273860212200000
chr7	89900709	89901187	0.000014523187609561800
chr5	72509356	72510218	0.002028655337374860000
chr20	23011439	23012907	0.002561065401150670000
chr21	45507885	45508464	0.001181375449619610000
chr20	62715661	62716485	0.003058990324928900000
chr12	52914409	52915646	0.000094651130956630200
chr12	54408664	54409657	0.000999729631210970000
chr2	232186928	232186992	0.000087763080908421600
chr6	30127152	30128254	0.002662585011701110000
chr21	19616939	19618200	0.003499137745895190000
chr6	125683740	125684960	0.009959147578726510000
chr7	20824556	20825862	0.001785089774714620000
chr8	142219329	142220329	0.000395953839489481000
chr3	45687022	45687594	0.000022693361620729500
chr2	235861303	235861715	0.000245228311824797000
chr8	4849399	4850180	0.000558003117206423000
chr2	171036440	171036626	0.000010352335278596600
chr11	65145577	65145742	0.000008158020976246130
chr7	1550373	1550892	0.000498959906331507000
chr19	49619357	49619928	0.000010122517882550000
chr10	30330979	30331201	0.000008433947753935290
chr10	75676660	75677011	0.000425964139093704000
chr5	173234838	173235445	0.000160825817011155000
chr18	55095177	55095555	0.000098201747825052500
chr6	158068455	158068701	0.000055440299600929700
chr7	99717359	99718264	0.013143433059148400000
chr5	131879188	131879688	0.002296873832116930000
chr8	97598420	97598537	0.000002595300712021680
chr7	117119195	117120064	0.001217231519864670000
chr3	52271331	52272496	0.000087132837497135200
chr12	47788146	47788705	0.000009746013318299750
chr5	1859764	1860542	0.000026343219822746700
chr1	40137913	40138402	0.000365789336734844000
chr2	120509481	120509541	0.000067116694994849900
chr2	191518259	191518620	0.000012667718056272800
chr6	135376695	135376917	0.000039449561345468100
chr1	3146905	3147329	0.000030056394690513700
chr1	11990047	11990755	0.000081309326629592300
chr12	131576088	131576474	0.000006227543236918290
chr15	75470777	75471851	0.005333370624397130000
chr20	45338329	45338753	0.000023523639534635000
chr12	4227390	4228689	0.000011690427205943600
chr6	105308240	105308892	0.001312371087689860000
chr19	35915620	35916357	0.000006438918003932490
chr11	60679546	60680515	0.000272944800819644000
chr4	106080109	106080663	0.000006095105249675090
chr14	104569519	104569983	0.000115246596887150000
chr6	22036696	22036741	0.000028182162648132800
chr12	65048810	65049149	0.000574144762007340000
chr12	29376421	29376872	0.000286270119379697000
chr12	51317375	51318781	0.000952980750133126000
chr10	112258544	112260867	0.000210830407748111000
chr10	134498925	134499364	0.000154746388225877000
chr8	126478058	126478328	0.000018418490134675200
chr15	75335123	75335524	0.000123045118831979000
chr1	157789662	157790499	0.000074368183328071800
chr2	20927951	20928037	0.000005919194711798260
chr5	145356185	145356434	0.000004229909308821220
chr2	241829513	241829685	0.000018950500755967000
chr4	74047195	74047370	0.000007681124574262970
chr15	72468522	72469006	0.000087790791892876500
chr2	38375194	38375714	0.000010663166669374800
chr3	43020791	43022351	0.000129395846367207000
chr1	177139933	177140812	0.005003894960837280000
chr3	11759992	11760609	0.000520204738670559000
chr4	184243745	184244831	0.000449681667619680000
chr11	61158323	61159602	0.004254449323999950000
chr14	101510376	101511425	0.000703849615667210000
chr5	10635405	10636139	0.000036302669027294100
chr19	18613010	18614252	0.000086993134205880600
chr17	76170799	76171208	0.000067393529249760600
chr14	92336250	92336724	0.000143195102686051000
chr19	51727982	51728586	0.000039087572364983900
chr20	6035902	6036814	0.000059033747536844200
chr9	72426444	72426993	0.000012265647362029500
chr17	41005164	41006052	0.000077785438592512800
chr14	76035306	76035419	0.000096680456301004800
chr12	6501910	6501960	0.000321813765696813000
chr3	171282816	171283606	0.000038290412126960500
chr1	24513859	24515117	0.008398623766748770000
chr17	48252742	48253122	0.000007181107536718670
chr8	126448033	126448837	0.000058925434117989400
chr14	69480702	69481517	0.000097877758464650200
chr2	85817259	85818962	0.000367913995461568000
chr20	39990972	39991461	0.000006149763397580510
chr1	31295775	31296597	0.000055933113159605200
chr8	134262768	134263111	0.000690038238288368000
chr2	223915245	223917590	0.002125812322589030000
chr8	6420506	6421171	0.000437512183753431000
chr3	186960988	186961374	0.000051728878879880800
chr10	28897020	28897166	0.000308315015464499000
chr4	185138869	185139946	0.000232044454836492000
chr20	61150489	61151446	0.000096465455640612200
chr5	72252490	72252795	0.000014180841897201900
chr19	45200994	45202418	0.000067534041036807800
chr6	139482238	139483724	0.000155668223449310000
chr7	36327084	36327556	0.000168210657443004000
chr4	159726672	159727390	0.000035456534033069400
chr21	34673246	34673704	0.000010982740917545900
chr2	85629084	85629337	0.000065747011392388800
chr6	24686728	24687380	0.000165385346089031000
chr1	162851296	162851514	0.000010123632264263500
chr10	636076	636390	0.000023027147817619800
chr12	113527231	113527500	0.000656809242223310000
chr7	42942369	42942901	0.001409536129084610000
chr16	3529414	3529923	0.000092950528633787900
chr20	48883411	48884382	0.001314713508281160000
chr17	27308729	27309619	0.000338883468535676000
chr2	174862282	174862824	0.000008494226959312790
chr10	49967889	49968810	0.000016472085499133400
chr1	161060000	161060622	0.000595152793972782000
chr5	142249043	142249731	0.000303281685745295000
chr1	228350199	228351064	0.000065746163333407800
chr1	118198739	118199729	0.000410216550095842000
chr19	16436122	16438063	0.000191625933031541000
chr7	101263754	101264582	0.000025002348373487900
chr2	43241407	43241873	0.000044121556265184300
chr8	143608261	143609637	0.000129383811967663000
chr1	32041052	32042157	0.007297431493286870000
chr4	146729164	146729642	0.000024769113420715600
chr12	1212226	1212802	0.000177413861331066000
chr8	129061191	129061665	0.000052788586777950600
chr2	47797133	47798396	0.002430626492318690000
chr17	53510730	53511321	0.000061544305442355500
chr1	36793290	36794624	0.000092048714952677100
chr7	2152625	2153774	0.000575846629041860000
chr8	50821904	50823098	0.011611431629408600000
chr3	38080323	38080790	0.000009150318476852920
chr12	126467559	126468899	0.000621707711335183000
chr14	104436418	104436947	0.000011366050748746400
chr9	78525955	78527318	0.000382390501684574000
chr3	195848644	195849674	0.000038490289774607300
chr6	108495385	108496460	0.000206691772253180000
chr8	48675647	48676092	0.012384987266973800000
chr19	14785593	14786607	0.002680910046056580000
chr14	24457509	24458014	0.001459193675064530000
chr1	100809070	100809735	0.000030239475637196400
chr10	50146756	50146991	0.000149471382677567000
chr14	65238974	65239357	0.000015151166124205900
chr2	41960948	41961507	0.000039413860504930900
chr11	120078840	120079759	0.000042889142453162700
chr14	56586522	56587633	0.000144328056935511000
chr20	48924790	48925275	0.000036776778789553900
chr8	10183609	10183929	0.000139198418806150000
chr1	109420278	109420722	0.000052815775029655900
chr10	73239376	73239742	0.000034242608130881300
chr1	249153457	249154285	0.000630554933621425000
chr12	48294379	48295148	0.000017644330278506200
chr2	11885266	11885560	0.000696683666227818000
chr3	46778267	46779226	0.000085581771438160800
chr12	104483890	104484224	0.000161155133246179000
chr4	75097045	75097154	0.000088288860957159600
chr22	50838352	50838826	0.000057362651146101800
chr12	107711489	107712063	0.000556726745537386000
chr11	15931625	15932004	0.000013085057233781500
chr7	143011810	143012960	0.000127337139240261000
chr11	34999276	34999346	0.000032568054331829400
chr8	102505986	102507443	0.001966334951277730000
chr5	139944848	139945521	0.000026156844557364600
chr10	75401754	75402751	0.000063630901442374900
chr20	56621504	56622082	0.000074621786978751500
chr22	37670808	37671436	0.000024333076511452400
chr12	109010882	109011364	0.000010332766088250800
chr5	66530497	66530611	0.000038104617947282000
chr19	55837381	55838191	0.000471339633040924000
chr7	142918234	142918565	0.000430519022015494000
chr7	4872537	4874285	0.000576304881226224000
chr1	54715550	54715870	0.000005365241701391190
chr19	18954235	18954880	0.000046482262019463300
chr8	5996776	5997377	0.000007974337897825940
chr3	101544813	101545039	0.000136214526765054000
chr2	128265749	128266246	0.000006998948451861590
chr3	46785957	46786654	0.003681231703988500000
chr14	88469009	88470085	0.000077913850207914900
chr3	58508149	58508766	0.000172202895594814000
chr11	65634616	65635512	0.002211579309805950000
chr21	15954403	15954509	0.000585922267109766000
chr8	144543486	144544041	0.003818983062255040000
chr12	133015634	133016787	0.000508777998844804000
chr8	108509756	108510494	0.008211009295394130000
chr9	138967347	138967872	0.000401798433495824000
chr1	162287718	162288382	0.000704015695922749000
chr6	138820503	138821354	0.001239139811967210000
chr17	1509247	1510080	0.000098949757934992900
chr7	27224460	27225543	0.003293081769704230000
chr14	60194823	60195307	0.000929140023115230000
chr8	128993719	128994030	0.000087842811488834900
chr1	202090849	202091175	0.000018108691095213800
chr5	448790	449004	0.000013876471060599400
chr5	145109	146012	0.000214353283611921000
chr16	3038821	3039446	0.000065115601742154800
chr12	45662797	45663460	0.000025906469280731600
chr1	145715134	145715719	0.000144439115226269000
chr12	34178984	34179045	0.000058518204043082900
chr20	24961060	24961593	0.000008497607096137840
chr19	46061846	46061852	0.000027080332569347400
chr1	33207420	33207915	0.000005963073072955530
chr10	72100922	72100938	0.000034391895474477700
chr2	207571069	207572011	0.000028815581586743900
chr1	234987477	234987971	0.000035655991714480900
chr21	42600622	42601427	0.000010790512146285000
chr8	11314934	11315562	0.000559659537808822000
chr16	81785730	81786313	0.000136844141514048000
chr1	2058417	2059086	0.000015068409926265400
chr15	60840281	60840435	0.000138902890917183000
chr4	100575847	100575903	0.000073404904902000600
chr5	180648553	180649174	0.001161409660362150000
chr3	131219430	131219470	0.000686469327804127000
chr15	89892257	89892276	0.000108918090049591000
chr1	85665444	85666272	0.000421234429777590000
chr14	96180319	96181835	0.013269303568163900000
chr2	240505261	240505399	0.000002155708774513510
chr16	11410627	11410967	0.000007583955712559560
chr21	36207798	36208575	0.000181669055221891000
chr22	45402995	45403808	0.002286733260632790000
chr4	55092363	55094049	0.000169220024434713000
chr13	33696479	33696545	0.000003501188736891460
chr2	220432066	220432456	0.000131158466819493000
chr22	36011405	36012221	0.000479853063077618000
chr5	60571434	60571949	0.000006614494518525790
chr6	99275622	99276866	0.000083681900675456500
chr1	64578142	64578766	0.000010243853231154200
chr4	47466696	47467252	0.000111657302447524000
chr9	140514203	140514683	0.000023831030132900400
chr6	88854953	88855795	0.007693740819043110000
chr2	218937538	218938006	0.000475120931219221000
chr6	125540570	125541066	0.000016154706169500000
chr5	1489818	1490692	0.000706014474884604000
chr17	56164461	56164528	0.000287772623591917000
chr17	39650189	39650838	0.000080196943225287900
chr2	27997000	27997273	0.000004145124878998410
chr18	60655164	60655398	0.000028201566789985000
chr4	7941764	7942505	0.001446122684820440000
chr18	77384741	77385290	0.000008184436750723120
chr2	70682404	70682536	0.000194568245027391000
chr5	170052878	170053767	0.000009417568248512830
chr21	46348306	46349095	0.000684901930166432000
chr8	20038508	20039283	0.000183788137618447000
chr18	21794764	21795073	0.000006668616846725200
chr17	7287100	7288001	0.000500023742915410000
chr1	182359056	182359858	0.003939123896225750000
chr8	22724896	22725904	0.000011849309033429500
chr5	52286121	52286686	0.000965477434063152000
chr2	86006924	86007629	0.000057752827456975400
chr1	247694860	247695328	0.000025186755057366100
chr19	41854950	41855775	0.000392467065825673000
chr7	139421903	139422496	0.000432245328733881000
chr3	186463943	186464151	0.000048995352293256600
chr1	51787952	51788787	0.001215125845664170000
chr6	56405167	56406336	0.000021961206221573500
chr16	57125654	57126228	0.001230343587232070000
chr19	38784983	38785130	0.000012412810925363100
chr20	48788359	48789176	0.005471222786491820000
chr16	17561865	17562419	0.000015859955990371400
chr11	64413404	64414192	0.000130374949158838000
chr22	43409559	43412041	0.000213702292102487000
chr7	31099351	31099814	0.000006797607317603200
chr3	187520832	187520901	0.000109519582493251000
chr21	34100795	34101413	0.000331801895866607000
chr17	41891026	41892237	0.000018123776969266000
chr10	73083123	73083223	0.000078719212076409700
chr11	76377213	76377950	0.000164507366907054000
chr12	96437961	96438584	0.000281763135318505000
chr4	160188010	160189254	0.000010848725042206800
chr19	40864593	40865483	0.000224278322914181000
chr20	896349	898454	0.000037764945514707600
chr22	43256603	43257120	0.000008291997198152680
chr12	4255525	4256014	0.000077781863385558200
chr5	122765476	122765825	0.000111224458903682000
chr3	172041893	172042282	0.000027013228080548900
chr2	241807539	241808757	0.000948428369284716000
chr10	127371658	127372281	0.000011879806449232800
chr10	1088372	1088692	0.001262976388265320000
chr1	3154081	3155965	0.000248321796833654000
chr16	21622716	21623995	0.000230622124122437000
chr22	39486168	39487550	0.001672747853570370000
chr3	72151345	72151536	0.000064198919359911900
chr1	145471701	145471727	0.000235305611210455000
chr6	136679108	136680760	0.000086606240636304900
chr18	46508692	46508760	0.000004025665671699560
chr16	22384715	22384949	0.000014368116502178700
chr12	4324216	4324382	0.000012268998317870100
chr20	62434830	62435354	0.000151761118368778000
chr6	151814565	151815526	0.001966255894485180000
chr14	35860273	35860760	0.000015639347843488300
chr1	17964771	17965346	0.000049016685183955900
chr1	23765292	23766171	0.000270539307443637000
chr11	116685338	116685586	0.000286925330134544000
chr12	90353978	90354632	0.000022255783351962300
chr6	134785702	134786314	0.000032316369789859300
chr15	101594513	101595432	0.003396868668437580000
chr12	4698603	4699618	0.001317943991323360000
chr16	87491587	87492071	0.000017334373588232900
chr17	77954963	77955556	0.000024226947014244100
chr4	83785731	83785869	0.000011604138983798800
chr6	31506568	31508923	0.015200809285383000000
chr4	80928339	80929171	0.000359003909345557000
chr13	114307448	114307602	0.000114902903340807000
chr21	36616969	36616995	0.000063579014447001100
chr1	3585225	3585587	0.002224067832010590000
chr3	9744908	9746637	0.005641844087642590000
chr6	10414350	10418121	0.002887041280303910000
chr13	21276233	21277342	0.001068999113638850000
chr2	153342752	153343229	0.000008396975091079910
chr11	65314454	65315625	0.004362388084671930000
chr20	3364725	3365025	0.000007181093599970190
chr14	69417926	69418644	0.000023931726470618300
chr7	103629555	103630857	0.020858213672686900000
chr5	16455785	16455898	0.000116463163432663000
chr20	30947514	30948211	0.000665210487910768000
chr11	31833173	31834174	0.001410156395379320000
chr17	46632965	46634546	0.001666735019948820000
chr6	45413792	45413906	0.000863835218335256000
chr6	32169650	32172871	0.004325364987889380000
chr12	8043600	8044199	0.000449967831770751000
chr5	177482458	177482829	0.000004668000500691030
chr14	61801201	61801853	0.000033763036404857200
chr6	43114171	43114278	0.000002399020443371970
chr1	66258441	66259084	0.003859041553531760000
chr5	168727088	168728793	0.023804197751337500000
chr3	72777245	72778048	0.000024934678720609400
chr2	12959313	12959467	0.000005298571725300690
chr8	101450167	101450454	0.000016606617168411500
chr8	10555711	10556593	0.000026243454730170200
chr1	202244517	202245619	0.000215354471660156000
chr6	15066941	15067367	0.000162084258111972000
chr18	44181656	44182501	0.000334013843918876000
chr2	240237135	240237240	0.000026996993406248900
chr3	186329542	186330699	0.000476083712564810000
chr10	115033141	115034087	0.000385850529508754000
chr2	105119631	105119953	0.000020278871818484500
chr2	9427798	9428037	0.000006794454576940150
chr17	44910410	44911095	0.001476501542662220000
chr4	139345773	139345911	0.000062324346553802400
chr1	840618	841289	0.000467964862919082000
chr20	43079095	43080013	0.000099545508696443800
chr1	54358862	54359146	0.000015703608454972700
chr1	40399833	40400055	0.000093096125108414400
chr10	126405807	126405899	0.000145229667263731000
chr18	46458754	46459934	0.000027064752697316700
chr20	4816087	4816198	0.000068904872152094900
chr12	56497073	56497447	0.000068828527457085400
chr16	23725620	23726073	0.000437027988811550000
chr1	228548266	228548842	0.000025092641223323500
chr6	42515108	42515554	0.000018398608993752600
chr18	30349900	30350977	0.000094679564461653000
chr3	4855679	4856199	0.000510388096871142000
chr19	41934210	41935185	0.000039749194474239300
chr11	70449219	70449316	0.000149023173816270000
chr22	18112640	18112710	0.000059653940252656700
chr2	100107669	100107672	0.000196743825969276000
chr16	85295997	85296503	0.000145744707064236000
chr1	42215287	42215804	0.000009127916919107880
chr22	45310578	45310682	0.000028987648305622400
chr6	82574762	82575283	0.000061016805031987700
chr6	11539475	11539786	0.000236551201556845000
chr7	151504844	151505116	0.000091301669633725000
chr1	79471984	79473071	0.025574220022560300000
chr10	114635326	114635839	0.000007513074970739980
chr19	13997885	13998313	0.000012704272734604900
chr15	101728234	101729174	0.005425660703435570000
chr12	123560298	123560479	0.000027061432684808600
chr3	155394092	155394918	0.001221583993836170000
chr11	16939711	16940271	0.000008264150818406040
chr20	1924201	1927911	0.000611332586014525000
chr17	74137769	74138738	0.000334493134195800000
chr1	161207275	161208307	0.000733064283121590000
chr16	66984264	66985153	0.000033554447991958600
chr3	184321996	184322709	0.000684558796957757000
chr17	80881836	80882296	0.000037705278423059800
chr20	35236199	35236543	0.000148771820118100000
chr12	46767289	46768016	0.000014755612897892700
chr4	141489799	141490428	0.005031672635618150000
chr4	55473461	55473588	0.000095415539089994100
chr10	5565921	5567123	0.001824767841040260000
chr20	54937503	54937964	0.000009384848253090330
chr11	64482332	64483118	0.000228951961911284000
chr14	58332116	58333164	0.003784706811356910000
chr12	27702201	27703097	0.000037510105824987200
chr4	4639639	4639746	0.000014213944105387300
chr18	56886915	56887785	0.001788128160444540000
chr1	110526158	110526368	0.000478974358207883000
chr3	190040974	190041598	0.000072223976693882900
chr8	28232114	28234388	0.000234090871993822000
chr1	203119731	203120194	0.000019096240970077600
chr3	151844215	151845056	0.000025086645032956600
chr17	79396462	79397132	0.000025829351881827600
chr10	35630030	35630062	0.000044042250671123000
chr1	111174059	111175082	0.000478355620471803000
chr1	76734569	76735019	0.000010106232458618500
chr16	596670	597434	0.006578837703960980000
chr14	21853037	21853470	0.000065974872396392100
chr16	86670948	86671546	0.000150960877712899000
chr14	91777938	91777998	0.000007153009065725140
chr1	44114346	44114355	0.000030961160256276600
chr17	437835	438379	0.000039846506823615900
chr1	157069325	157069611	0.000054237916396691700
chr16	11401496	11402210	0.000069390434385790300
chr17	4486136	4486580	0.000024929490578137200
chr13	114834683	114834922	0.000106057956646385000
chr20	37062621	37063096	0.000013897849149657500
chr1	208084582	208085889	0.006341197676006280000
chr7	55638724	55639118	0.000046856897782559700
chr9	124061310	124061615	0.000037829928298693200
chr5	113391125	113392117	0.005875479501928970000
chr4	105978652	105979020	0.000019371150986045400
chr17	46233714	46234525	0.005450103861979220000
chr17	37791589	37791687	0.000243579514768392000
chr14	74892541	74892986	0.000008956516678082900
chr13	114145943	114146138	0.000437611786014621000
chr12	126675667	126676139	0.008006464637861080000
chr12	85305408	85306797	0.000261628504985372000
chr1	27729053	27730185	0.000060345407748243400
chr17	75306498	75306740	0.000056771744766794800
chr18	24283537	24283977	0.000032916322991128300
chr20	865780	866396	0.000901314992509579000
chr19	51627190	51628121	0.002003472376024450000
chr22	50470022	50470537	0.000015156372056290800
chr17	46800377	46801084	0.000730642322562568000
chr1	15662155	15663201	0.000101802451123167000
chr6	31025759	31026287	0.000200786571423738000
chr2	64242453	64242795	0.000094600473476822100
chr1	110302332	110302560	0.000385374509153553000
chr1	65062243	65062855	0.000080925447158100900
chr5	71673985	71674667	0.000023066409513949300
chr1	205316513	205317528	0.000026305145463151900
chr3	10805672	10806569	0.013141923160595100000
chr5	95260542	95260620	0.000050833304927716400
chr22	46382247	46382928	0.000100433048729495000
chr9	129893312	129894158	0.000091218507034307500
chr18	45458698	45459276	0.000027003488462279800
chr12	26123616	26124025	0.000060379148271929200
chr2	15317374	15317393	0.000054143687886630000
chr2	31030279	31031251	0.001823678284594130000
chr1	45266782	45267345	0.000404610281454748000
chr2	152739855	152740431	0.000086062024826397100
chr3	190105524	190105986	0.000065102085162053800
chr6	25027496	25028080	0.000947818150078701000
chr15	72565415	72565863	0.000087418412888412300
chr8	622011	622807	0.000017367262649097000
chr11	8798021	8798692	0.000022040925151516900
chr4	141159423	141160003	0.000011348385206864300
chr15	85293796	85294586	0.000032021673248836900
chr8	25897763	25899113	0.012848163987054400000
chr1	9460204	9460830	0.000013318807268725900
chr2	86830411	86831407	0.003879216329072560000
chr1	33803805	33804514	0.000050263711701071200
chr4	48987578	48988801	0.000215534771739700000
chr5	159695994	159696341	0.000123581968447064000
chr4	14784666	14784843	0.000020906029732639100
chr3	23803797	23804563	0.000025374000125881600
chr2	8295145	8295355	0.000014983216059368600
chr12	50444217	50445403	0.000242250086553052000
chr6	2798624	2798912	0.000006298526104584490
chr10	77541371	77541834	0.001122930885181770000
chr3	190953370	190953386	0.000029523306997220100
chr6	28601271	28601519	0.037966757486064300000
chr6	43769412	43769743	0.000148600060319748000
chr14	89925446	89925468	0.000116486775295535000
chr11	34331057	34331908	0.000012984701190737400
chr3	111327532	111327958	0.000039048972785486700
chr3	197121410	197122140	0.000451799510848014000
chr14	96555594	96556479	0.000013170750706364800
chr22	23163806	23164264	0.000329935679543770000
chr12	42518821	42519303	0.000015388182850115600
chr2	99181384	99181779	0.000282779786063089000
chr20	24449392	24450698	0.006624045106470930000
chr6	28884599	28885568	0.000065780268580845900
chr8	144896176	144896694	0.000842887037782178000
chr15	99664049	99664522	0.000262575938367659000
chr1	43824656	43825745	0.002912617227534520000
chr14	37127275	37128586	0.004915476873839710000
chr7	153749310	153749759	0.001699439540214880000
chr2	139537197	139538356	0.004097866182417990000
chr3	136648752	136649333	0.000087965006367585200
chr6	138195986	138196387	0.000154044826339597000
chr4	68424256	68424633	0.000011341056910982900
chr2	27503813	27505755	0.005839167963623910000
chr10	72344731	72344881	0.000015356031422273300
chr11	118977379	118977786	0.000145894647803392000
chr20	39766794	39768095	0.000170777558491491000
chr22	35806330	35806651	0.000015563801692235000
chr3	136538601	136539328	0.000692878299870939000
chr6	152127812	152129036	0.000357916096389197000
chr5	135394043	135394767	0.005358890960076250000
chr17	40345445	40345673	0.000091019915643786500
chr17	44248233	44248641	0.000766755234247934000
chr16	17461944	17462136	0.000028233827589463300
chr1	226242387	226242588	0.000066164032692528700
chr1	28521427	28521540	0.001469525240453660000
chr14	105533022	105533110	0.000041416872940849900
chr9	34662773	34663048	0.000648355857054807000
chr2	102771739	102772623	0.000463164374530367000
chr4	108993543	108994179	0.000312913782532719000
chr17	65242892	65243288	0.000048239370042540700
chr7	16794078	16794623	0.000496129299513521000
chr10	102890038	102891879	0.002651077461503040000
chr8	126942503	126942911	0.000094574372420507100
chr17	78417789	78418426	0.011144411879692300000
chr2	172878103	172878634	0.000016737382722373900
chr3	25825455	25826225	0.000169012617661607000
chr11	63889184	63889842	0.000068768669913724200
chr15	31689509	31690382	0.000050951048695659700
chr8	52809682	52810193	0.000399584545445486000
chr17	55822272	55823541	0.001832303424775050000
chr1	203255843	203256315	0.001864674988235620000
chr6	91247068	91247659	0.000033141370733529400
chr1	153584920	153586504	0.000056534463347514700
chr8	28874422	28874992	0.000010197770981952200
chr16	2740348	2740814	0.000038944988082921000
chr6	32177664	32178775	0.000090683842436314300
chr1	22777266	22777839	0.000104426172683493000
chr19	30185510	30185910	0.000007631445653255220
chr1	16173292	16173759	0.000069130445092051200
chr6	40359007	40359461	0.000280273266392074000
chr13	43061212	43061678	0.000266929128826780000
chr2	220074208	220074531	0.000067057054176738600
chr1	234763934	234764068	0.000243977675679604000
chr8	12614674	12615485	0.000791245278474183000
chr2	3043188	3044737	0.000053900265022534600
chr17	79375785	79376536	0.000046927460510085400
chr14	94519236	94519463	0.000009624311340056280
chr20	47874072	47874155	0.000025981756886225900
chr14	90440997	90441059	0.000178075979159664000
chr3	51740201	51742164	0.006227752347929840000
chr3	10857258	10858504	0.007495087867434140000
chr11	123345118	123345778	0.000046439620039481400
chr16	84725641	84726252	0.000018770251323136100
chr11	36396962	36397458	0.000056632676667486600
chr10	72543247	72544020	0.000523413732544377000
chr19	18209584	18210197	0.001934708835723800000
chr12	6269901	6270824	0.000195989220109889000
chr1	2949633	2949673	0.000189812493360090000
chr5	81144352	81144818	0.000009679741046913430
chr2	108602510	108603244	0.003749404250867740000
chr19	2856730	2857280	0.000048854166696570600
chr11	116693415	116694355	0.000071297498571064200
chr5	142780254	142780984	0.006253262887471800000
chr10	50396425	50397072	0.001224600915065580000
chr1	220101368	220102043	0.021438254072385900000
chr6	30853255	30854233	0.011072358155888200000
chr8	28974423	28974428	0.000090787956844670000
chr12	15924489	15925024	0.000015188533524965400
chr15	91192950	91193536	0.000108468764522035000
chr8	22852741	22852828	0.000324692934560092000
chr22	39024644	39025268	0.000167768119054364000
chr5	176889265	176889595	0.002092500470981040000
chr2	219866072	219867066	0.000461495320399866000
chr17	79228937	79229385	0.001275130011376710000
chr3	43733234	43733831	0.000049170919500700600
chr22	38302850	38303310	0.000027153191252545500
chr1	9653338	9653617	0.000061988104695467600
chr5	66492464	66492864	0.000011471071727552500
chr7	134856544	134856654	0.000429480191748252000
chr13	43986058	43986655	0.000027096620200901000
chr7	90794392	90795434	0.000154169295150925000
chr4	80329284	80329633	0.000024037535393423400
chr11	68180584	68180760	0.000193339983695513000
chr8	48556931	48557420	0.000765084122846391000
chr7	17409912	17410340	0.000006806669914691430
chr6	33415267	33415587	0.000017972641720930100
chr18	61111956	61112193	0.000172747505316700000
chr8	17017479	17018331	0.000091715465806260500
chr17	75469976	75470567	0.000068783514854789300
chr1	26735245	26736601	0.000421393402176460000
chr13	46948804	46949210	0.000088979798141810400
chr1	17624210	17624526	0.000019084693707601000
chr4	22517195	22518318	0.001534625949357820000
chr6	87891939	87892453	0.000115719778367097000
chr3	151177285	151177940	0.000321792175330548000
chr5	131310461	131311470	0.000099967239588651200
chr11	2444485	2445442	0.008677231365008090000
chr21	37501846	37502003	0.000308597404559404000
chr6	138655035	138656168	0.001329724578526770000
chr20	703649	704919	0.000011561424373284600
chr19	16480643	16482323	0.000914631139373690000
chr6	90845604	90845852	0.000088038747434808700
chr11	33308269	33308345	0.000122717437722031000
chr13	24327871	24328256	0.000049687366842852600
chr7	101671556	101672056	0.000022865319091669500
chr2	238494558	238494818	0.000071635854035589500
chr6	110796274	110797233	0.002161388836638670000
chr14	57277739	57278351	0.006219187053178990000
chr11	134125564	134126504	0.003514851328303590000
chr11	27543361	27543806	0.000020467892517678300
chr11	78003296	78003665	0.000163620019576090000
chr11	64814948	64815313	0.000035128880568230400
chr18	46146308	46147084	0.000110689659519317000
chr9	130639739	130640301	0.002057594247849860000
chr11	6225537	6226437	0.000442623102752397000
chr4	101903118	101903703	0.000013239723227560700
chr10	44779858	44780165	0.000059075120777992200
chr8	28918446	28919234	0.000125651171987304000
chr20	49200925	49202225	0.000563632180503266000
chr3	101656962	101657475	0.000009148045030224880
chr2	113346102	113346635	0.000081499076400634600
chr14	90760895	90760903	0.000144857920614029000
chr20	4063516	4064021	0.000010473655603357100
chr17	61915833	61916730	0.000857289237102031000
chr20	31148550	31148893	0.000058769254377800900
chr11	119038708	119039440	0.000335838064702046000
chr6	38123146	38123312	0.000024070623917436300
chr13	42118988	42119546	0.000027095922753787500
chr5	39470228	39470464	0.000047352235708144400
chr9	126985646	126985794	0.000044430698661493800
chr1	234792752	234794046	0.000108646445822907000
chr22	40342333	40343102	0.000250675942057454000
chr15	75639113	75641171	0.001726047615662620000
chr17	39942456	39943545	0.001784062686293400000
chr10	89621419	89621940	0.000603278933758997000
chr8	97873728	97873804	0.000016467993643840900
chr2	192516214	192516266	0.000022342598184220900
chr20	2308707	2309923	0.000052090036610269700
chr4	187647344	187648358	0.001116162720706450000
chr19	6740812	6741181	0.000594920847387533000
chr12	6432208	6432926	0.000051296032925971900
chr7	115957053	115957394	0.000071188285997903300
chr1	205325788	205326641	0.000330082287615184000
chr1	150971753	150971889	0.000024324609834220400
chr13	95364062	95365509	0.046109271310950400000
chr1	202937612	202938186	0.000089237141024433200
chr5	55148279	55148974	0.000246017499267444000
chr10	98405486	98406291	0.000023048085946335600
chr3	56468302	56468862	0.000030859269963274900
chr11	6495076	6496091	0.011597706256101000000
chr2	121105535	121106721	0.000437962328661559000
chr3	57529873	57530799	0.000065890274859574900
chr2	45166531	45167549	0.000096624692068172200
chr16	67449835	67450370	0.001011504773675970000
chr1	26126233	26126528	0.000023545427095852200
chr5	159631992	159633129	0.000121096657850785000
chr19	928287	929119	0.000033825555792865400
chr3	153011165	153011352	0.000130484558295237000
chr3	186542905	186543774	0.000404880878558548000
chr13	108518621	108521062	0.000636579361776534000
chr12	2393671	2393684	0.000118721314676147000
chr2	30670304	30671403	0.000341463549984096000
chr17	79520615	79521089	0.000708602233318473000
chr6	6712998	6713220	0.000168206959793639000
chr2	29149895	29150875	0.000975978073642879000
chr3	177095869	177096170	0.000018947605605154100
chr20	47005243	47005661	0.000009733981951915860
chr13	114874288	114875412	0.014463058927157000000
chr17	39780836	39781108	0.001320487481568970000
chr2	74208590	74209160	0.001500338037423940000
chr3	171873675	171874327	0.000337919642057308000
chr1	161981217	161981673	0.000028721512407984100
chr16	6533175	6534317	0.001500593631324160000
chr22	23133525	23134389	0.000208330557895577000
chr5	40615780	40616159	0.000007702807412906640
chr10	89279181	89279703	0.000701464678411871000
chr3	177159641	177159881	0.000008678550084000510
chr17	36204252	36204662	0.000031498787362074300
chr7	157639049	157639351	0.000047552450747876700
chr17	27372891	27373505	0.000078704908273375900
chr3	149589218	149589902	0.000094527516448845600
chr17	29248417	29249485	0.000177938862743371000
chr6	14758733	14759269	0.000032199631744809000
chr1	209604583	209605401	0.000369927857754762000
chr12	52653208	52653637	0.000030238625335260300
chr2	60593185	60593340	0.000037388451658889600
chr17	2808456	2808755	0.000216407894194874000
chr3	72135680	72135799	0.000174595537754415000
chr5	151131886	151132702	0.001020921007737850000
chr17	56352875	56352895	0.000146176795336531000
chr12	6897731	6898785	0.000324114172965672000
chr8	95254202	95254549	0.000005727855996941460
chr21	43158210	43158250	0.000007837973803554620
chr15	70432922	70434970	0.000092119584554365200
chr1	40105079	40106248	0.002783165133632450000
chr1	238025414	238025587	0.000909003839530761000
chr17	71064722	71065055	0.000053288732684077900
chr7	130023783	130024389	0.000023988496223969000
chr6	21856149	21857295	0.000446510012373884000
chr7	135414087	135414520	0.000525792264402055000
chr19	3801397	3802504	0.000547009849060439000
chr10	6340229	6340750	0.000009741719872851650
chr16	1055886	1056222	0.000016926853504505100
chr12	93129447	93130344	0.000558322518558149000
chr7	134852662	134852995	0.000044814374304831800
chr20	3868713	3869454	0.004267341025582730000
chr4	76440093	76440740	0.001262138553267450000
chr2	232260116	232261864	0.001655996038262200000
chr19	35465641	35466189	0.000034571443514768100
chr4	3318625	3319247	0.000040723406007149500
chr6	143188930	143189430	0.000009767646747536510
chr4	103679638	103680201	0.000074014808329907900
chr1	14151423	14151711	0.000011256387851400600
chr6	125534847	125535122	0.000005308881185373030
chr3	62860710	62861925	0.005141378092687050000
chr5	37839077	37840839	0.006006597763870950000
chr1	114656043	114656967	0.000543626178250417000
chr12	50426531	50427095	0.000427891045995968000
chr3	9032274	9032631	0.000018678664712275100
chr20	49253552	49255047	0.000072003297465897800
chr7	25536285	25536674	0.000009966447888154960
chr10	118896363	118897280	0.005364188018494830000
chr8	42053413	42053994	0.000301443705739565000
chr4	123541287	123543179	0.010593081573527700000
chr12	50291425	50291789	0.000022742756729255200
chr10	6438364	6438906	0.000071097185507887000
chr7	1063891	1064100	0.000020042331311820200
chr12	4553029	4555720	0.000583577727024118000
chr8	101422061	101422577	0.000009860215714361670
chr18	43620428	43621163	0.001457538774286430000
chr3	49590665	49591008	0.000117047620587243000
chr1	175937550	175937945	0.000022344142705399600
chr3	150612188	150612653	0.000012370141289972000
chr12	116570918	116571240	0.000005647486216433620
chr1	65534381	65535056	0.000024517318142334600
chr1	3567303	3568669	0.026743215182037800000
chr3	20080218	20080268	0.000535610864559868000
chr5	77806538	77807464	0.000024532658812361500
chr4	141347993	141349725	0.004141188041013380000
chr3	48598236	48598799	0.001460780998749410000
chr16	575420	575700	0.000182295135518634000
chr1	55272920	55273637	0.000231997073742786000
chr4	176733409	176734821	0.017868373927629700000
chr1	184899584	184899589	0.000097442100080201100
chr14	23013010	23013826	0.001061578112585380000
chr2	8190454	8190590	0.000020160079535035600
chr5	55903504	55904123	0.000074106788644282800
chr2	121297256	121298039	0.000028223224938932300
chr4	174459412	174460124	0.000071127675488049400
chr12	52403511	52404676	0.014147436197762800000
chr15	90562839	90563445	0.000046550656524104900
chr5	180624199	180626416	0.002043938737414480000
chr11	67222073	67222784	0.000406875808535671000
chr1	44891241	44891298	0.000045880989301901400
chr3	196242197	196243555	0.000035794578453122800
chr22	34120472	34121058	0.000025589770359219700
chr8	81661725	81662179	0.000096953435629464100
chr10	95139986	95140036	0.000049013689067396300
chr3	50382952	50383668	0.000063500638364571000
chr15	41195440	41196012	0.000094502134849912500
chr12	132185202	132185477	0.000007339455362750660
chr1	77746823	77747875	0.005254759789719560000
chr11	117855870	117856007	0.000027691166448753100
chr3	62356774	62358980	0.001204623462962880000
chr3	116163694	116164522	0.018059578630246900000
chr2	28617552	28618402	0.007541013188631820000
chr3	35720302	35720630	0.000402877282435649000
chr10	89366803	89367384	0.000020123548449462400
chr4	88529234	88530371	0.001801887459779450000
chr18	907092	908130	0.000315562460219739000
chr17	39094800	39095141	0.000286032298532506000
chr18	46518865	46519204	0.000017292554198493600
chr2	8723906	8724685	0.001374111026312890000
chr13	41136971	41137894	0.000401874299273213000
chr7	138605054	138605500	0.000064272270135922300
chr1	178455607	178456093	0.000012382707320780800
chr1	235091106	235091608	0.003627939957336230000
chr19	13048244	13048728	0.000114700893632020000
chr17	54250143	54250303	0.000007647304044223570
chr14	50363827	50364197	0.000051993860865561300
chr7	64349133	64349915	0.001693864094903080000
chr11	8705609	8705959	0.000266157088523904000
chr11	118502025	118502888	0.000024242178076024800
chr8	61193990	61194801	0.002730366941903520000
chr8	134306801	134307728	0.002171780761594880000
chr2	9235600	9235972	0.000009453958966999750
chr7	149191957	149192381	0.000035355369999333600
chr6	32847112	32847845	0.024870798703983800000
chr13	108975215	108975920	0.000039157017137784000
chr2	242211917	242212901	0.000173375594384498000
chr1	201617042	201617853	0.000423599151278039000
chr20	46115856	46116225	0.000090892847093296200
chr5	133447785	133447976	0.000036256691624465600
chr7	97763485	97763721	0.000015191341100702700
chr20	35273933	35274595	0.001344816583357390000
chr1	57293848	57294085	0.000010126798552677900
chr10	11963946	11964219	0.000012800709658770800
chr20	387982	388229	0.000237590373699269000
chr2	113884447	113885277	0.001029123957525870000
chr20	47887009	47887926	0.000054016943556039700
chr2	173178612	173179124	0.000013118818184496500
chr11	48009578	48009653	0.000137104543267545000
chr6	2751402	2752360	0.000504300353331797000
chr6	36734511	36734921	0.000070465564750251600
chr1	208040203	208040253	0.000135576812019877000
chr18	53253181	53254430	0.000252842770871828000
chr16	4395425	4396298	0.001725368650911080000
chr12	100866566	100867758	0.001339046707771750000
chr10	134361889	134362785	0.000278116813568452000
chr16	12898430	12898523	0.000845846728741388000
chr17	38698056	38699371	0.000143869819234426000
chr15	45473810	45474074	0.000632529914721216000
chr5	170735347	170736572	0.010568393433289100000
chr17	79924176	79924772	0.000789230977927516000
chr12	49942160	49943340	0.000390142413535374000
chr17	74639731	74640078	0.003912935506766530000
chr16	15796887	15797297	0.000061444697657528100
chr4	184908254	184909018	0.002072846598522150000
chr1	84902639	84902885	0.000011295792596416800
chr10	112620559	112620732	0.000081871729674930100
chr11	64642144	64643263	0.000322354635377626000
chr10	118607718	118608473	0.000367043590036931000
chr2	213886329	213886821	0.000703299034082709000
chr2	43440068	43440321	0.000011591974563894700
chr12	40015170	40015182	0.000353935810897217000
chr20	61732467	61732802	0.003477881351108480000
chr7	150362198	150362308	0.000006953868614752580
chr14	91111400	91111866	0.000135066491813588000
chr20	32698354	32699025	0.000015987994357737500
chr2	232507491	232508037	0.000258233406945046000
chr10	111216426	111217221	0.001023797951631530000
chr2	129226666	129228081	0.000027586741953024200
chr1	178252770	178253267	0.000125274947469518000
chr14	55800645	55800924	0.000012102408640518900
chr3	49170727	49171343	0.003889352212446170000
chr20	21685834	21686728	0.001588899261985600000
chr6	50817674	50818862	0.003582390776654770000
chr1	158322531	158325254	0.000108654894673159000
chr18	77563926	77564340	0.000025938480444835000
chr8	102138472	102138864	0.000468887142380590000
chr15	29212340	29213640	0.000922544805913897000
chr15	77859696	77862098	0.000248086946723551000
chr20	34854461	34854856	0.000007689409668806780
chr2	75062663	75063068	0.000024721643635748500
chr8	131668142	131668478	0.000088707465578220800
chr1	110307811	110307912	0.000451418843180768000
chr1	159556946	159557632	0.000030651097222615900
chr2	135262221	135262278	0.000003299118112528250
chr10	99658325	99659076	0.000366333310352271000
chr6	44004565	44004688	0.000189875564100008000
chr9	112402449	112403301	0.006732227602504990000
chr3	52821552	52822276	0.000601672110203572000
chr13	29114924	29115045	0.000006081417609927120
chr18	11148510	11150043	0.017065249160009900000
chr15	31555344	31556376	0.000070078631181512500
chr1	237204939	237205999	0.003040482608381500000
chr17	1943960	1944831	0.006387659254685380000
chr7	156700133	156700702	0.000038506421734925000
chr1	9133353	9133414	0.000217423416450226000
chr3	109057509	109057564	0.000699317153304164000
chr4	6635119	6635485	0.000073657310052054300
chr4	185606227	185606288	0.000034547015311674000
chr8	145024774	145026051	0.007583401386361800000
chr14	21493001	21494547	0.003990152210398110000
chr19	49457725	49458596	0.001648842461752020000
chr5	146613976	146615139	0.000078620196944156100
chr22	24802531	24803248	0.000306202967852685000
chr3	121902205	121903644	0.020788983122315300000
chr10	126840591	126841033	0.000012375795357525500
chr10	134000737	134001455	0.000094423528117712500
chr10	74080727	74080805	0.000525107630646492000
chr1	221054201	221055964	0.002256508971191780000
chr3	50611151	50611699	0.000095389496647669000
chr19	35643121	35643885	0.000107193640842431000
chr12	102873840	102874972	0.001778650849559270000
chr17	41836563	41837048	0.000079125811718027500
chr4	54518664	54519254	0.000017132725157884900
chr5	35130385	35130547	0.000191037095914515000
chr3	155524976	155524983	0.000378766613959987000
chr15	42232601	42233040	0.000072160036741053100
chr7	51101539	51102129	0.000284291919219510000
chr17	57705504	57705931	0.000019078770690256200
chr1	28305824	28306549	0.000963737021067591000
chr11	4469604	4470183	0.000059221063569084700
chr3	99792561	99792993	0.000106926939534838000
chr6	12749567	12750392	0.002360775450006650000
chr16	23869600	23869974	0.000015612182590298700
chr5	139043443	139044215	0.000020378967887791900
chr6	45447935	45448233	0.000016012349046725700
chr6	108051503	108052093	0.000066772048434997700
chr4	184186563	184186934	0.000539688425703153000
chr19	39739215	39740501	0.000211679034780994000
chr10	100992656	100993965	0.003321544373558920000
chr5	170292807	170293065	0.000175518431856015000
chr5	60712031	60712495	0.000009807277668946140
chr20	57267176	57267680	0.001737845350050990000
chr8	96060571	96060712	0.000040067863691953600
chr17	79134486	79135071	0.000130164293286923000
chr20	47536468	47536917	0.000019846839166194200
chr2	3750488	3751593	0.001871556868377960000
chr7	28995786	28997173	0.002125934498557740000
chr21	39643353	39644354	0.002848283816941220000
chr8	67038980	67039461	0.000595220273939125000
chr16	2197280	2198395	0.001790629964631970000
chr11	19835518	19836009	0.000013573488833371200
chr6	32061318	32062554	0.003275825364173440000
chr7	630473	630914	0.002661785575710070000
chr20	23018266	23020185	0.000178780535624156000
chr12	122985592	122986464	0.002653647538584370000
chr3	11159610	11159811	0.000004919145384801170
chr15	58818581	58819005	0.000058452841890835000
chr2	55320612	55320703	0.000181157223021790000
chr18	74725828	74726002	0.000043180259575867000
chr1	44443890	44444305	0.000370360646577725000
chr4	27102620	27102927	0.000021035220351624600
chr8	81235210	81235942	0.000041031933254693700
chr21	34431089	34431807	0.000059807444649508800
chr2	64455097	64455580	0.000465212568659750000
chr7	4652671	4652842	0.000246302434736149000
chr6	112078644	112079056	0.000055086289371119200
chr3	114012316	114012912	0.002718207393115810000
chr3	48453562	48454416	0.000068356425738629900
chr17	80297128	80297325	0.000065392884044777600
chr6	40345376	40346509	0.000061294752715688100
chr1	12128100	12128827	0.000049768593480078800
chr8	27527745	27527865	0.000063987404486457800
chr11	834676	835377	0.003312089202939020000
chr2	119915139	119916017	0.005625766212676890000
chr2	113013150	113013820	0.000776749886098794000
chr4	88752660	88753179	0.000018947011323744400
chr20	61467586	61468685	0.000114831508711588000
chr2	241922051	241922076	0.000371173758490439000
chr16	89461734	89462418	0.000786266679981498000
chr1	12223543	12223837	0.000006024229728054130
chr17	67497778	67497879	0.000056523231311403700
chr7	69227635	69228260	0.000024421873262778400
chr1	161474586	161475869	0.001401486217133360000
chr3	50314654	50316562	0.001619010568319640000
chr11	33079565	33079630	0.000012163108822769200
chr17	71966312	71966650	0.000008497649780806720
chr19	7609830	7610450	0.000037340865061410500
chr20	37626622	37626860	0.000006053202530716930
chr10	119304104	119305335	0.000713684130502017000
chr7	102061627	102061629	0.000097750925765018400
chr10	49387823	49387924	0.000148929202813482000
chr21	39810663	39810840	0.000010586770149189800
chr1	198607548	198608163	0.000126728900292045000
chr11	124546142	124546767	0.000202053619114150000
chr10	102987993	102988852	0.000137101537334500000
chr16	9050938	9051317	0.000325692675039523000
chr12	122667956	122669186	0.000041087545704630000
chr11	123757153	123757331	0.000009255026529949240
chr4	41983325	41984085	0.002148002026980700000
chr1	39044140	39045980	0.000100621610587192000
chr11	8228022	8228508	0.000136692545858291000
chr16	48657422	48657876	0.000064632926086025100
chr1	229206074	229206273	0.000078661851372368500
chr17	48280257	48280432	0.003589083756279970000
chr15	66795208	66795737	0.000041237248388444200
chr11	66979798	66980547	0.000058064921972238500
chr6	45391645	45392462	0.003102305923039510000
chr6	131893488	131894023	0.000689371917262881000
chr22	46974976	46975926	0.000298492688668848000
chr7	30952730	30953124	0.000092863658374687000
chr18	11308716	11309047	0.000011040765426634200
chr21	40365716	40365867	0.000006321462880787020
chr10	120632767	120633361	0.000125047050438681000
chr9	35905317	35906148	0.001273267341703710000
chr19	35981517	35982442	0.000535398312714760000
chr2	33433039	33433548	0.000059180744671481600
chr1	158255590	158255884	0.000029524817245803300
chr12	8815580	8816028	0.000186075490172444000
chr5	176874324	176875403	0.000368804880733203000
chr7	50316321	50316646	0.000020111159454774700
chr17	21256838	21256846	0.000267197194440842000
chr11	94307552	94307971	0.000121280637144614000
chr16	87469002	87470545	0.001723096712752680000
chr18	6414602	6415922	0.006114566965596640000
chr1	45138266	45138784	0.000033512868067011000
chr12	1948648	1949586	0.000758634124886705000
chr13	88324432	88326918	0.001960588621511310000
chr10	13387087	13388567	0.004049855768547610000
chr17	4418574	4419810	0.000239192498648119000
chr22	37319309	37320126	0.000779199287716360000
chr14	23351487	23352029	0.003334295828911820000
chr2	20098914	20098931	0.000023680311605202600
chr15	75251136	75251733	0.001129668368054710000
chr14	57272340	57273276	0.001339326639888140000
chr6	32822911	32823941	0.008235592353674480000
chr17	4463371	4464518	0.012014346848818200000
chr15	83518331	83518653	0.000007085851598704930
chr8	17762019	17763088	0.000045676299771385100
chr11	62367269	62367988	0.000084238616968574300
chr3	64636717	64637230	0.000043005909784066700
chr1	244763480	244763541	0.000024337849676822800
chr12	33049620	33050217	0.000455561515150270000
chr10	115603898	115603911	0.000064996526786017600
chr14	61122155	61123243	0.000088633229919636200
chr16	66557806	66559965	0.000018565041623100700
chr12	13251295	13253742	0.000262117031473881000
chr14	104032309	104032835	0.000023803367123521500
chr6	42739639	42739787	0.000223263408016397000
chr11	45119615	45119653	0.000003738910702473310
chr3	50629190	50630065	0.000068727817217728900
chr8	99780274	99781007	0.000043790231524628800
chr22	38137445	38137995	0.000073633058992303000
chr1	154404620	154405736	0.000253193491874466000
chr5	142001033	142002248	0.000195659759867337000
chr15	50475495	50476073	0.000668772043395929000
chr5	77939003	77939250	0.000053254506401737300
chr7	100486248	100486423	0.000632256072638893000
chr9	79520919	79521848	0.001986535331753970000
chr14	101360687	101361359	0.000711513326535658000
chr11	93063302	93064234	0.005241329791134600000
chr1	206319364	206320204	0.000022596070653449800
chr3	37614806	37615071	0.000525188044215621000
chr6	112102358	112102807	0.000010737527796416400
chr7	47846057	47846424	0.000392882635716250000
chr17	1674326	1675235	0.000036737369947598100
chr16	48570215	48570453	0.000006522875606561900
chr15	44955616	44956258	0.000037082235294009500
chr10	118886758	118886914	0.000872468930160568000
chr16	1670185	1670473	0.000090405075531301400
chr16	85496711	85497585	0.000461521376379813000
chr22	35707011	35707288	0.000247423644007737000
chr7	73892652	73892704	0.000333798741412439000
chr6	152002859	152003453	0.000009567838876172720
chr16	17474804	17474952	0.000167720735478738000
chr5	10898907	10899335	0.000021427819723206400
chr8	135332586	135333230	0.003585303845914160000
chr1	145291386	145292286	0.000016140522868310600
chr16	53165934	53166554	0.000103132135486946000
chr12	82152229	82153464	0.023026035561922300000
chr14	101425857	101425944	0.000032200452153133500
chr9	88126193	88126383	0.000040496140196143800
chr17	76893060	76893294	0.000028256440539997600
chr10	4048189	4048359	0.000011457148796453500
chr6	108883330	108883909	0.000095102980166609600
chr3	157155088	157156180	0.001651851338033180000
chr2	201996273	201996899	0.000816597180223800000
chr11	85338252	85338839	0.000027442917431388900
chr15	90367916	90369040	0.000109161775245964000
chr5	67562753	67563114	0.000180017875598912000
chr2	38341436	38341678	0.000284545087836648000
chr8	97172480	97173722	0.003207656570154870000
chr16	12651556	12652021	0.000036631744451588700
chr3	196065106	196065569	0.003707109282346630000
chr11	120195466	120196505	0.000630118578207043000
chr17	58467774	58468435	0.001388067953610010000
chr3	171619600	171619617	0.000057157891183993500
chr4	113192453	113192515	0.000134807497523649000
chr15	99048469	99048945	0.000014392524322112300
chr12	62583974	62585877	0.000149839856381758000
chr21	34542436	34543584	0.000050376917746291500
chr22	25083548	25084556	0.000093753833064922800
chr11	47608487	47609357	0.001041742095900360000
chr6	138539372	138540851	0.002960438402102870000
chr1	165204410	165205352	0.002541720443029130000
chr16	57670264	57673289	0.006037757919102060000
chr10	23480730	23481776	0.006306054239883630000
chr3	169866747	169867099	0.000630412561335207000
chr21	34950679	34951709	0.000567389874120345000
chr20	1811028	1811563	0.000020936776934781600
chr8	74203855	74204494	0.001101435001847400000
chr2	64488157	64488961	0.000050178706489050800
chr13	50024281	50024703	0.000386333166735252000
chr11	124952773	124953628	0.000167435604992336000
chr1	53662016	53662423	0.000712074123729511000
chr6	20483859	20484204	0.000153114378520331000
chr6	32825499	32826281	0.000410858045564033000
chr10	74032730	74033095	0.001179782101843530000
chr4	141048272	141049164	0.000057960473199946600
chr3	122646970	122648849	0.000573405521921114000
chr8	126522459	126522705	0.000013765899899074400
chr12	52603567	52605004	0.000801492841572552000
chr6	17431988	17432613	0.000076419859368669100
chr1	26002451	26002535	0.000092168241008873000
chr5	79615513	79616145	0.000024730542189015500
chr2	89443642	89444118	0.000243620109132770000
chr10	31036150	31036797	0.000137410881672765000
chr1	154842717	154843547	0.014502214438447900000
chr1	109203853	109204821	0.021649207536316600000
chr12	14426636	14426994	0.000038000187848451200
chr4	5865654	5865698	0.000049616178836084000
chr3	45926450	45926669	0.000027217922890570100
chr14	100110845	100112250	0.000883077628484700000
chr20	61339277	61340542	0.000954623920127473000
chr7	91454	92067	0.000133263747824296000
chr19	36100748	36101191	0.000140836793293432000
chr1	150779776	150780799	0.004667555080440110000
chr19	48015621	48016076	0.000954085265756406000
chr13	40845844	40846510	0.000030261299738078600
chr20	3745817	3746315	0.000094599389782718700
chr10	64752050	64752288	0.000067147585057011400
chr13	95131809	95133339	0.000194485283528137000
chr5	80596198	80596475	0.001179073184914320000
chr20	42079952	42080143	0.000281960998005669000
chr1	117753313	117753965	0.002934793674649490000
chr8	145027741	145028522	0.004609950848858050000
chr13	115025905	115026485	0.000084971980446544500
chr8	123795433	123795904	0.000169994461809545000
chr3	194882923	194883012	0.000296777526144438000
chr2	23582915	23583649	0.000015004790289684000
chr15	91094168	91094402	0.000044475043757156700
chr14	91006382	91008005	0.000037165905188976800
chr3	37995561	37995881	0.000127815951164178000
chr11	64825998	64826553	0.000136865303145559000
chr2	231737741	231737958	0.005045143746320960000
chr17	30850485	30851285	0.000212315350461548000
chr9	138985942	138986379	0.000761154316712248000
chr11	75063569	75063913	0.000019001528857380800
chr2	242051737	242052583	0.006534139893764520000
chr10	85898499	85899092	0.010515438372221600000
chr1	232835365	232835904	0.000012337620680095800
chr10	111769559	111770192	0.000050924265342204200
chr2	216782649	216783471	0.000122051811925202000
chr8	1879091	1879551	0.000032648551349454400
chr1	178996021	178996530	0.000043387894692684600
chr9	115512278	115512755	0.000248172726707928000
chr12	10336861	10337070	0.000205758542627223000
chr3	3841853	3842717	0.003381854745340970000
chr2	174025831	174025843	0.000314755191106706000
chr11	75051945	75052065	0.000004472462566184590
chr10	77888209	77888507	0.000008994172147392150
chr1	7074185	7074719	0.002021559712135490000
chr20	57735127	57735525	0.000028896147345266300
chr11	46690724	46691489	0.000606938581862545000
chr14	22998309	22999023	0.002588230539868110000
chr5	17302144	17302937	0.000141965524839552000
chr5	95058987	95059438	0.000015451947638217500
chr2	145282103	145282262	0.000022985862947723000
chr9	132682162	132682473	0.001185443772581580000
chr4	7033394	7033895	0.000016210898623496400
chr5	126999787	127000030	0.000040184679407820100
chr1	239414260	239414881	0.001683701888945310000
chr7	86847333	86848102	0.001251615981917490000
chr1	21415716	21416170	0.000044573664234446000
chr13	39261165	39261796	0.000561442960875052000
chr5	71614752	71615293	0.000411861051038492000
chr7	75505977	75505981	0.000193848435771540000
chr11	2342307	2342886	0.000096196095144741500
chr15	89178856	89179370	0.000661022253739961000
chr12	50218801	50219283	0.000150881359025003000
chr9	29212689	29213880	0.000467385065507572000
chr9	134113929	134114144	0.000041353336135373500
chr8	53477881	53478454	0.001148408612702510000
chr16	15766017	15767006	0.000521147023105197000
chr1	178458984	178459176	0.000191606041202934000
chr2	64712535	64713453	0.000043110547041746200
chr11	61115553	61115736	0.000216578574529211000
chr1	32715428	32717620	0.002813971847898570000
chr11	47410526	47410707	0.000322393419873494000
chr20	22401074	22401517	0.000044023090583622600
chr1	223348465	223349112	0.000042192368937294000
chr4	103519709	103520170	0.000087931731972678200
chr15	77285359	77286576	0.000964897935734483000
chr1	20512143	20513734	0.008417304304475860000
chr4	7975403	7975637	0.000023974610983079700
chr3	129315176	129315717	0.000068142866539886900
chr10	49861631	49861798	0.000024617361690566500
chr11	71725245	71725590	0.003556335989537640000
chr4	77172617	77173523	0.000155951840442385000
chr6	34072200	34072798	0.000410800131101914000
chr3	121795768	121796071	0.000046981401977708700
chr2	177052486	177053838	0.004752174411767860000
chr7	101465705	101466812	0.000049480338530427900
chr11	121288120	121288587	0.000046846542347806800
chr19	11406819	11406993	0.000052469878668468300
chr1	3123054	3123854	0.000102155859599311000
chr1	169078711	169079632	0.000245081091448194000
chr14	72064773	72065164	0.000197466680738928000
chr22	46440394	46441127	0.003539673843267310000
chr2	174023965	174024669	0.000187231321001826000
chr4	6993385	6993556	0.000253778009271388000
chr1	66859276	66859345	0.000071526632127824800
chr7	129078593	129079136	0.000045892074027519100
chr8	1724898	1725179	0.002410034636872740000
chr20	3649247	3650493	0.000043207090392643900
chr5	131606393	131606486	0.000085166737970642800
chr5	145756235	145757356	0.000521325101641729000
chr1	158575318	158575773	0.000056604479897144200
chr9	137913074	137913523	0.000082898326727622700
chr11	1073417	1074009	0.003053922023278390000
chr1	150121027	150121813	0.002828422772885930000
chr2	136901306	136901698	0.000011282491528868600
chr11	111324477	111325072	0.000447788217728916000
chr4	105411270	105411756	0.001886949192165610000
chr8	57453049	57453675	0.000405315558314462000
chr11	19612894	19613613	0.000493745703043291000
chr13	51563743	51564238	0.000017909778046993600
chr20	62737966	62739073	0.000437218000482934000
chr3	33922290	33922747	0.000012638712751082300
chr6	163825550	163826969	0.000674033596653188000
chr11	34523344	34523679	0.000032268721771337500
chr12	104764999	104765292	0.000016389241595672800
chr6	36805317	36805384	0.000225999867654227000
chr2	233384489	233385142	0.004365026846818030000
chr8	48434827	48435032	0.000032228639862808000
chr15	75404553	75405025	0.000058527810237426700
chr6	167033080	167033966	0.000025493233473144400
chr19	5851255	5851762	0.001429083743170810000
chr5	135048982	135049183	0.000035934891538618800
chr12	33591899	33592642	0.001272233896497170000
chr10	80126725	80127261	0.000829572007557018000
chr6	87923149	87923199	0.000278822889069531000
chr16	67251384	67251748	0.000220459298345765000
chr5	63255045	63255687	0.001219810570288750000
chr10	76597509	76598375	0.001093066728856720000
chr7	44662296	44662793	0.001439885960645900000
chr1	167874258	167874526	0.000185438032187649000
chr4	38457132	38457637	0.000535826612042877000
chr17	46035108	46035343	0.000495569195419684000
chr15	68174054	68174974	0.000028244771003727400
chr17	25784714	25784992	0.000070125934453581900
chr10	14424035	14424332	0.000052191104123302300
chr14	101378387	101378827	0.000054239803868167700
chr2	63274476	63276010	0.013821314998802600000
chr9	110681333	110681941	0.000205599221346628000
chr2	127734416	127734952	0.001661555442825480000
chr18	52970334	52971213	0.000338699052723117000
chr1	119549145	119551319	0.002892280112443170000
chr1	1565931	1567302	0.005847290128659430000
chr9	81760592	81761043	0.000416680411663289000
chr4	159931702	159931832	0.000006053199647084560
chr6	27783054	27783336	0.000494252933779733000
chr18	46188121	46188652	0.000038181990665611500
chr20	48908624	48909252	0.000294105597697040000
chr2	110370907	110371903	0.015121174367898100000
chr11	128414618	128414808	0.000015728598607054500
chr22	46547117	46547686	0.002381139931885800000
chr1	197737026	197737096	0.000228304737292127000
chr1	187061447	187061666	0.000259079337319203000
chr1	33908935	33909802	0.001205880756454610000
chr2	219851181	219851835	0.001241469846208900000
chr5	133473501	133474100	0.000807515148627595000
chr5	3602272	3603280	0.000550396641230596000
chr8	103252525	103252842	0.000451312664509653000
chr11	118076295	118076885	0.000035629393775097900
chr6	31913051	31913809	0.000021199502594718700
chr10	611886	612391	0.000259581847818050000
chr11	59806469	59807594	0.000941111043607781000
chr17	3907349	3908241	0.000951192974639447000
chr18	55103353	55104078	0.001198380621750840000
chr4	77881276	77881359	0.000495744212602008000
chr2	47315888	47316605	0.000016361359211909900
chr14	105359836	105360327	0.000133305416659614000
chr2	60618524	60619220	0.001618115660772440000
chr6	157910065	157910725	0.000016870780324179200
chr16	58769040	58769191	0.000103444252669538000
chr19	5838731	5838999	0.000927729580548238000
chr2	75144945	75145387	0.000253084525070175000
chr16	2055033	2055684	0.001060062012592870000
chr4	157713603	157713817	0.000171524333768373000
chr7	151033362	151033415	0.000034956829746807700
chr3	33002183	33002878	0.000073345104347064100
chr19	1101969	1102868	0.000389927720881692000
chr1	226349343	226349820	0.000212845401408469000
chr6	30704809	30704998	0.000855698091795853000
chr8	19319031	19319742	0.000143047205228743000
chr11	1954754	1955023	0.000462558068024271000
chr11	10633607	10634923	0.000191447055777239000
chr12	130646022	130647289	0.005386331689312880000
chr19	2047139	2047482	0.000121555238303821000
chr3	184297380	184297522	0.000181345330866731000
chr5	139553863	139554576	0.003940685565291980000
chr3	52280124	52280702	0.003591964166977130000
chr2	135011626	135011991	0.000029314812042166500
chr14	99664107	99664910	0.000687987429125177000
chr10	132876698	132877148	0.000093085855880616100
chr17	42340109	42340775	0.000096594509504231900
chr19	41870331	41871174	0.000050388356230034200
chr17	73148480	73149532	0.000607542673448286000
chr7	5631189	5631928	0.000689873246643535000
chr5	1268644	1269309	0.002136176576857980000
chr11	64215347	64215934	0.000591019885683021000
chr3	123018445	123019127	0.000067421232366652300
chr6	29430096	29431208	0.002929488377839300000
chr2	109855261	109856066	0.000024224064794328900
chr15	52587751	52588785	0.015478942764844500000
chr9	117156701	117157330	0.000328632997949472000
chr6	109612229	109613134	0.000739918927301690000
chr6	20907308	20907817	0.000028321725660850200
chr3	128191598	128192502	0.000043607235661801700
chr14	77051233	77051299	0.000072880053347948300
chr3	188034516	188034983	0.000196460801193090000
chr17	72931569	72931903	0.012080714314345100000
chr17	57929235	57929274	0.000225075806735292000
chr19	54876773	54878038	0.000595813873277142000
chr5	123919649	123920955	0.000054325561289190300
chr1	87793364	87794525	0.008622593506876470000
chr7	157438108	157438616	0.000126229487189270000
chr7	15725086	15727127	0.008982125413486070000
chr1	25251730	25252163	0.000226742969905710000
chr12	106642360	106642937	0.000138980896789343000
chr1	43000506	43001072	0.000049674958434258900
chr20	19783309	19783675	0.000010219064602060900
chr4	174411279	174411723	0.000055970526844818800
chr11	61717191	61717780	0.000107307118475972000
chr14	21179520	21179700	0.000006648235361146580
chr1	87596820	87596934	0.000020999268612262300
chr12	56881753	56882535	0.000561043559401662000
chr17	16939856	16939913	0.000090142598677575800
chr8	131469585	131469811	0.000014765866662349500
chr2	113956255	113956634	0.000576729944813883000
chr6	13445503	13446081	0.000135751181613520000
chr4	107956556	107957430	0.000457706955760298000
chr18	19476805	19477995	0.001823606222618730000
chr16	66619877	66620756	0.000039408221420750100
chr22	38430277	38430796	0.000286493384742722000
chr1	239549798	239550578	0.001934511854662030000
chr6	43611905	43612908	0.004639010366099900000
chr5	140305713	140306930	0.004709012879804140000
chr8	65282185	65282946	0.000537051560971872000
chr9	137533851	137533949	0.000845285256967511000
chr2	66659348	66660793	0.014364512639976800000
chr22	38819702	38820214	0.001131157633170240000
chr13	20251577	20251816	0.000062141070657640000
chr2	68591915	68593583	0.020578294110661300000
chr12	91350103	91350364	0.000030234490456239600
chr2	71828198	71828293	0.000071158191475590900
chr2	100926650	100926863	0.000327101059319497000
chr5	78808194	78808642	0.000088408526653867000
chr6	134537845	134538515	0.000066998908028902300
chr7	105447254	105447488	0.000008555138346884000
chr20	43744592	43744878	0.000259387650752630000
chr2	240425476	240425983	0.000273906149245774000
chr16	19132987	19133370	0.000279992094071054000
chr10	81744674	81744786	0.000267416915910357000
chr6	31648994	31651676	0.036425172353797800000
chr9	97950945	97952184	0.000084757144036533700
chr11	17428769	17429271	0.000033922009682006100
chr16	85111583	85112370	0.000103145349487259000
chr20	1550119	1550240	0.000245637857966626000
chr16	66952141	66953432	0.000594413835514349000
chr1	27158375	27158887	0.002584683606536150000
chr6	16753080	16753571	0.000101824896456299000
chr16	16168148	16168399	0.000016834341285125100
chr12	49759545	49759654	0.000487071398542301000
chr1	111022652	111023201	0.000017557050541920900
chr11	2799936	2800047	0.000291947529080226000
chr2	40972626	40973447	0.000086021824729502700
chr18	31739202	31739521	0.000673675876148874000
chr11	4945422	4945892	0.000167195662636386000
chr1	158900384	158901032	0.000774718332942439000
chr1	62773354	62773825	0.000016291358881659000
chr17	49412314	49412842	0.000047574493040419400
chr13	31712722	31712991	0.000015530147346328100
chr5	61883850	61884346	0.000015188734293478300
chr12	122760960	122760981	0.000140037562150191000
chr16	1988449	1988798	0.000048051308590043000
chr17	79102432	79103837	0.006559571314967920000
chr3	184523366	184523815	0.000015947886270413800
chr17	47963635	47963758	0.000056476971547408800
chr9	101388158	101388231	0.000006411933214728370
chr17	46645972	46646444	0.000149688639140532000
chr8	142131465	142131725	0.000104764317317453000
chr1	46032496	46033129	0.000032684791679373100
chr9	132097931	132098311	0.000020918068288615700
chr10	71425040	71425993	0.000358824589675900000
chr11	67415183	67415829	0.002629701662960880000
chr8	126588554	126588891	0.000074703755061472400
chr11	3111966	3112303	0.000014283649889752300
chr2	286830	287760	0.002599817410094420000
chr2	73222793	73223112	0.000011706108793815800
chr17	25802282	25802477	0.000020887762366709500
chr20	464048	464622	0.000028012323164836500
chr4	57985198	57985617	0.000119014155857811000
chr20	11125086	11125380	0.000060186945960867000
chr8	1712650	1713012	0.002881935556698640000
chr4	184826215	184827086	0.004344168937316480000
chr21	47188195	47188882	0.000067938796725739900
chr7	6435978	6436101	0.000011298816506602600
chr16	56640568	56641777	0.001445273524626620000
chr11	125774082	125774447	0.009793705897003020000
chr19	2626871	2627508	0.000612389355500342000
chr7	107743849	107744567	0.000135200043667233000
chr20	34763025	34763531	0.000016079150393484200
chr2	23728776	23728913	0.000030006316884488700
chr11	66436168	66436334	0.000343176561333752000
chr5	56863077	56863507	0.000017714435999817400
chr11	32110187	32110323	0.000026700917398572100
chr4	174113880	174114298	0.000028557630517374900
chr7	27155974	27156062	0.001060845255467580000
chr22	28065535	28065973	0.000055805698284110300
chr22	37655614	37655774	0.000057706730533268900
chr2	232536151	232536604	0.000017440463224833800
chr4	41878739	41879262	0.000411693910774701000
chr2	240205112	240205772	0.000721179100470602000
chr5	159933234	159933519	0.000035474775701202200
chr10	5734716	5735349	0.000665718939851175000
chr12	123569118	123569700	0.000033861309080721300
chr10	49832794	49833399	0.000070803714103791500
chr4	159733045	159733522	0.000025504547860641100
chr1	24392771	24393225	0.001182344340428200000
chr11	79150906	79152112	0.026220903105073400000
chr17	1477843	1479213	0.002748904291062280000
chr1	21900724	21901260	0.000564398007396397000
chr6	24936246	24937034	0.002568280034848850000
chr15	28212967	28213205	0.000254257029168275000
chr11	35101356	35101445	0.000150419372951107000
chr19	40788266	40788926	0.000087025553742828400
chr5	126424350	126424797	0.000080589049576388300
chr7	155249398	155250900	0.014937227608398400000
chr16	89070647	89070924	0.001543288675022960000
chr17	77174625	77175380	0.001111072799899140000
chr8	128807841	128808554	0.005376356957605420000
chr2	177001256	177001909	0.012514458759680100000
chr1	174417967	174418215	0.000725552915008974000
chr16	27297924	27298091	0.000013534411021783100
chr10	75576192	75576944	0.000099366735575762500
chr2	74375128	74375930	0.000987395498113524000
chr3	99832772	99833293	0.000064541702742998600
chr7	73244836	73245752	0.000044852180367813500
chr4	120159118	120159590	0.001845328914339790000
chr16	68000763	68001415	0.002017037970274210000
chr1	16090718	16091218	0.000223238034501284000
chr3	54390098	54390342	0.000034007771075358800
chr5	95615672	95616198	0.000169103758786969000
chr1	110992885	110993792	0.003793481996231820000
chr12	15103680	15104210	0.002618946919173790000
chr2	159591429	159591944	0.000601551641495199000
chr2	162915893	162915902	0.000249259041494471000
chr1	229577027	229577396	0.000535180589475918000
chr12	91572918	91573433	0.000847532030183322000
chr14	23769515	23770168	0.000476805560038626000
chr10	22540268	22540646	0.000026453437899694300
chr2	218989973	218990691	0.006739417305446380000
chr11	36422377	36422615	0.000758079791143895000
chr13	29597447	29598708	0.000895925228092558000
chr20	33222426	33222860	0.000447468647622987000
chr22	23262424	23263983	0.000646703132018538000
chr1	2461900	2462822	0.000676927595942620000
chr18	18764058	18764366	0.000019095102747480700
chr17	27264093	27264560	0.000022085712420686600
chr1	87616901	87618313	0.002716132880501350000
chr11	111249659	111250744	0.024290156174647300000
chr15	74422282	74423077	0.000875410347223215000
chr7	151440440	151441268	0.000032829438814756100
chr1	6520354	6521268	0.017183826497373400000
chr2	178936951	178937838	0.000443742148789744000
chr10	95325782	95327107	0.010498824041625000000
chr2	38366802	38366942	0.000425070430301926000
chr1	153707078	153707429	0.000044537806481362200
chr15	75487980	75488313	0.000234565977460924000
chr6	14596742	14596806	0.000024941999185353500
chr2	155313946	155314687	0.000126242375341142000
chr6	31146124	31146471	0.002253048725634510000
chr17	41052107	41053228	0.001108395546028430000
chr12	19932552	19932823	0.000013802532566332300
chr3	140843068	140844176	0.000801632379015220000
chr11	110120271	110120682	0.000014178419686143000
chr7	137775104	137775882	0.000666398460178261000
chr18	74114570	74114728	0.001284821695726580000
chr21	46954554	46955647	0.000650843269251652000
chr8	62539945	62540385	0.000014766918715850200
chr1	47125401	47125994	0.000150646671962079000
chr7	16461411	16461798	0.000153559444719558000
chr6	7996863	7997515	0.000154293035398043000
chr17	47480679	47481492	0.009016520990252120000
chr5	122251589	122251808	0.000007016598363678840
chr21	43316274	43316705	0.000164212417595179000
chr3	12199836	12200427	0.000073797063473757500
chr7	75906035	75906416	0.000153135849313691000
chr8	17206671	17207635	0.000047434931826221500
chr8	99959430	99960148	0.007869325636975810000
chr22	46989326	46989553	0.000233257575932647000
chr6	166075022	166077669	0.000394742940852260000
chr11	43379688	43380526	0.000144412812567105000
chr20	34207470	34207754	0.000023104340222852900
chr17	37062940	37063649	0.000109790086358209000
chr11	34675716	34676683	0.000037956236595752700
chr2	191044481	191045697	0.015175286881492900000
chr2	7497174	7497566	0.000012366530091326400
chr1	151805241	151805773	0.001466646667784960000
chr2	64083028	64083493	0.000017423190852594900
chr3	120068323	120068861	0.000084751716213208900
chr12	6442329	6444138	0.001806977278140720000
chr17	61020813	61021096	0.000015729552888564400
chr22	41684460	41684706	0.000269831179025571000
chr11	65909761	65910130	0.000053315247160801800
chr12	3257752	3259078	0.000127403296714427000
chr8	102063788	102064238	0.000281559448294561000
chr2	70322323	70322659	0.001525621272912360000
chr1	35920054	35920411	0.000114877594676700000
chr19	4968104	4968614	0.000225765971573664000
chr13	109853649	109853926	0.000011762925933496100
chr7	72856462	72856835	0.000246666988154532000
chr6	37282124	37282701	0.000059024871251062700
chr2	227702054	227702099	0.000011896564035805300
chr3	156530417	156530658	0.000308831251272074000
chr8	20061515	20061561	0.000408446988122355000
chr5	171875680	171876294	0.000081566427680054600
chr9	140998983	140999377	0.000183702379910609000
chr22	39216109	39216249	0.000062459209663885400
chr17	7034129	7034283	0.000263202749698513000
chr11	69706527	69707384	0.002210091478874790000
chr10	63525673	63525851	0.000009682343808870460
chr12	53207919	53208325	0.000038536176621428000
chr20	62694841	62695853	0.001759255304369130000
chr12	125188082	125189190	0.000088276434199295800
chr1	35913782	35914081	0.000308169177848696000
chr3	191048308	191049143	0.015768236920895000000
chr19	45311705	45312525	0.000104679794191883000
chr7	98626520	98626996	0.000108977091444408000
chr7	2551247	2551996	0.000754011670645239000
chr20	61954987	61955518	0.000611090976339425000
chr2	16804409	16804749	0.000811473039581676000
chr21	39234294	39234433	0.000048043759469165200
chr8	59476467	59476798	0.000612759379327438000
chr8	59977636	59978618	0.000028223373850703100
chr9	95918754	95918949	0.000245607018438769000
chr14	69425084	69425439	0.000032902167509098300
chr4	166000605	166000800	0.000008607646776024190
chr2	9331371	9331963	0.000079792376889651900
chr5	55709004	55709595	0.000167466253072440000
chr8	42011981	42012513	0.000975507276521349000
chr4	95916970	95917486	0.007165759216391080000
chr2	145198593	145198903	0.000014741513144195300
chr15	56665235	56665321	0.000033679832359238600
chr6	16413526	16413855	0.000094979282534079000
chr1	201463534	201463767	0.000041889807019060000
chr21	43860255	43860746	0.000180607116118455000
chr1	2896587	2896834	0.000038837756140967700
chr2	232237143	232237275	0.000006925037562954160
chr16	4378161	4379148	0.002685576213429340000
chr2	207025417	207025937	0.000197651594533314000
chr2	158297087	158297335	0.000445889915112461000
chr12	2223540	2224755	0.000631607501872171000
chr15	101602954	101602978	0.000071201497360466700
chr22	39476477	39476799	0.000086498598329302300
chr8	19555033	19555369	0.000024815789656691900
chr3	128967393	128967831	0.000257763773236785000
chr5	35860234	35860337	0.000514114269484338000
chr8	130713698	130713856	0.000019398487739534400
chr17	79303434	79304801	0.011822117712468000000
chr22	39162643	39163427	0.000028144239280525500
chr7	18616991	18617456	0.000055328107581065500
chr12	58135973	58137179	0.000083210746934640700
chr22	47057371	47057502	0.000015498619203302100
chr18	8717011	8717926	0.000166876850019696000
chr6	34252198	34253172	0.000057454113495863500
chr4	113073967	113074637	0.000045465039792484900
chr1	64971188	64972080	0.001618173659764210000
chr12	117482953	117483310	0.000021775886248395300
chr4	80246713	80247217	0.002729524562847130000
chr1	160708987	160709239	0.000034569504033903300
chr17	40611593	40611995	0.000578350723530316000
chr3	171866136	171866422	0.000522972285318231000
chr12	62539910	62540294	0.000074758983471929000
chr1	12232415	12233852	0.000051531264086006500
chr20	52687924	52688567	0.000188746318610666000
chr22	19074067	19074647	0.000071055428959777300
chr11	62584715	62584817	0.000037003094028020200
chr1	16284132	16284631	0.000523925627317414000
chr11	118550060	118550644	0.001508537414433330000
chr2	135471997	135472528	0.000119427944391086000
chr17	32639637	32640005	0.000018872201023467000
chr12	52437182	52437571	0.002700443853369960000
chr1	159685185	159685684	0.000494759712315685000
chr9	92505019	92505134	0.000104589621868407000
chr10	79781252	79781362	0.000006480743815993500
chr3	112992173	112992792	0.000151945320304670000
chr10	129346750	129347529	0.000156360313057052000
chr16	75139104	75139595	0.000023588554214128200
chr17	8056492	8057770	0.008294722602510750000
chr2	191207242	191208235	0.003426386132477370000
chr15	27212911	27213362	0.000189252840437375000
chr15	101644682	101645225	0.000188709409897465000
chr7	143094136	143094667	0.000057327200786573800
chr1	226011953	226013212	0.003305986202973760000
chr19	19574754	19575312	0.001945815734139780000
chr1	156631235	156631506	0.000027911422794625000
chr11	18719308	18719628	0.000040636544429419800
chr20	25583652	25583670	0.000453915898882971000
chr3	72395449	72395774	0.000080769023730244900
chr19	5691749	5692622	0.001231130212561480000
chr13	73878209	73878296	0.000016641768271702600
chr20	36974445	36975083	0.000249727853744279000
chr17	76254129	76254812	0.000627129016261743000
chr1	203192517	203192720	0.000007182623326459030
chr7	2136531	2136919	0.000397602174163497000
chr16	83760023	83760121	0.000205560957458188000
chr15	99546797	99546917	0.000025836455217319100
chr22	43543948	43544017	0.000018326459636090500
chr11	45114570	45114907	0.000173985287433908000
chr7	80253343	80253665	0.000038145536052406100
chr4	170953810	170954137	0.000779570488396494000
chr11	2772759	2772799	0.000072565188181115100
chr16	69167903	69168101	0.000241970021345745000
chr1	43228263	43228316	0.000098979358384069300
chr3	49142045	49142815	0.000229940142076205000
chr12	69264028	69264281	0.000418815244531828000
chr3	183155777	183156168	0.000022749130062301800
chr21	44101491	44101541	0.000401183043972557000
chr9	139871030	139872161	0.000208798163153444000
chr12	52637429	52638592	0.005878613893863420000
chr5	10626811	10626937	0.000166851586407111000
chr2	102890416	102890476	0.000113426057586831000
chr9	77502284	77503042	0.006944165276944080000
chr2	242810917	242811552	0.000819159259786267000
chr10	28570805	28571322	0.002064695703766240000
chr4	143337884	143338188	0.000185576756449556000
chr16	67047620	67048469	0.001977782046213620000
chr6	30849937	30851086	0.001768070685938470000
chr11	120110544	120111025	0.000795333053564064000
chr7	150554113	150555010	0.000112829207859581000
chr5	139050159	139051131	0.002130817540657120000
chr1	203147367	203148132	0.000154778392306641000
chr7	87935979	87936703	0.008586701533725760000
chr6	149151596	149152330	0.000103156622393774000
chr10	73486251	73486801	0.000311190870133533000
chr1	33827344	33827534	0.000095222099251831300
chr1	153656052	153656268	0.000062121875519672100
chr14	37131715	37132774	0.013661546251337600000
chr19	19142562	19143421	0.001060304803831050000
chr3	174157278	174157628	0.000025987007591441000
chr5	138723394	138723816	0.000023014208766346000
chr1	39548454	39548513	0.000027471426300045300
chr21	35016787	35016873	0.000408936723174551000
chr17	1973400	1974029	0.000249945634857272000
chr16	67708163	67708822	0.000188549075021974000
chr21	47740705	47741437	0.001282746616611870000
chr3	119298083	119299162	0.007449350336350810000
chr1	48688453	48689242	0.000067881447938507900
chr15	68998265	68998740	0.000017678558103255800
chr20	36305058	36305210	0.000077601595231156300
chr1	203454010	203454229	0.000010941744528551500
chr11	10457727	10458246	0.000190747049452749000
chr11	2889809	2890725	0.002694321242916290000
chr20	44175957	44176425	0.000224695201765900000
chr11	7041080	7042021	0.038103052326235900000
chr9	100159057	100159780	0.000227528145198428000
chr2	36789476	36790185	0.000034785525518079200
chr22	43490246	43490400	0.000151814911688324000
chr17	46684750	46685872	0.006307024131931190000
chr12	109090290	109091021	0.006841704428702420000
chr3	113325172	113325595	0.000018673749593152200
chr14	75040680	75041541	0.000043140555795161000
chr11	11862429	11863421	0.010276858554344800000
chr17	79047681	79047872	0.000909603143153430000
chr15	68871738	68872082	0.000059857809389754900
chr6	138267488	138267580	0.002392094531576150000
chr16	3063680	3064377	0.000224850729361993000
chr15	75117033	75117069	0.000045404762887523200
chr6	161790605	161790663	0.000266061877339833000
chr17	39873380	39873894	0.000285318801836504000
chr12	116609672	116609750	0.000024622234183697800
chr19	10861863	10862100	0.000009167746894046230
chr17	72231318	72231448	0.000264044067969208000
chr20	48410517	48411018	0.000068652871752196000
chr6	32056820	32057846	0.001557953851085220000
chr10	112460964	112461480	0.000024143395497861300
chr8	140721305	140721533	0.000032368387353688500
chr11	67250809	67251677	0.005254453253980770000
chr7	141646270	141647505	0.000434447503217417000
chr9	135074004	135074058	0.000016937961345605100
chr11	60932010	60932666	0.000063482725330557600
chr16	88866457	88866627	0.000301252716361196000
chr7	20415833	20416510	0.000599466482065898000
chr11	122179528	122180195	0.001188545818505540000
chr2	145170401	145170848	0.000210276509397937000
chr18	72066948	72067761	0.000113198469442840000
chr1	185703201	185704549	0.013972642838576200000
chr8	142105670	142106775	0.000184368461204442000
chr1	248020331	248021163	0.006135509102627780000
chr8	67042176	67042666	0.000034661447332686700
chr2	114000230	114000677	0.000170641293174383000
chr1	246687630	246688334	0.000781908916606317000
chr10	54515151	54515301	0.000125283672023627000
chr13	22242867	22243484	0.000073029958482463300
chr8	41628237	41628552	0.000091300388746086300
chr4	140586396	140586950	0.002645861028406740000
chr21	17054876	17055183	0.000030397504836575800
chr11	34489855	34489880	0.000052206558529109200
chr17	4079262	4079652	0.002206866669742130000
chr6	159240774	159241461	0.000683367298827486000
chr9	139472899	139473414	0.000028373485584588700
chr1	109849545	109850126	0.000572237135904688000
chr12	129304569	129305480	0.000331149143819900000
chr17	74533504	74534700	0.006605009740327170000
chr6	30289992	30290603	0.001564825664452590000
chr10	89462688	89463417	0.000043097605223344400
chr13	58203618	58204379	0.000203547195372695000
chr13	113609067	113609550	0.000369359525624777000
chr8	122001425	122001888	0.000229224820047415000
chr10	80898729	80899340	0.000066678290453785400
chr5	128300671	128301488	0.001405508993268050000
chr11	73020358	73020729	0.000921201633294198000
chr11	64122743	64123242	0.000031895756667147000
chr2	60722313	60722802	0.001321778047060560000
chr17	48612718	48613395	0.001723644085868090000
chr2	131127627	131128163	0.000796990237725675000
chr1	177996171	177996178	0.000039594181818625100
chr8	6800167	6800296	0.000160716695115076000
chr2	8378838	8379176	0.000280871671442784000
chr8	101348456	101349044	0.002490565724160700000
chr1	199277547	199277650	0.000015827385596804700
chr16	4785009	4785333	0.000728161337509798000
chr11	64417695	64418074	0.000093967316995525700
chr21	47038433	47038905	0.000304761278762820000
chr20	34678119	34680141	0.000323837441127597000
chr2	67312139	67313452	0.000104594708151582000
chr6	150356698	150357289	0.000050057549394966600
chr11	64764297	64764564	0.000117530956718135000
chr20	61146258	61147144	0.000782273219288670000
chr3	50208262	50208690	0.000367441110321168000
chr4	36287903	36288123	0.000061178118498868500
chr6	125291729	125292227	0.000073115351054073400
chr17	40020225	40020462	0.000108914911272564000
chr10	33538715	33538770	0.000056362262693311700
chr1	25907602	25907919	0.000032275070993172900
chr17	30468874	30470872	0.000284550953914002000
chr18	21552039	21552432	0.000063097225967944300
chr4	185781167	185781248	0.000146011082578203000
chr13	30882067	30882905	0.001050866694314320000
chr8	8231531	8232204	0.000054318013997215500
chr11	126188697	126188994	0.000227765984719066000
chr6	101846603	101847656	0.022727134929190600000
chr9	100882376	100883129	0.000573033677739156000
chr15	86315115	86315211	0.000408541599778108000
chr5	179220274	179221020	0.001281005830175240000
chr2	238172739	238173584	0.000026721767688280900
chr3	31293937	31294342	0.000279092931462700000
chr4	5052618	5054079	0.014333590971346200000
chr1	208081541	208081706	0.000316664223202815000
chr4	87855377	87855652	0.000026305925904933300
chr11	126150774	126152481	0.000664965095176692000
chr4	8321296	8321942	0.000457981426508201000
chr6	137543824	137545298	0.000050220958141891700
chr1	153456605	153457181	0.000057474483298768100
chr15	48695038	48695153	0.000050938428661704200
chr15	45479462	45479977	0.000244880742682673000
chr8	55366152	55367466	0.002549232606525720000
chr11	66024375	66024839	0.004668361639758350000
chr5	139076600	139077438	0.003743607151220730000
chr3	12917615	12918015	0.000014277028305840600
chr11	35222480	35222643	0.000008994234536059420
chr3	136714147	136714183	0.000021281750048080500
chr5	124347050	124347068	0.000209223518728128000
chr10	35929326	35929920	0.005682626727593760000
chr2	70336043	70336118	0.000166493665717728000
chr15	73074167	73075003	0.001705005935699250000
chr12	40948759	40949393	0.001180609503746940000
chr1	35525367	35525383	0.000779129998515161000
chr10	3507176	3507783	0.000193665053397340000
chr11	70204929	70205087	0.000401503147429181000
chr16	1592816	1593557	0.000586725751314267000
chr22	44232985	44233251	0.000084365805483936900
chr22	50173724	50174297	0.005155647545600650000
chr15	79724517	79725284	0.010082369183541900000
chr9	112951179	112951406	0.000013084850646814100
chr11	105590209	105590390	0.000044885680075619800
chr11	5299308	5300178	0.000057193592597884800
chr10	30347670	30349729	0.001538942428230060000
chr3	112974528	112975027	0.000033261248361759500
chr15	67134587	67135479	0.001001736205751650000
chr2	74772129	74772791	0.000082100741948431100
chr8	72468561	72469553	0.004588535682522540000
chr7	98738642	98740022	0.001076712121902270000
chr2	101728613	101729035	0.000032852596535269800
chr1	164681267	164681652	0.001116840149444620000
chr20	56475055	56475613	0.000205073120854005000
chr7	139332836	139333869	0.000845986195307917000
chr22	24039722	24040094	0.001514996751896160000
chr11	73796780	73796909	0.000017976566785315200
chr12	52695270	52695728	0.004152876306213150000
chr16	75528459	75529115	0.000073983487573831500
chr3	194814554	194815572	0.000615593936934122000
chr1	3179762	3180171	0.000038301284580068100
chr5	3595907	3596704	0.003010618528808280000
chr10	120872973	120873428	0.000033919149770733800
chr2	239988369	239988801	0.000061053493676361600
chr12	124418532	124418878	0.000179711298634031000
chr1	204950701	204951336	0.004079064048818310000
chr12	58287804	58288081	0.002506556213550230000
chr12	72232794	72233572	0.008651836722631740000
chr1	150943828	150944634	0.000570901581902755000
chr17	3800266	3800819	0.000031306644202537400
chr1	173092323	173092682	0.000024253626813628600
chr3	121972621	121973027	0.000029373091510764100
chr1	1710880	1711661	0.008539412131167240000
chr8	145060532	145061786	0.006409714296121140000
chr10	48335838	48335944	0.000231653578542890000
chr8	6282275	6283180	0.000143506206682558000
chr17	37926322	37927872	0.000405252989900269000
chr1	224690961	224691275	0.000026220637179203900
chr3	150996078	150996599	0.002603900416228240000
chr6	157381116	157381401	0.000021874273206240500
chr3	119928903	119929126	0.000034747356685977200
chr2	241831436	241832025	0.004465943022825640000
chr22	41798175	41798473	0.000014561620029456000
chr1	206922233	206922738	0.000735521222275160000
chr12	19556956	19557343	0.000626687730964096000
chr12	6288571	6288946	0.000050948399608246600
chr5	36679892	36680436	0.000222563671276566000
chr21	47157461	47157612	0.000017552899575517300
chr15	55308619	55309125	0.000024737487808207500
chr1	93491247	93491404	0.000980790439765263000
chr4	40197355	40198129	0.008102841678217450000
chr10	33244211	33244681	0.000135666524330557000
chr20	30700869	30701083	0.000510212627945751000
chr17	53810321	53810846	0.005074926947060100000
chr5	178421314	178422260	0.001471197194623990000
chr19	789169	789658	0.000024543421980932300
chr3	161090472	161091175	0.007220113667821470000
chr9	34568707	34568875	0.000083763414089751600
chr1	87086859	87087242	0.000062069141038133900
chr12	27678080	27678513	0.000125126360485656000
chr5	134783075	134784137	0.001294017956390560000
chr15	69682850	69683743	0.000114090755014011000
chr9	10612832	10613522	0.000121088082848701000
chr1	221057236	221057808	0.000459004811081601000
chr9	140171097	140172089	0.000796770935209860000
chr20	55841149	55842071	0.017567928361933500000
chr20	61812302	61812389	0.001907093813468460000
chr17	16955974	16956218	0.000032018662488446700
chr17	35165324	35166190	0.000384444686864817000
chr5	148533711	148533875	0.000026700105808730100
chr4	89445475	89446409	0.001300598685440930000
chr1	27952189	27953763	0.010338944647798500000
chr1	26551782	26552116	0.000072249598697216800
chr6	16488347	16488732	0.000138019509478299000
chr4	180979320	180979631	0.000698480662125236000
chr3	65534685	65535247	0.000098965480281470900
chr10	49842067	49842612	0.000031046377655546100
chr20	36147042	36147549	0.005616405716350120000
chr1	24678505	24678976	0.000412782958223943000
chr6	136724406	136724451	0.000152051546989929000
chr17	75524350	75525151	0.000116451969899941000
chr13	75939861	75940239	0.000124458209692505000
chr9	79258918	79259330	0.000268605911886254000
chr15	97037828	97038051	0.000051813058209037400
chr3	197639792	197640344	0.000836569013209866000
chr20	31903455	31903641	0.000144120336693306000
chr12	10283049	10283763	0.003516252720108850000
chr9	37679969	37680460	0.000034954549652789300
chr9	71735648	71736409	0.001452539596754940000
chr5	124063914	124064481	0.000217862254322661000
chr8	102643895	102644374	0.000016671590934156900
chr14	51863257	51863985	0.000042323691747397200
chr11	2904746	2905931	0.000533908017031219000
chr22	30129607	30129918	0.000261536695009139000
chr7	90095672	90095724	0.000007666697886563190
chr7	157461897	157462914	0.000159815338682053000
chr16	19769466	19769645	0.000010100849576686300
chr19	30163828	30164205	0.000282931161442150000
chr2	47141297	47141937	0.000300014437175361000
chr7	90406191	90406601	0.000016970678834233200
chr1	201118532	201118850	0.000033955256313203600
chr11	64635728	64636635	0.002215911494003050000
chr16	30616285	30617029	0.000081765320927313000
chr1	9909895	9910137	0.000131856767717174000
chr16	68721038	68721436	0.000047925315620283700
chr8	95905820	95906552	0.000342170967469953000
chr20	30597543	30598501	0.000880301039358267000
chr17	17464853	17465682	0.011563956119772000000
chr11	123066529	123067275	0.000921578415836167000
chr10	101126814	101128022	0.000324739404189887000
chr11	46296020	46296795	0.001034403413297480000
chr10	80026711	80027132	0.000773626506524997000
chr5	174177366	174178256	0.000430168919109919000
chr11	48036852	48037855	0.000139345466101764000
chr17	36584843	36585452	0.000085115805955469300
chr2	109742356	109743314	0.000087417665513475900
chr1	26698634	26699973	0.001888384256916420000
chr10	106099036	106099647	0.002959660153115430000
chr9	3256732	3257397	0.000624133135896570000
chr5	175084250	175085316	0.001874112851360910000
chr1	12185435	12186307	0.002269661816716050000
chr14	63762233	63762854	0.000193512224173103000
chr4	47837775	47838169	0.000064928322386506500
chr16	810247	811347	0.000151280592920769000
chr11	18813191	18814078	0.006385838877337800000
chr11	27444868	27445520	0.000101529747347892000
chr11	75980408	75980839	0.000053683231988878000
chr5	53966914	53967333	0.000024465839999464800
chr16	20084851	20085767	0.004854170077427820000
chr9	7844737	7844790	0.000305593759087927000
chr5	176980153	176980309	0.000045329225322160200
chr13	111180951	111181382	0.000068725314396810600
chr5	67261881	67262170	0.000051398210750954400
chr3	154145810	154146816	0.002801541298652240000
chr7	2800196	2800791	0.000047317900686678700
chr2	238188707	238188883	0.000031678654556757800
chr10	99611477	99612150	0.000072490336448567700
chr6	135647046	135647365	0.000022898464709097600
chr1	145474331	145474899	0.001772808647052760000
chr11	46408262	46409073	0.000150398884313074000
chr15	64291323	64291516	0.000034716966036497000
chr12	24974603	24974836	0.000140005679532271000
chr11	60753653	60754328	0.001149067576675820000
chr10	5275884	5276318	0.000689203706103206000
chr14	83484836	83484877	0.000052351684993640100
chr8	27754944	27755022	0.000139712732625299000
chr18	46333108	46333236	0.000098213411804025200
chr19	11434656	11435095	0.000034781842314865800
chr3	129612803	129613115	0.000025180614742081200
chr11	102322056	102322558	0.003161719839209260000
chr3	38205687	38205996	0.000164160158288252000
chr18	43652172	43652856	0.019950654698272500000
chr5	31747854	31748400	0.001117284093645010000
chr14	64330819	64330822	0.000483728280121970000
chr17	3879761	3880966	0.000538180356119506000
chr17	78800199	78800806	0.002567962086910040000
chr18	19383644	19383957	0.000080959431184933800
chr4	24913973	24914970	0.007964583510871360000
chr3	66500294	66500703	0.000025173490605581100
chr6	149805292	149805596	0.000155696043447920000
chr4	25914593	25914811	0.000031455871996192800
chr9	128395157	128395816	0.000100718922458761000
chr19	42830328	42830596	0.001228248048170240000
chr4	129837844	129838253	0.000916973701167585000
chr10	11219929	11220040	0.000764342656513892000
chr11	75061838	75062225	0.000104570328715799000
chr1	35917355	35917793	0.000090554866405135400
chr1	44087631	44087823	0.000149127970320717000
chr6	31129244	31130320	0.023191397608578400000
chr8	142238452	142239055	0.001431992157370240000
chr12	65674264	65675358	0.001683810056586850000
chr1	27853797	27855045	0.000657615409987778000
chr3	64200005	64200532	0.000097174208758278800
chr9	139927493	139927646	0.003435883493968490000
chr16	31118786	31119196	0.000156574941570628000
chr12	118490973	118491265	0.003844608543965760000
chr17	17179362	17179426	0.000104382758195341000
chr1	91301204	91302117	0.017147514878589400000
chr14	94254131	94254586	0.000576193433374803000
chr2	208198898	208200028	0.000677018118440611000
chr17	78821604	78821928	0.001068203509477130000
chr18	74198774	74199233	0.000096791720394988600
chr9	116206932	116207118	0.000115310564654747000
chr5	148664606	148664889	0.000074925355121283900
chr15	45340816	45341099	0.000011840771775929200
chr14	51287294	51288907	0.000986261158662963000
chr4	53617184	53618211	0.003563574265341230000
chr16	12625807	12626175	0.000226742577565012000
chr1	59664182	59664430	0.000014143953345027000
chr12	94288553	94288665	0.000028043253264401600
chr11	8385712	8385767	0.000291934502725139000
chr8	27976377	27976638	0.000030279859814973800
chr3	154257155	154258166	0.000353698932075110000
chr8	29492637	29493005	0.000093710142492618300
chr5	128795605	128797013	0.021012653744661500000
chr19	47834037	47835475	0.000263111046505123000
chr8	126365081	126365454	0.000033045681965392700
chr12	10096794	10097501	0.000193308664112565000
chr11	78383020	78383839	0.000066757286462537400
chr15	43993387	43993716	0.000026149752519535600
chr12	54263615	54264142	0.000143713218842000000
chr1	6978618	6978798	0.000179163272993027000
chr3	129036787	129037059	0.000374306870136520000
chr6	33140934	33141824	0.006580739573196180000
chr3	117158482	117158774	0.000249255329656844000
chr11	68748210	68748907	0.002470631502266720000
chr18	46067528	46067903	0.000037268222355400400
chr2	169936756	169937224	0.000127741612857440000
chr16	73187987	73188310	0.000094528555128261100
chr3	10394210	10394658	0.000226467653002017000
chr12	124866665	124867014	0.000110402167601362000
chr4	24981695	24982173	0.001647180477897240000
chr6	167136206	167136432	0.000116464425953424000
chr8	8932588	8932770	0.000281469253365822000
chr5	72921050	72921899	0.001765390413457680000
chr1	156843578	156843854	0.000015910735546911200
chr5	31798861	31799465	0.000572239920344910000
chr12	7939674	7940852	0.000180504607176210000
chr19	15444776	15444837	0.000072254436008018900
chr1	153337977	153338215	0.000015329721002956900
chr16	72822033	72822362	0.000070453650877029000
chr10	6125715	6125977	0.000071943166371874800
chr19	47760701	47760943	0.000115946363946430000
chr5	122109366	122109428	0.000683270108119711000
chr8	65710790	65711658	0.004827390298009790000
chr22	31002362	31003655	0.040378047028162500000
chr11	88153520	88153752	0.000221370320784047000
chr12	14993624	14993874	0.000239992536063024000
chr16	85089777	85090683	0.000023790659469472000
chr12	105031413	105031564	0.000203700891184908000
chr4	85724065	85724414	0.000227327971994821000
chr5	156690796	156691755	0.000036899646163645600
chr4	83436999	83438155	0.000430737134697977000
chr14	74207856	74208225	0.000032212060932392400
chr1	159823687	159825173	0.000197138665687542000
chr3	72308857	72309147	0.000021479458413839000
chr2	225809244	225809808	0.000360024510302703000
chr20	1789945	1790241	0.000342143684042862000
chr5	82673283	82673625	0.000355033420348575000
chr2	37853030	37853482	0.000037444442559997700
chr3	154741330	154741932	0.000084230943081600200
chr3	106959817	106960066	0.000030026292460482700
chr16	54970302	54970523	0.004368103030169970000
chr17	61753102	61753497	0.000018065396973633000
chr5	138860810	138861241	0.003490979677963000000
chr14	104372267	104372322	0.000223474155655452000
chr12	45444420	45445864	0.008741396002093380000
chr20	22564908	22565995	0.002897600617634240000
chr13	113227080	113227678	0.000869805992278479000
chr1	59362343	59363158	0.014775617510268600000
chr3	52535213	52536035	0.000090381696270963000
chr12	50466510	50467739	0.006407707429056110000
chr1	182573155	182573524	0.007514875137988990000
chr2	153309866	153310258	0.000023658455981057400
chr11	69151974	69152387	0.001481362657025150000
chr2	224330409	224330709	0.000020042583495041600
chr6	31832173	31833452	0.000421042853104702000
chr13	61989037	61990113	0.001135150233729990000
chr1	113265410	113265883	0.000116415411653665000
chr22	40915746	40915817	0.000177191486928173000
chr1	32155143	32155667	0.000643760632955698000
chr4	44449571	44450358	0.005928779243728360000
chr11	8833689	8833973	0.004341708642479540000
chr7	99950227	99951519	0.003438754850968280000
chr11	129800053	129800292	0.000064825781093757200
chr16	66835772	66836220	0.001873516396480130000
chr6	86159682	86160468	0.004436348093805800000
chr3	150300618	150301001	0.000224558407338038000
chr18	9771520	9772089	0.000145722403279296000
chr1	24523702	24524234	0.000269853810783012000
chr5	158654243	158654655	0.000170513738455069000
chr2	177356020	177356448	0.001091851086666200000
chr22	44421568	44421694	0.000023986870021719200
chr5	138749387	138750111	0.000061374663928216800
chr22	18049457	18049746	0.001201152548746660000
chr17	19606745	19606854	0.000024465806026703600
chr1	74662979	74663297	0.000187302149381387000
chr1	12508973	12509707	0.005133922999942750000
chr4	146401747	146402540	0.006168561184219250000
chr20	37650491	37650634	0.000381182273968635000
chr22	22597869	22599332	0.000476134473018147000
chr17	17685031	17685407	0.000105229632072350000
chr10	88426430	88427435	0.000452932362340498000
chr10	135204315	135204621	0.002788144928847580000
chr12	133239661	133241537	0.000177927811901375000
chr14	94581694	94582513	0.000273750434521110000
chr19	57078442	57079381	0.000679244023188134000
chr10	81030244	81030727	0.000062007825455566700
chr15	66116727	66117718	0.000044064393272521400
chr16	85560739	85561302	0.000131278178271582000
chr3	147113700	147115043	0.001892041625879600000
chr15	41198534	41198934	0.000020243670427857500
chr1	98404032	98404100	0.000195306624569602000
chr18	11179065	11179360	0.000054414602193848100
chr17	42854747	42854853	0.000167708462305339000
chr1	186708260	186708471	0.000013887430859566400
chr11	65638483	65638727	0.000031294001551409300
chr9	130910608	130911792	0.002655263042537540000
chr17	9929528	9930194	0.014664389830695500000
chr1	8180911	8181647	0.000932416129604080000
chr8	56015066	56015785	0.007645414659584850000
chr17	27397005	27397800	0.002380064833374670000
chr14	55226438	55227154	0.000051912314265877400
chr4	170263013	170263544	0.000041380063014735300
chr19	8367077	8367881	0.000332657216469445000
chr10	28955341	28956172	0.001121514478400470000
chr10	31986182	31987230	0.000951906219543133000
chr7	56174888	56175522	0.001593035925534830000
chr3	11861650	11862088	0.000023688208773046800
chr1	120229863	120230026	0.000234262276076681000
chr2	40009501	40009874	0.000038176884244436200
chr14	105860954	105861260	0.000053130267865033600
chr16	85478580	85479301	0.009793748218203380000
chr16	29678624	29679204	0.000897532576745393000
chr22	21076017	21076342	0.000054320025114237500
chr9	135852984	135854246	0.003461893669647680000
chr19	10840169	10840295	0.000064129413768977800
chr7	44189684	44190259	0.000802609120075153000
chr2	70163972	70164495	0.000486415389675109000
chr3	195171693	195171852	0.000200008462153212000
chr2	23555307	23555751	0.000078446502224732000
chr17	26383044	26384317	0.000069406194956079700
chr1	110294350	110295022	0.000052615412771326600
chr5	145941322	145941561	0.000112621686388602000
chr14	23566200	23566312	0.000076110859392454600
chr12	109530080	109531279	0.001128267616897450000
chr16	66887291	66888083	0.009730075361989720000
chr8	133773744	133774288	0.000022143038960646600
chr7	121512943	121513944	0.020141040817279600000
chr12	57386819	57387400	0.000395839808824675000
chr13	76104330	76104674	0.000015159661219773600
chr18	47015710	47016182	0.000168118624683015000
chr8	145097639	145097687	0.000124688649929781000
chr5	169308566	169309008	0.000039186330119175400
chr2	46897669	46897833	0.000393587037255242000
chr19	14591033	14591345	0.000248312839672560000
chr4	84037262	84037336	0.000149727657837638000
chr5	73611882	73612203	0.000023358462273982100
chr5	177777391	177777704	0.000059011658640144300
chr6	30731397	30732347	0.000058699093375009700
chr19	6018779	6019110	0.000235131661618077000
chr20	31641646	31642282	0.010239403418762200000
chr2	196378157	196378188	0.000041590119275635300
chr10	75626843	75627620	0.001034169708289780000
chr9	23825847	23826507	0.005674037914292590000
chr16	68334056	68334619	0.000340803564723905000
chr5	107005047	107005999	0.000142094847602705000
chr14	82090632	82090748	0.000010254048819245200
chr17	60731254	60731885	0.000159316360439392000
chr15	67316861	67317639	0.000100246414362452000
chr16	27437584	27437900	0.000834608074675661000
chr8	21908022	21909033	0.001106400801364330000
chr1	2839763	2840308	0.000251427358450904000
chr5	141487482	141488201	0.011532837373324500000
chr19	42627608	42627684	0.000630910224515537000
chr3	133646065	133646504	0.000661354712498282000
chr14	101908360	101908998	0.007963639760840610000
chr9	92216472	92216935	0.000297785043307183000
chr18	43915649	43915901	0.001501762017908630000
chr7	76056547	76056967	0.000146376495612275000
chr20	3778655	3780586	0.002410603935363290000
chr2	36780691	36780705	0.002519836050039570000
chr2	24577291	24578049	0.000091512040196273800
chr13	101232677	101233538	0.000570697300124102000
chr20	4172918	4173535	0.001896573160661380000
chr17	8629735	8629854	0.000022760739201266300
chr14	101530537	101531947	0.000862497222924234000
chr17	39974868	39974945	0.000045474076790034200
chr9	132596799	132597220	0.000811043398209719000
chr11	5020096	5020582	0.000947341925561327000
chr8	103990325	103991072	0.000134685330595690000
chr14	23029619	23030012	0.000046674650168130400
chr12	16063556	16063771	0.000019752587955824200
chr22	36775752	36776109	0.000089062510733774800
chr11	47359839	47360291	0.000370961706490743000
chr11	64563983	64564834	0.004048178581768360000
chr2	219249807	219249918	0.000021544397465786300
chr3	25469430	25470113	0.000332167578565096000
chr17	6926003	6926742	0.000183197423311668000
chr9	93926074	93926553	0.000978424133147179000
chr16	12183789	12184307	0.001997144754147430000
chr8	74331668	74332829	0.005590059089506660000
chr20	22665657	22666291	0.004001328676039110000
chr2	23604202	23604258	0.000377876508228185000
chr2	174889675	174890570	0.005505126302520590000
chr1	7709065	7709234	0.000024769098836534100
chr20	30793018	30793354	0.000204918214376279000
chr11	64058325	64059307	0.011010469513354100000
chr17	79412137	79412788	0.000848408156035182000
chr5	138725482	138726375	0.000524835226482530000
chr13	99194582	99195339	0.000228455483742790000
chr4	53823843	53824110	0.000030196803952967000
chr10	103600266	103601006	0.002544297468346880000
chr17	59473456	59474078	0.002762953458383440000
chr17	32295488	32296153	0.000095982191094224700
chr17	79803202	79804422	0.014630578551790100000
chr1	8874984	8875053	0.000308066139920496000
chr10	71768720	71768803	0.000011821144123775700
chr12	116014329	116014459	0.000046929824980213100
chr20	1373593	1374514	0.000177752831296639000
chr4	2078341	2078818	0.000181756592255434000
chr7	38969118	38969353	0.000017203169443859700
chr2	42181511	42182115	0.000265402237922063000
chr1	117311712	117312085	0.000028554872487889500
chr2	240451506	240451894	0.000020038353056245500
chr10	6104137	6105656	0.000434838909506227000
chr1	160765919	160766535	0.000505410396366105000
chr10	91020467	91020829	0.000484998421113200000
chr11	70650456	70650521	0.000239757227258684000
chr3	194821854	194823465	0.000506534662778753000
chr10	88717364	88717623	0.003967790083088980000
chr2	60755359	60755743	0.000170164636004708000
chr1	110429593	110430016	0.000535825052012383000
chr14	94576048	94576148	0.000068634080146624200
chr1	43748142	43748663	0.000101604177798203000
chr11	2321770	2322329	0.042011825628863200000
chr11	45699393	45699694	0.000072018924454469900
chr3	145803659	145803956	0.000041357489830723700
chr1	17519808	17520216	0.000038708052958445900
chr14	23024312	23025474	0.001389816485665920000
chr22	25463866	25464836	0.002130861706884140000
chr1	3110815	3111908	0.000108935598013904000
chr8	38584462	38584896	0.000834328839338378000
chr1	24061612	24062089	0.000303687024046801000
chr5	10663596	10664029	0.000071230372946198200
chr21	28338889	28339907	0.013912635446243600000
chr1	25069833	25070672	0.000149171058681984000
chr6	36097191	36097981	0.000191993409294754000
chr6	13251024	13251854	0.000151515617982730000
chr9	134585033	134585801	0.015523183323380900000
chr3	195552341	195552429	0.000099860790333280900
chr18	70210433	70210955	0.003624016632705400000
chr21	35832694	35832950	0.000129852590484447000
chr3	42631429	42631642	0.000630632540634523000
chr10	102288311	102288810	0.000082274038522714500
chr17	20058243	20059344	0.005164033580152270000
chr17	78560478	78560916	0.000066321849300711500
chr20	49346624	49347371	0.001152215488790260000
chr17	1459159	1459521	0.000053824026373311100
chr13	99957639	99957973	0.000383071864281648000
chr11	128775685	128776548	0.002465139439059780000
chr6	11779817	11779941	0.002909458259385930000
chr10	57390536	57391427	0.000098705551840989600
chr3	53836983	53837332	0.000026637595731242100
chr1	193075191	193075640	0.001151594099078290000
chr19	35786580	35787193	0.013926680853036400000
chr2	64450285	64450561	0.000084198031302957400
chr7	150674012	150674980	0.000447670696359503000
chr17	16556559	16556992	0.000715040265323187000
chr9	130564509	130564883	0.000702469908014227000
chr5	180242568	180243026	0.000170758129738421000
chr3	123519116	123519402	0.000934721489792675000
chr1	95391359	95393429	0.011178705296385800000
chr6	110679107	110679832	0.000707719088493468000
chr16	11145493	11146606	0.000110814828484489000
chr11	124763926	124764510	0.000563250443895658000
chr15	74537514	74538030	0.002827795660434930000
chr1	6420713	6421246	0.003958812582186920000
chr10	118031864	118033370	0.025239831216641800000
chr5	149688578	149689279	0.000035731529191200500
chr16	21658497	21658718	0.000550965478449851000
chr18	66507884	66508256	0.000031293242810409200
chr20	42187415	42187837	0.000027040856104991500
chr5	58652602	58653738	0.015064158244885800000
chr10	115327005	115327194	0.000122637290064628000
chr20	60590872	60591097	0.000306446751469775000
chr12	76372038	76373265	0.000385134044451000000
chr15	44750857	44750869	0.000219222134799334000
chr2	89161256	89161985	0.000617228532162536000
chr2	178030129	178030199	0.000494992848782257000
chr8	48812276	48812660	0.000125367976691427000
chr15	33602455	33603610	0.005368729507417460000
chr11	64948062	64948848	0.002056522562234040000
chr5	1536491	1537611	0.000335792294340240000
chr1	209570901	209571833	0.001151311767235470000
chr11	44330903	44331978	0.009219870777898910000
chr6	157942421	157942704	0.000229139114527621000
chr6	138053459	138053738	0.000016720607405381100
chr22	38131648	38132097	0.000026148642307107800
chr17	7348316	7348829	0.026161887159707500000
chr10	31288287	31290023	0.002019733578825140000
chr15	31341464	31341548	0.000453358664171339000
chr10	3307759	3307763	0.000115657480249179000
chr14	69262391	69263504	0.004537637337093690000
chr3	169588423	169589175	0.000069232093337906500
chr12	89777963	89778485	0.000318360475163441000
chr6	45387257	45387932	0.006174755890214470000
chr7	7220957	7221358	0.000192257521423594000
chr1	183239888	183240136	0.000022294411105100300
chr2	162929318	162929832	0.000663524624446621000
chr14	62129058	62129449	0.000030541931473354300
chr12	13248548	13249133	0.002890105983815540000
chr2	16704265	16704448	0.000245279815824841000
chr15	51973361	51973920	0.000502753293623543000
chr16	2286370	2287294	0.010782287282600900000
chr9	130341161	130341480	0.002291523132595770000
chr3	159726855	159726973	0.001317397034635420000
chr5	54916621	54917216	0.000103786670323908000
chr17	21356311	21356653	0.000036767588936066700
chr15	42693448	42694231	0.007635412541292810000
chr7	96655501	96656358	0.000169826502010977000
chr1	246952914	246953884	0.000232459983047998000
chr16	30688961	30689953	0.000569030727140621000
chr15	35046760	35047942	0.007139376357057100000
chr11	105962160	105962468	0.000031989174160833300
chr7	5536937	5537126	0.000358397984891760000
chr1	22232849	22233389	0.000064071373333508200
chr2	42123537	42123725	0.000125630054016975000
chr4	128553617	128554327	0.004225469614859650000
chr12	116773963	116774745	0.000135672268135588000
chr22	43608088	43608640	0.000168577432478402000
chr5	39224442	39224842	0.000035892817624993200
chr1	14924077	14924611	0.000136952031281329000
chr5	149357521	149357747	0.000014484327094074900
chr1	204981786	204982603	0.000396017467271983000
chr1	170633508	170634177	0.000818414370490596000
chr3	27770852	27772805	0.004914212497225370000
chr4	82135607	82136597	0.011081936246862600000
chr1	211859183	211859777	0.001387545367445290000
chr6	105907265	105907765	0.000339961523404663000
chr11	124629580	124629925	0.001519572538561900000
chr1	32827389	32828191	0.003165686334301530000
chr22	37428975	37429269	0.000395076869071757000
chr7	157089894	157090659	0.001455252587596770000
chr17	16386700	16386804	0.000046697957379148600
chr1	111019785	111020066	0.000022693317682033800
chr16	68451654	68451778	0.000066327703268452700
chr2	174085985	174086439	0.000027776233712426700
chr5	39543678	39543818	0.000040827359412167000
chr19	33726655	33727145	0.000132608746157649000
chr6	108053402	108054130	0.003242956145512930000
chr20	708630	709094	0.000994595316878787000
chr15	43508309	43508773	0.000185010112002050000
chr15	75400438	75400931	0.000061359464783306500
chr10	50945921	50946320	0.000259437840429557000
chr1	8271918	8272277	0.002652069842695510000
chr19	42342974	42343444	0.000534573159104703000
chr15	51705859	51706109	0.000253883899875110000
chr17	80550633	80551207	0.003623021300191260000
chr3	39234924	39235366	0.000070797687935993900
chr11	33774898	33775208	0.000309138387302148000
chr6	34361405	34361621	0.000076381696487062700
chr16	30366960	30367660	0.002303456891715770000
chr14	55595227	55595320	0.000374990995236317000
chr1	209897614	209897837	0.002888911081831980000
chr20	62666862	62666983	0.002618003626576140000
chr10	81708991	81709191	0.000322796878672140000
chr2	69396932	69397300	0.000319499482757148000
chr7	1272710	1273394	0.008251774968766900000
chr4	6380399	6380983	0.000061629765073140400
chr2	242174625	242174889	0.000873299585615062000
chr3	71084623	71084634	0.000322568789683163000
chr10	74034644	74034667	0.007355997643459320000
chr17	32595801	32596214	0.000162267866843614000
chr18	8784192	8784658	0.000435428557042314000
chr14	105420920	105421455	0.000491630054675041000
chr21	39579028	39579277	0.000040901866839421700
chr1	204110759	204111253	0.002598894314593900000
chr1	200993311	200994098	0.000369012686530123000
chr20	47474823	47475046	0.000013370161175521900
chr1	202828149	202828382	0.000040661266764943500
chr7	26589398	26589535	0.000061158089087947400
chr1	40098251	40099370	0.021580021077112900000
chr7	130125200	130125976	0.000215855012251843000
chr11	57193487	57194120	0.000171857696375961000
chr22	50455653	50455857	0.000463980758548598000
chr9	120466347	120466837	0.001016322641930420000
chr12	48690449	48691036	0.001453630325949060000
chr8	103249036	103249853	0.000263615648751882000
chr15	72408573	72409472	0.001069111435058520000
chr22	37256900	37257124	0.000065293049514818100
chr21	36216530	36217108	0.000067809296696724700
chr9	132572181	132572700	0.000804755523941776000
chr13	31941647	31942544	0.000143119008907269000
chr11	45721853	45722809	0.000184054674572051000
chr1	153348305	153348911	0.001148399989084620000
chr17	263096	264062	0.007776204897519590000
chr11	69231161	69231741	0.000150315301003581000
chr1	177133536	177134266	0.030953778496920700000
chr6	134304789	134304883	0.000068440664790910300
chr12	94170683	94171127	0.000104325480645057000
chr8	92220385	92221057	0.000090309593212905700
chr2	28788949	28789262	0.000948931410974415000
chr5	171807791	171808200	0.000075198752645754000
chr3	50379908	50379973	0.005740192166461970000
chr17	40838861	40840012	0.009883739797039340000
chr22	31522176	31522712	0.000048415716059386700
chr7	2903855	2904037	0.000245835526891361000
chr10	86001154	86001560	0.009080840797648240000
chr22	39353495	39353650	0.001639175278197060000
chr19	10915865	10916352	0.000034373413799292500
chr17	37308278	37309177	0.001243139608825530000
chr8	26247372	26247802	0.000026396932124011600
chr20	3632197	3633539	0.000096515184830769700
chr8	140945782	140945843	0.000269243060507771000
chr19	30719149	30719547	0.000299502310640563000
chr11	1884899	1885238	0.003390282412273440000
chr21	37948808	37949239	0.000402618739628798000
chr14	35809129	35809151	0.000369857734509166000
chr6	38449346	38450334	0.000173787019420492000
chr12	107167543	107167921	0.000704431546968183000
chr1	180202256	180202784	0.000640180539789720000
chr3	195782203	195782538	0.000029590846694236600
chr16	1665094	1665950	0.000490637159762159000
chr10	11846900	11847111	0.001034492277364580000
chr2	121628245	121628961	0.000285568023160488000
chr14	99715200	99715826	0.000287957668560636000
chr12	52760654	52761885	0.004542299267026250000
chr22	17566989	17567287	0.000026695094447805600
chr2	72371477	72372167	0.000298274083916837000
chr15	26044116	26044289	0.000251568178882208000
chr1	235922479	235922666	0.000066394334660203300
chr14	61937489	61938004	0.000056994237092206000
chr11	942415	943077	0.000507294902290928000
chr9	124328327	124328579	0.000280997945587913000
chr3	72487146	72487886	0.000180551750616487000
chr21	47268670	47269180	0.003996310301962200000
chr20	31036723	31037515	0.001024782930526740000
chr17	77934677	77934934	0.000079544310229394200
chr13	52548913	52549041	0.000084550920048130600
chr14	50810773	50810863	0.000274808181958011000
chr4	15374950	15375866	0.002127017465567510000
chr22	23933841	23933959	0.000536592086267128000
chr1	231799060	231799423	0.000148413180993381000
chr2	33662764	33663160	0.000100359222928778000
chr5	173146421	173147208	0.000376999408171407000
chr10	80889044	80889523	0.000040564780682490600
chr14	78031892	78032088	0.000061019225395834600
chr1	154516508	154516717	0.000016810653529081200
chr14	101311744	101311834	0.000022740215229162300
chr10	4093393	4093925	0.008359321405711690000
chr3	14987434	14987939	0.000488737682539418000
chr10	11856182	11856506	0.000185094428958280000
chr15	63623836	63624647	0.006372276481614230000
chr17	31254544	31255268	0.001644755150783000000
chr17	79421644	79422586	0.000413027034595149000
chr3	32470351	32470449	0.000300157447587626000
chr15	55665153	55665236	0.000234690071344796000
chr3	154579208	154579715	0.000549914904667835000
chr1	158748237	158748542	0.000035445390375876500
chr8	38563189	38563363	0.000111335034071458000
chr7	65542775	65543242	0.000261247068067374000
chr5	173285610	173286145	0.000177384452545008000
chr7	624656	625136	0.000264662780899700000
chr20	21502728	21503536	0.003614951233875020000
chr1	11508167	11508268	0.000035079704345379200
chr12	6297737	6298436	0.000212583912412152000
chr4	108614536	108615003	0.000144119859804353000
chr18	13375087	13375540	0.004661553729019200000
chr12	130387821	130388234	0.001309286044905280000
chr22	40305605	40306116	0.000057784664734908200
chr20	30196119	30196714	0.000654206781353106000
chr2	70629122	70629164	0.000010363139963794300
chr17	35297752	35298199	0.000416033888063881000
chr5	72528111	72529127	0.003401881738714530000
chr5	16784821	16785135	0.000118302317130553000
chr13	24007434	24007836	0.000793852955443212000
chr16	85981336	85981947	0.001722582885646580000
chr9	130624974	130625817	0.000094224742374824600
chr6	38682507	38683221	0.001981588749955270000
chr1	3087072	3087999	0.007991035581124460000
chr1	156393917	156394727	0.000109618874928555000
chr1	38316406	38317948	0.000068294734738893800
chr11	62104020	62105807	0.000549075940627392000
chr8	38259567	38259904	0.000209420815428469000
chr8	22018172	22019181	0.000567273927448712000
chr11	34936781	34937136	0.000394592802812851000
chr6	24996846	24997291	0.000072203194925981000
chr17	42164433	42164500	0.000456557412662701000
chr3	48408093	48408202	0.001560723467429070000
chr22	30943494	30943828	0.000212774841049276000
chr21	44071404	44072026	0.000929659957309334000
chr15	101738274	101738616	0.001034713549058110000
chr7	27166760	27167828	0.002347072579150850000
chr13	20994066	20994634	0.000676056049785856000
chr1	1689452	1690610	0.006007314116151130000
chr15	89939252	89939709	0.000215046676347621000
chr6	41861990	41862204	0.000164660320735751000
chr4	54974886	54975677	0.000329633578555020000
chr20	2794877	2795601	0.000186849893016053000
chr8	96066634	96067038	0.000066459192489444200
chr22	38180887	38181236	0.000465768837737206000
chr17	78061119	78061443	0.000319983088333433000
chr10	104153568	104154300	0.008080803527434500000
chr2	31454631	31455890	0.003446021915628410000
chr2	231035504	231035718	0.000051319080723814900
chr13	51899383	51899979	0.000107675673850097000
chr2	40165558	40165857	0.000140656724939892000
chr8	90797090	90797399	0.000082656353896049600
chr9	88742299	88742412	0.000370429677576021000
chr1	10999507	10999921	0.000076511935608376000
chr4	79472939	79473488	0.001168957026727170000
chr5	131999237	132000045	0.003663958454407800000
chr2	223757281	223757668	0.000035470770770663200
chr6	46713363	46713732	0.001038305552796610000
chr7	151492698	151492863	0.000042390582631200600
chr15	57671034	57671053	0.000318499767068919000
chr3	187870621	187871034	0.005117512389417950000
chr13	58205660	58206472	0.000483667878487832000
chr11	27371943	27373021	0.000326016339750958000
chr10	131701292	131701367	0.000055871983214422000
chr3	38010391	38010902	0.000032960552715915800
chr7	2763915	2765084	0.008891000699259390000
chr10	43569045	43569142	0.000017047002864776500
chr3	128710390	128710863	0.001066040255483440000
chr15	79297159	79298769	0.013214381285510700000
chr1	155147160	155147431	0.001844870629602370000
chr1	81771553	81772046	0.000294863160848210000
chr20	1800079	1801483	0.000163183815753816000
chr13	110304327	110304798	0.000032451449300464700
chr5	58571113	58572059	0.004212460275715220000
chr17	30615480	30615925	0.000054013055457504300
chr1	192408606	192408849	0.002699068160496550000
chr6	42891866	42892367	0.000058329736296214500
chr12	96648325	96649103	0.000308365327455870000
chr18	12911138	12911711	0.000874212315084361000
chr17	78681826	78683082	0.000554447704838518000
chr10	82036111	82036320	0.000017298771785371500
chr1	158604822	158605757	0.000129722188599595000
chr6	32906460	32906734	0.000545669700118377000
chr1	75601336	75602857	0.006977225843620930000
chr4	88140261	88140436	0.000111615015873421000
chr9	132146083	132146481	0.000059526555513680600
chr2	8641102	8641471	0.000037581479947850300
chr3	170373163	170373297	0.001160965669289440000
chr17	72458906	72458986	0.000049422148955001300
chr4	101111037	101112040	0.005047967979797010000
chr14	70650823	70651043	0.000042671847427142600
chr4	14691046	14691168	0.000024893480332880500
chr16	2068076	2068157	0.000511484342604341000
chr20	9197593	9198363	0.000325461157912381000
chr17	1664630	1665303	0.002593960129270810000
chr2	69098272	69098569	0.000117142884551899000
chr2	158103056	158103335	0.000026453950572749000
chr8	21859910	21860395	0.000361441309454292000
chr6	136172553	136173085	0.004874167668302810000
chr1	51731173	51731325	0.000045697898029436800
chr7	23385393	23385684	0.000030550445091775200
chr4	24811605	24811770	0.000017976923580425100
chr20	62711729	62712394	0.000221654117073214000
chr2	190446080	190446792	0.004593570256555850000
chr2	223163033	223163809	0.008641723998750250000
chr17	65039167	65040101	0.006960984403007840000
chr17	3337427	3337719	0.001292095063756890000
chr4	185777042	185777688	0.000979675404796242000
chr1	61545546	61546247	0.001888070777656290000
chr3	157260593	157261595	0.004869350260065250000
chr1	234659079	234659547	0.000521218131999297000
chr1	9375627	9376039	0.000045857624730615100
chr1	6268790	6269635	0.005230532741564260000
chr17	71308660	71308806	0.001837537274992420000
chr10	70766010	70767405	0.000334011393176571000
chr22	30476089	30476525	0.006521491023984190000
chr10	82168530	82168743	0.000103918540111421000
chr11	287938	288305	0.001818084074817950000
chr6	143176015	143176331	0.000041025125653187200
chr3	123512314	123512792	0.001002934952759950000
chr11	66488853	66489681	0.001213064575857380000
chr14	62068941	62069030	0.000046632742375876900
chr7	98479808	98479823	0.000622705065025888000
chr1	17304434	17305562	0.004137323748733010000
chr6	29496514	29497165	0.000075931751688010200
chr1	56961319	56961513	0.000154188125877304000
chr14	21055927	21055965	0.000194558633585110000
chr17	7486331	7487249	0.015195731905013300000
chr13	113633379	113633676	0.000300845950305992000
chr1	207070539	207071109	0.004013690296975240000
chr14	105614552	105614818	0.000035785975157143500
chr8	29631462	29631814	0.000044005373468107700
chr12	52579502	52579702	0.000770932154132491000
chr18	67067721	67068730	0.006655658340984870000
chr16	89477291	89477562	0.000454330527402069000
chr19	54584636	54585100	0.000503858674305238000
chr10	89503133	89503153	0.000026694578028355000
chr5	172202805	172203115	0.000060631084702656400
chr2	208104158	208104518	0.001912087441192640000
chr2	28304009	28304502	0.000337183466659091000
chr11	118313315	118314223	0.000082330682138888200
chr12	50321909	50323001	0.000262935366907429000
chr7	129598625	129598968	0.000039006881110752700
chr3	195959805	195959987	0.000062525065552095000
chr12	125223502	125223866	0.003708613998059530000
chr11	5538958	5539372	0.000236470816036744000
chr17	41843967	41844416	0.000466323017204373000
chr1	12238390	12238546	0.000102087135992335000
chr11	31839314	31839947	0.001413192497243620000
chr3	99594893	99595678	0.005917612836641660000
chr16	46781713	46783018	0.013984364967488000000
chr1	193428099	193428489	0.000031705215875721800
chr11	19224117	19224670	0.000366279029556310000
chr22	33402628	33402998	0.000036656341510100600
chr1	240031322	240031644	0.000419855206544834000
chr2	120435949	120436039	0.002510072013338590000
chr3	126259356	126259991	0.000597263620709718000
chr19	2235103	2235466	0.007493100102865810000
chr2	190522601	190522946	0.003944740505408760000
chr2	27194315	27194436	0.000202157945126968000
chr12	7042162	7042682	0.000735327401175998000
chr11	102459682	102459860	0.000214945698670537000
chr17	7111414	7111551	0.000019056861530804000
chr15	38351134	38351818	0.000214248564527640000
chr1	233749230	233750313	0.029460551839887300000
chr2	101593139	101593793	0.001549603439151120000
chr6	32154613	32155141	0.002372628546038670000
chr7	158805202	158805644	0.000369362538713843000
chr14	51710280	51710663	0.001393598557176840000
chr9	130689894	130690744	0.002571884792920350000
chr15	45350972	45351123	0.000317366743902939000
chr2	136394867	136395581	0.001027635660942890000
chr8	28912915	28913792	0.002103117138223300000
chr3	108014526	108015345	0.001948720258397300000
chr2	223166094	223166909	0.000529693074200153000
chr22	18314772	18315338	0.001150242710943610000
chr17	73901968	73902048	0.000332753354537946000
chr11	2481909	2482735	0.023665317244199100000
chr1	28269763	28270137	0.000043754839428122400
chr1	247495769	247496404	0.002731590597389970000
chr17	20943806	20944118	0.001182343849691930000
chr12	105135463	105136339	0.000106338227188494000
chr10	91056021	91056311	0.000021436992882409700
chr1	214160412	214160860	0.001104705284242380000
chr17	33817159	33817732	0.000992065962751563000
chr15	41850280	41850612	0.000064400491285446000
chr6	4774793	4775696	0.000347800262340136000
chr22	31202478	31203147	0.000131500707156068000
chr18	3811095	3811216	0.000165067560704058000
chr12	99288473	99289295	0.008007012667444730000
chr4	54928819	54928822	0.000510864797473804000
chr14	75987682	75988765	0.013537657152985000000
chr16	21205759	21206371	0.000871098530344630000
chr2	105593105	105593190	0.000079475891081313600
chr2	65605258	65605678	0.000049550945781733000
chr2	37471024	37471322	0.000023098450101713300
chr19	1057000	1057919	0.000101921690908327000
chr20	44807582	44807643	0.000069372007087924100
chr1	158054982	158055200	0.000038838032946754800
chr11	58967485	58967924	0.000047446615927196700
chr5	137581671	137582452	0.000212336873689888000
chr2	3695865	3695962	0.000221051770865075000
chr14	21483525	21483641	0.000148531176267735000
chr2	121981866	121982041	0.000088571022375338000
chr4	36283184	36283588	0.007211907600370300000
chr16	2879998	2880431	0.006643665274624010000
chr19	55792075	55793006	0.000953640858816622000
chr2	54900343	54901055	0.000482951951687779000
chr1	240064021	240064321	0.000035656313118605900
chr11	62211493	62212195	0.000395660881011384000
chr5	31800978	31801392	0.000154841150180741000
chr1	6475317	6475535	0.000613771949733051000
chr2	232173822	232173844	0.000365830504988509000
chr12	56191228	56191502	0.000379726949549114000
chr2	209010986	209012295	0.006882196278685680000
chr6	33589691	33590982	0.002672141348492420000
chr5	133585406	133585491	0.000018225874065452800
chr17	14095239	14095578	0.000462504760774509000
chr22	37584018	37584747	0.000240711582283052000
chr19	49258131	49259452	0.000180902896705531000
chr10	49647801	49648060	0.000887316962793376000
chr20	47393755	47393961	0.000629401075546884000
chr19	34112991	34113449	0.000378524849617950000
chr19	7766717	7767584	0.000337033596807352000
chr16	70612843	70613789	0.000298007715607486000
chr1	237433137	237433757	0.001267427807250090000
chr19	17413767	17413959	0.000045336572954780800
chr14	22994851	22995133	0.002405982027197390000
chr20	52489234	52489563	0.000048773460477456900
chr1	20739759	20740200	0.001206312137552580000
chr19	38794514	38794845	0.028690531916886200000
chr5	148667916	148668156	0.000031743411923836300
chr18	46144678	46145269	0.000464992653032878000
chr1	67659645	67660601	0.000092619732995274800
chr1	201181402	201182066	0.004423162211432410000
chr15	78928791	78929226	0.000480893162203106000
chr12	53847916	53849110	0.001397677266145380000
chr6	33243120	33244178	0.016049023975911000000
chr19	50000586	50001058	0.001597973083706250000
chr11	68607069	68608225	0.006164019721489950000
chr1	109734115	109734442	0.000122243310465674000
chr8	48272891	48273211	0.000024313610024065300
chr8	23261618	23262219	0.000361382915050922000
chr5	154010001	154010158	0.000058515509155455800
chr14	106457792	106458010	0.001068325523301350000
chr1	235183916	235184122	0.000382932836727624000
chr11	118743051	118743365	0.000443852595311405000
chr8	42248702	42249114	0.000935933132924476000
chr12	133182638	133183142	0.000167544200549247000
chr1	21671245	21671910	0.003271850750782790000
chr20	44048174	44048486	0.000087293890971162600
chr2	29175848	29175868	0.000115722428441242000
chr21	33634300	33635292	0.001269767306892310000
chr11	1945162	1945968	0.001001510189969730000
chr1	40029385	40030956	0.005498052545859270000
chr1	42785618	42786125	0.000413929618447052000
chr16	70719667	70720400	0.013300433146124200000
chr19	18128428	18128766	0.000024492957069972200
chr1	17633681	17634716	0.001473522646789290000
chr5	148442554	148442999	0.001914858036049680000
chr7	136553595	136556271	0.015878047962733800000
chr16	49674772	49675616	0.000053400296974115600
chr17	53351050	53351094	0.000366551602498384000
chr12	124718401	124718939	0.001496497225277080000
chr19	42502731	42503412	0.005397143932124490000
chr10	129794994	129795003	0.000641141077191548000
chr14	103469348	103469879	0.001633245166733740000
chr4	141419915	141420647	0.000788353800399327000
chr20	23029287	23030533	0.033158398750944200000
chr1	35245523	35246223	0.000079266942916447900
chr1	117396695	117397317	0.000083152525350444500
chr12	50366280	50366624	0.007512140782835230000
chr4	6927183	6928241	0.002475049348353200000
chr4	153601349	153602251	0.003735822318406270000
chr15	52385896	52386161	0.000052817196913856600
chr11	72948797	72949851	0.000061611928869623500
chr2	85828930	85829320	0.000836565854905394000
chr5	149887008	149887787	0.004149072831585190000
chr6	33080500	33081351	0.000844190327739454000
chr2	29438753	29439321	0.000029584174093685700
chr14	91010168	91010398	0.000341560760262163000
chr10	48389795	48389841	0.000207692484614092000
chr1	160809494	160809639	0.002011335212104780000
chr12	2041581	2041707	0.000017702261394929800
chr4	186306032	186306065	0.000024656017739048900
chr10	76858549	76859441	0.002499344010175010000
chr22	37404577	37405378	0.000071226178851694800
chr10	43697521	43697849	0.000047589912101845700
chr1	25360341	25360712	0.000219260562859919000
chr5	100115478	100115829	0.000100467533231232000
chr12	45970012	45970082	0.000664829578238361000
chr13	114128417	114129039	0.003405858084230010000
chr6	33287100	33288773	0.021188171155634000000
chr1	56972367	56974377	0.000518115743498035000
chr8	29419809	29419988	0.000185403470513052000
chr1	11994251	11994697	0.002942272548555580000
chr9	140065568	140066754	0.004114476389339170000
chr19	39303506	39304002	0.002293800065678020000
chr2	98485355	98486185	0.000792960808818634000
chr15	41191138	41191689	0.001478985611583900000
chr16	29311696	29312066	0.000031297138194077800
chr15	51631024	51631687	0.000077365192485784600
chr7	44348318	44348976	0.000090300258593646900
chr1	174933478	174933932	0.004403149838974330000
chr17	76899257	76900295	0.001205242202675740000
chr21	35917600	35918104	0.000113730441270247000
chr1	1148973	1149724	0.012830759727894800000
chr7	50628822	50630083	0.002235816846184290000
chr7	107299935	107300718	0.000174520942163536000
chr12	133286202	133286970	0.001625051588921700000
chr6	10434343	10434907	0.001490398381139030000
chr12	132324688	132325615	0.000500077263296495000
chr19	6433768	6434233	0.002308211025828690000
chr8	72987499	72988331	0.001909078983220590000
chr1	160343604	160343735	0.001849131668796800000
chr10	95372040	95372462	0.006646160754862930000
chr16	85100182	85101187	0.000281761159404522000
chr15	80738417	80738822	0.000040007601204780000
chr15	100258023	100258462	0.000145190129239165000
chr1	2900163	2900570	0.000116375954074107000
chr11	77013885	77013939	0.000993771198890786000
chr10	101418244	101418483	0.001150180154221660000
chr12	56914153	56914766	0.000068657366317639200
chr7	3457425	3458538	0.000101085590920712000
chr7	871984	872797	0.004968118149944920000
chr11	74870090	74870452	0.000113655825066034000
chr19	4901791	4902899	0.001740862358549370000
chr19	418899	419190	0.000809106247659483000
chr15	31508820	31508943	0.000246354780656719000
chr5	167857057	167857800	0.000180873179926694000
chr14	101451739	101452433	0.000099710554612088200
chr8	25177641	25178031	0.000057041857726701800
chr3	16977485	16978258	0.000161826848024970000
chr1	156594688	156595461	0.000205809879120426000
chr14	100223781	100224491	0.000755362372337355000
chr17	73996423	73997417	0.007041897658995080000
chr20	19738018	19739772	0.002097905712100900000
chr11	76469889	76470635	0.000186641297791571000
chr20	1612808	1614462	0.000094417558799164000
chr6	109034082	109035178	0.000225606342854660000
chr16	4673918	4674352	0.007872783902042950000
chr2	45235241	45236019	0.000127813238594314000
chr16	88038949	88039257	0.000684590988737264000
chr12	52829316	52829383	0.000062199338011020500
chr4	77137900	77138258	0.000388796426908990000
chr14	103432390	103433138	0.002509014009011940000
chr11	60637061	60637860	0.002932009399552230000
chr10	22216056	22216647	0.000548731722962156000
chr19	54498336	54498824	0.000345188421368743000
chr3	12512848	12512896	0.000025212864422922600
chr11	61739400	61740158	0.000169260251260240000
chr15	101677685	101678038	0.000056507796656050600
chr17	44292685	44292898	0.000105458495513890000
chr1	159173216	159173540	0.000456334745180363000
chr16	16119200	16119418	0.000126642936540404000
chr3	62432102	62432339	0.000056638442389322400
chr11	70117429	70117714	0.000059516107854862200
chr7	2653651	2654420	0.001103409411126700000
chr4	7657303	7657915	0.002997948778764930000
chr1	223403446	223404230	0.003032750747208410000
chr2	28660207	28660562	0.000081034229549918200
chr11	65102417	65102891	0.000195457046545964000
chr3	12219504	12219682	0.000019893942827977700
chr1	8443239	8443425	0.000308724875385835000
chr16	78131862	78132249	0.000088594463902560500
chr9	127042684	127042860	0.000036932264009985100
chr14	23630709	23631202	0.000144411570915109000
chr6	16805426	16805546	0.000024805055146264200
chr8	107669382	107669783	0.000238486847775915000
chr12	113537607	113537933	0.000072168987036974600
chr17	37856147	37857070	0.008719599715777180000
chr18	29172689	29172936	0.000093827442856166900
chr19	47840110	47840366	0.000729269589926048000
chr6	32043561	32044869	0.006853330848804750000
chr6	157369020	157369304	0.000040143827757731900
chr17	28687067	28687290	0.000022926493170540100
chr1	247614654	247615443	0.000815765615799302000
chr17	836474	837017	0.001184443360369460000
chr6	10514341	10515233	0.000198500282767340000
chr12	7171203	7171355	0.000019350825327272600
chr18	9474143	9474234	0.000087486190145581200
chr2	196520930	196520943	0.000536986416182240000
chr8	53321682	53322694	0.002786325229802050000
chr8	87878605	87878728	0.000875770724310665000
chr1	226830923	226831503	0.000953767706110604000
chr5	1931058	1932098	0.001021350092407070000
chr12	26150045	26150525	0.000415958022744870000
chr1	55151508	55151898	0.000088553589589761300
chr16	31465223	31465386	0.000588744888073472000
chr3	38663937	38664257	0.000035545509861317200
chr4	103266893	103267084	0.000095572098281147700
chr14	23284518	23284968	0.000133129120320486000
chr17	40693360	40693542	0.000115067710619182000
chr8	130577448	130577671	0.000116447824553082000
chr10	29976889	29977335	0.000700948089564672000
chr18	55421947	55422008	0.001259217768107860000
chr9	132805668	132806108	0.001325647561932950000
chr16	89381904	89382370	0.001805014812464900000
chr1	990293	990557	0.000054402518201302700
chr2	55246602	55246777	0.000355842682843149000
chr1	7710719	7711138	0.000689016480820235000
chr1	35915171	35915735	0.000269732300759663000
chr1	70033389	70034491	0.041818523711677700000
chr1	110734136	110735174	0.000706410461967326000
chr19	35991454	35991581	0.001082418332267380000
chr3	129692836	129694665	0.002576346295936870000
chr7	137352173	137353032	0.001167704846988830000
chr17	9602953	9603340	0.000355159368167626000
chr15	90380255	90380258	0.000464598350921566000
chr8	67696597	67697201	0.000547969528686544000
chr5	94501841	94501883	0.000445248088250362000
chr4	169751983	169752455	0.002169192330042680000
chr20	6940720	6940868	0.000027884027087547000
chr17	11143830	11144509	0.017989028497908900000
chr16	67202963	67203222	0.000051503804125774900
chr6	111279446	111279964	0.006316289353167890000
chr16	87588559	87588893	0.000735257168230436000
chr1	49224754	49224970	0.004236502631417560000
chr5	110088130	110088909	0.000786746671676649000
chr4	83209071	83209752	0.000236342559364457000
chr6	156821833	156822082	0.000017878247728324500
chr18	34338496	34338686	0.000140225129500967000
chr19	48800382	48800755	0.000094792905272079100
chr5	10421654	10422178	0.000180295832013176000
chr5	177859023	177859234	0.000068613373419076100
chr3	168268421	168269152	0.000579329654373297000
chr14	100952457	100953120	0.003957192308810240000
chr4	5709858	5710767	0.026665275048095400000
chr18	5196397	5197071	0.011612736513875900000
chr15	45427009	45427297	0.000043621738933294100
chr1	6649009	6649337	0.000086933553942556400
chr12	92464984	92465429	0.000087639690979150000
chr2	74919244	74919443	0.000032690725945031400
chr10	75351367	75351888	0.001327030637017090000
chr6	160374304	160374621	0.000181854513029900000
chr13	51855006	51855413	0.000042136576876761300
chr17	9368690	9368795	0.000791908265690118000
chr2	208259751	208260036	0.000032410986521673100
chr1	204695216	204695373	0.000198687094064399000
chr7	115879307	115879690	0.000041247812100394900
chr4	154386136	154386934	0.002227801941517790000
chr10	114666813	114667023	0.000024356263405528700
chr3	169756530	169756818	0.000083683671117116800
chr4	41610944	41611109	0.000684140111730376000
chr10	81955971	81956231	0.000229449058234205000
chr7	18535072	18535973	0.038770789791905400000
chr20	31070190	31071225	0.000231116450337582000
chr2	47420454	47420867	0.000137507296343313000
chr1	95064909	95064974	0.000447319852457403000
chr1	224954040	224954584	0.010730531065403800000
chr5	66488838	66488992	0.000021328596129412500
chr4	2940966	2941760	0.000815125306481467000
chr12	40618284	40618575	0.000377353281950503000
chr4	101438804	101439383	0.000728710710866357000
chr2	240077557	240077990	0.000110805236496515000
chr10	62635155	62635639	0.000051822153274431400
chr3	150634542	150635383	0.001061785136020660000
chr20	3063586	3064015	0.000058418651045924200
chr5	174147915	174148519	0.007512758830030830000
chr11	32352728	32353565	0.001243943533605960000
chr18	2916738	2917509	0.000195236448247115000
chr6	41122081	41123396	0.002426962191068590000
chr4	185276361	185276573	0.000195046385926329000
chr1	154681394	154681901	0.003335432471292390000
chr1	41981735	41982392	0.005212633378212980000
chr6	143485938	143486011	0.002698466282598940000
chr3	50305561	50306456	0.000527833212860402000
chr5	53115489	53115644	0.002960029781737470000
chr15	45383543	45383943	0.000073508642296728300
chr1	198488561	198489263	0.001435487032258190000
chr16	67794288	67794319	0.000641134888724608000
chr14	89017615	89018372	0.002361012257803850000
chr10	74498571	74498683	0.000039920754905924500
chr11	75430322	75430368	0.000909462099246281000
chr2	180726697	180727677	0.004595056998079500000
chr6	7641144	7641451	0.000033865133108539300
chr9	130679915	130680123	0.000170886761416383000
chr1	165823725	165823772	0.000603688031949741000
chr7	143048240	143049069	0.001062428936218540000
chr16	29937675	29938588	0.001472244564365890000
chr6	25191406	25191829	0.000374899779273448000
chr13	99739316	99739382	0.000561210793291745000
chr17	79004850	79005662	0.025770081688952800000
chr22	28035064	28035524	0.005289692408030560000
chr12	113858831	113859182	0.000133142374794520000
chr11	111169795	111170648	0.033039603765687100000
chr12	8129632	8130007	0.000109887890482565000
chr8	123682301	123683736	0.000091783131666490200
chr8	42009223	42009622	0.001094154256160560000
chr1	174756086	174756146	0.000655110368401516000
chr19	54566838	54567279	0.008754796918905190000
chr20	62179752	62180168	0.000235588774984284000
chr11	120997680	120998006	0.000784632118524009000
chr1	113500329	113500384	0.000690874461584298000
chr19	15001993	15002202	0.000350820235823718000
chr16	90097645	90097761	0.001088406473835810000
chr12	10342643	10343433	0.002604685610437020000
chr11	120706375	120706637	0.000079372602584750800
chr10	328170	328209	0.003807948092165290000
chr1	167408509	167409198	0.017147616216189000000
chr1	203018871	203019655	0.000431500996703935000
chr16	78812407	78812460	0.000086103246834397700
chr10	104228081	104228593	0.000610414477338513000
chr2	172949281	172949870	0.005958537310394890000
chr12	94566062	94566784	0.000252584158490425000
chr15	71184279	71184758	0.003511332296524970000
chr4	184746611	184746764	0.000899834563104510000
chr15	30647196	30647452	0.000927293272266209000
chr2	192071202	192071523	0.000256592572399477000
chr14	77295455	77296476	0.000219979744150113000
chr4	78226862	78226903	0.000014968959256351300
chr6	29601398	29602390	0.002382481531785350000
chr22	19930437	19930802	0.000187111341519035000
chr11	59856225	59856358	0.001187341252996560000
chr1	234781700	234781920	0.000688959569109194000
chr3	123459423	123459525	0.000553349866020061000
chr21	42688191	42688675	0.002405784778358040000
chr6	36608111	36608549	0.000149203918586091000
chr8	129088888	129089293	0.000081506822281485100
chr6	17282065	17283113	0.000623933462324178000
chr17	76457640	76457764	0.000716852073682066000
chr1	152132450	152133193	0.001551053620227820000
chr16	27443933	27443941	0.000353016883406009000
chr4	169490513	169490924	0.000868842580286645000
chr12	131493258	131493891	0.000047316057621878300
chr15	77933688	77933992	0.001414250892624320000
chr10	110225900	110226387	0.000072832871044687600
chr5	169727643	169727897	0.000070386820457914700
chr3	126242379	126243401	0.011645547644395800000
chr1	51426110	51426414	0.000048894229885278400
chr8	6405105	6405472	0.000577018848692631000
chr8	134065658	134066590	0.000943393129529293000
chr8	103395266	103395625	0.000130308155782160000
chr1	29565099	29565306	0.000274836210163396000
chr4	174442812	174443865	0.007328806464233110000
chr5	16935695	16936478	0.011851207539567500000
chr6	24489770	24490221	0.001542692692914250000
chr7	134221667	134222183	0.000259879196886477000
chr5	57484208	57484248	0.000015947905434880200
chr2	113600739	113601124	0.000038147827463323800
chr3	9821816	9822123	0.000037326947009757500
chr6	30045041	30045280	0.001253211772885330000
chr1	147012684	147013020	0.000032241056005224600
chr15	65903707	65905093	0.000885929079234431000
chr13	30733388	30734052	0.000142959355586995000
chr13	80378331	80378505	0.003255892835257280000
chr2	238164371	238165425	0.000282622831284727000
chr10	81080404	81081399	0.000313199074861796000
chr11	59574962	59575226	0.002934235303686820000
chr1	47051752	47053057	0.000124444182661587000
chr12	15038440	15039432	0.006048861220609600000
chr8	128403369	128403642	0.000028737595296163400
chr7	6659785	6660095	0.000094228292581613100
chr3	194878096	194878552	0.000056850285975187700
chr6	22008819	22009091	0.000131578973017663000
chr3	64430390	64431584	0.003780329986304820000
chr9	19033306	19034017	0.004928062510093490000
chr5	82979041	82980344	0.000275254534941733000
chr7	72744662	72745074	0.000104604405298890000
chr16	70473447	70474046	0.002096330230898660000
chr8	80802929	80803365	0.000213449709689274000
chr7	1102138	1102428	0.001275044526827790000
chr16	57180054	57180848	0.002951619130953090000
chr17	79239572	79239903	0.000074459884887230600
chr1	59448553	59449033	0.000098125314843559100
chr9	137716550	137716985	0.000162993542575712000
chr17	10632715	10633067	0.002010404601822310000
chr2	25338212	25338955	0.001766293339169830000
chr19	35950442	35950799	0.000045392622681410700
chr19	49133845	49134105	0.000097214523394048000
chr18	77443723	77443784	0.000388052610698116000
chr18	3008771	3009125	0.000232149922770259000
chr17	40574819	40576220	0.013822727729603200000
chr11	1799651	1800410	0.008022986399767940000
chr8	65718920	65719068	0.000024845993825100700
chr22	50227466	50227722	0.000037621906946360200
chr17	3896977	3896999	0.000684355604713916000
chr8	1919130	1919501	0.000166794308892389000
chr10	118925349	118925818	0.004947050240815790000
chr17	25867303	25867613	0.000037512502248413600
chr14	105954821	105955143	0.000270462797941692000
chr11	19956991	19957373	0.000151271284245388000
chr12	58004448	58005758	0.009313965696342290000
chr12	5607385	5607455	0.000024119791158182200
chr5	176966237	176966387	0.000126491085099843000
chr10	126359887	126360266	0.000161546946942309000
chr1	15550792	15551055	0.000054068351625337400
chr11	67271660	67272010	0.000087385555372746600
chr11	17518106	17518482	0.000316177947939345000
chr1	110715477	110715900	0.000261529020229137000
chr7	106371890	106372161	0.000101570610174115000
chr17	56345257	56345839	0.000434582496246584000
chr7	44180361	44181294	0.003742597013165350000
chr11	2532782	2532836	0.000675701563062406000
chr4	6940902	6940915	0.000368328577228694000
chr16	84967481	84967585	0.000241270512727997000
chr14	23841104	23841513	0.000194597997078512000
chr6	37219263	37219486	0.000190551602158070000
chr3	15482242	15482647	0.001852760073782170000
chr19	39143287	39144278	0.001542395274871320000
chr8	96099956	96100187	0.002949012629254640000
chr1	167520305	167520923	0.000378335019246230000
chr1	59761954	59762542	0.002740272147753360000
chr16	58530614	58530655	0.000033483135306009900
chr9	139582673	139583150	0.001052217597559300000
chr6	166721759	166722248	0.000255645273165941000
chr5	156594400	156594725	0.004850857462257020000
chr1	13910138	13911093	0.026150558467869200000
chr3	15519117	15519578	0.000796245989503118000
chr6	34458902	34459027	0.000258161033667371000
chr10	118922194	118923701	0.004501607691804080000
chr3	193681882	193682169	0.000204048247040587000
chr4	8346218	8346645	0.000919327472842521000
chr3	153942348	153942432	0.000622809846225946000
chr2	159884261	159884482	0.000018503247730386800
chr8	1954777	1955214	0.002481978312576960000
chr5	60455790	60456037	0.000089920996572807700
chr6	144980804	144981203	0.001550996776796720000
chr6	30657882	30658551	0.000613927409175130000
chr7	98446609	98446784	0.000114519493952037000
chr1	109935710	109936194	0.000764376998903621000
chr13	33924137	33924927	0.001122612925962710000
chr10	122357300	122358450	0.000170220654193777000
chr10	43493303	43493460	0.000026675426532522200
chr16	16214419	16214726	0.000450923148435176000
chr12	1609245	1609741	0.000249310112895386000
chr11	128498131	128498673	0.001931967927505870000
chr11	76755154	76755547	0.000058348630098268700
chr3	123411782	123412055	0.000510213172288237000
chr16	68525329	68525465	0.000705197334587432000
chr4	81256493	81257269	0.001011884214396570000
chr7	193229	194000	0.001177975354536160000
chr20	42983727	42984209	0.000549272643820943000
chr3	141131788	141132146	0.000072717109691974000
chr1	156051007	156051683	0.000080935342845878900
chr7	50420285	50420719	0.000162975430136200000
chr2	43516024	43516267	0.000052275084203498900
chr12	29650574	29651041	0.011057862935943300000
chr2	85971548	85972061	0.000240242615861236000
chr21	45710296	45710640	0.001271079682685810000
chr9	92253441	92253636	0.000299219219818314000
chr10	65460017	65460155	0.000037967463737420000
chr8	103817498	103818062	0.008625817302751140000
chr4	141677674	141678312	0.000350577070274404000
chr12	114885161	114885621	0.000072473888404698700
chr2	208393204	208393332	0.000097626972125839800
chr1	238053972	238054816	0.000973846425791512000
chr19	11665102	11665451	0.001844141945800770000
chr17	37974860	37975073	0.000267900578412518000
chr5	251134	251288	0.000023789314133827600
chr1	90228362	90228758	0.000116406361875951000
chr7	82791634	82792411	0.005853868712701160000
chr11	111409769	111409847	0.000033483349810727100
chr11	134146910	134147525	0.006921662601584380000
chr5	131723239	131723499	0.000523416299499706000
chr1	247274709	247275743	0.007213799483308730000
chr6	43274578	43275674	0.000697601027539846000
chr17	79244158	79244542	0.000166732551275518000
chr15	40762407	40763247	0.000254613833245582000
chr19	41782099	41782183	0.001245610651277990000
chr9	91148748	91150624	0.004365745421310640000
chr16	14595555	14596062	0.000335126734958411000
chr12	1922058	1922255	0.004978546314396110000
chr11	64811775	64812414	0.008998900484896150000
chr13	74222746	74223145	0.000238616483013751000
chr18	34973921	34974549	0.011490457645083000000
chr1	9884565	9885039	0.041121030835342400000
chr2	9475534	9475832	0.000035886238660718000
chr16	89033692	89034292	0.001999135191713920000
chr1	1154853	1155026	0.001904491264671640000
chr1	160159670	160160766	0.003236597298966100000
chr11	67255424	67255752	0.000066400248946036500
chr14	99584199	99584939	0.000054793981185301500
chr5	179442284	179442399	0.000089128787144568600
chr18	2962968	2963259	0.000051899069956072400
chr2	219222315	219223002	0.000736226393669454000
chr2	27530363	27531320	0.045731295885436700000
chr17	55533254	55533389	0.000065960489242701800
chr15	93121689	93121940	0.000177163610623339000
chr19	1622838	1623075	0.000909703996743921000
chr10	70863693	70863740	0.000190173673106385000
chr9	8734148	8734288	0.000052084431466262600
chr3	40647006	40647406	0.000303038270078919000
chr9	110250612	110251095	0.003894736404365770000
chr2	10344980	10345003	0.000291007901150351000
chr2	39663624	39663782	0.000129831935680376000
chr6	11324030	11324433	0.000055992562555007700
chr11	62066533	62066715	0.000524143444089414000
chr11	121010969	121011453	0.001808416447412710000
chr20	33735834	33736177	0.003967125203498680000
chr14	23000141	23000539	0.000728939920568927000
chr21	46912423	46913057	0.016018126770139100000
chr17	72527515	72527724	0.012391005689878200000
chr19	19572954	19573143	0.000784353987789582000
chr11	64329383	64329824	0.000306149653112149000
chr16	89469541	89469729	0.001096726562074760000
chr7	50799978	50801423	0.003575411016674810000
chr5	177412586	177413557	0.001731179937869070000
chr13	115078489	115078941	0.000974594984794230000
chr2	17941268	17941593	0.000047438978358001400
chr13	21613414	21613416	0.000931346001812129000
chr2	223616186	223616268	0.000020173696139087400
chr19	46267068	46268509	0.001785686227588720000
chr7	156851221	156851774	0.000234830856913437000
chr19	45912637	45912979	0.000111857913673574000
chr1	236323243	236323313	0.000100545803779869000
chr1	23713973	23714373	0.003669685357315340000
chr1	94454318	94454989	0.000205324059764653000
chr8	61841755	61841952	0.000707141655867250000
chr2	208734940	208735200	0.000150364821824096000
chr16	28213673	28214090	0.000064402349865497700
chr16	27650786	27651109	0.000548292846640631000
chr2	238936238	238936673	0.000268714313615463000
chr21	42218551	42218964	0.001730863506200700000
chr6	151258337	151258879	0.000433810360331538000
chr6	152950812	152950866	0.000547471034406923000
chr12	104458784	104459106	0.000954880330552644000
chr7	44366202	44366652	0.000103895785416537000
chr1	235010536	235010674	0.000067571184312128800
chr1	179716449	179716731	0.000042584119926072300
chr7	73820613	73820652	0.000747366428274325000
chr2	105372007	105372789	0.002569294916635920000
chr8	17591744	17592019	0.000646275220727223000
chr14	75614414	75614844	0.000215891943217145000
chr10	73534286	73534338	0.000221938620664787000
chr16	28073818	28074670	0.000755321801474284000
chr7	101005832	101006573	0.011991859255760700000
chr17	25546334	25546353	0.000142947061404224000
chr21	42551539	42551990	0.001889638633933650000
chr17	37762391	37763000	0.004164614423956510000
chr20	17673737	17674579	0.000288047637774909000
chr13	114263342	114263737	0.001198988595001450000
chr19	52638207	52638734	0.000058838870836356500
chr10	103880659	103881068	0.003397560015049280000
chr2	219030123	219030898	0.000973868868207338000
chr11	16834800	16834902	0.000497412895933432000
chr21	44142546	44143035	0.000106446026962851000
chr12	63177404	63177894	0.000594026204828859000
chr1	242687018	242687527	0.003385667524059360000
chr16	66957496	66957868	0.000095678374088885200
chr9	117030294	117030918	0.000046944504691471300
chr3	49830420	49830623	0.000088131768127532200
chr4	38524849	38524875	0.004490339899802800000
chr14	21024443	21024898	0.000073059985157290300
chr2	219685584	219686008	0.000346094337471761000
chr1	3459949	3460467	0.003366275000914790000
chr22	42830856	42831015	0.000161217465771649000
chr15	50570103	50570473	0.000179588238178658000
chr21	44480044	44481002	0.002275001185903830000
chr12	123356761	123357517	0.000337381927879126000
chr20	42194581	42194975	0.001852028942901550000
chr2	8163501	8163761	0.000026793698473442200
chr17	79414215	79415034	0.008074282677828300000
chr7	45120840	45121144	0.000247316838012252000
chr19	45317294	45317345	0.000598274416874586000
chr7	44578565	44579475	0.002324404739621660000
chr5	146915334	146915558	0.000277289774776931000
chr11	19265869	19265989	0.000193107886820341000
chr5	179246575	179247688	0.001309497408916050000
chr13	111355112	111355635	0.000366398186166735000
chr14	70345801	70346221	0.011355930851986900000
chr17	76772363	76772464	0.000673349592444805000
chr11	130290939	130291156	0.000105604483906571000
chr1	154794919	154795400	0.000924333050238327000
chr9	92228948	92229384	0.000547141603634927000
chr6	139090474	139090836	0.000058630099666703300
chr4	6770403	6770946	0.000223665898243432000
chr20	4070556	4071004	0.000269113640866646000
chr10	112533628	112534277	0.000373603868527091000
chr13	49230605	49230980	0.000049420627887110400
chr5	152869009	152869431	0.000480908041030257000
chr19	15698550	15699028	0.000197290993019306000
chr12	55028756	55029495	0.000156791815748550000
chr5	77253378	77253990	0.017786123207546500000
chr13	21654291	21654772	0.000851011825471489000
chr18	35145473	35146393	0.008672681708556250000
chr1	47875039	47875440	0.000218537677133506000
chr8	92053320	92053718	0.001700102106202550000
chr4	185923877	185924141	0.002302412007853600000
chr2	237520134	237520421	0.000121867165680891000
chr6	133186478	133186695	0.000129929154724687000
chr7	102155527	102155539	0.000078417196813728000
chr4	41147318	41147543	0.000031297150857894200
chr7	138601935	138602549	0.002603732947720920000
chr16	10359864	10360788	0.000130403358280194000
chr1	32084329	32085118	0.003713245369187120000
chr20	34326973	34327466	0.002644146183925920000
chr12	12867669	12867916	0.001358652227582810000
chr14	88626774	88627084	0.001967979363613990000
chr12	73122996	73123947	0.000212182482335721000
chr5	55457410	55458099	0.000334361299595365000
chr7	129958736	129958858	0.000046439979933601600
chr11	122735061	122735271	0.000078566835948572000
chr17	7814172	7814251	0.000454912609927109000
chr8	130641185	130641349	0.000074819372231383600
chr11	2597564	2598347	0.001798353397824790000
chr8	72757456	72758095	0.003384122170256730000
chr5	60994303	60994563	0.000028943598672986300
chr2	74753312	74754237	0.013700359531586100000
chr14	65743867	65744457	0.000706675684760873000
chr3	71359311	71359873	0.000417941585475684000
chr10	52385225	52385600	0.000540977736952524000
chr6	169829949	169830859	0.001061206796778590000
chr11	117280371	117280644	0.000219834421609089000
chr20	48381542	48382233	0.001697337941521280000
chr5	42549416	42550142	0.001111936153701150000
chr4	115519436	115520072	0.013602177239956000000
chr11	118134801	118135407	0.006128395466057830000
chr6	109216983	109217365	0.000059802238154345400
chr13	49109917	49110351	0.000119707996339686000
chr19	16394366	16394774	0.001335320005875560000
chr7	7310899	7310992	0.000170884550365129000
chr1	234871253	234871477	0.001661221209924570000
chr13	26545816	26545823	0.000347872475302191000
chr12	56849045	56849618	0.000325503477665551000
chr9	139580482	139580970	0.001273126213426530000
chr10	134828123	134828962	0.000226598363219370000
chr3	130539675	130540113	0.000087472932507332200
chr14	94491958	94492008	0.002308428871547940000
chr12	4676482	4676791	0.000120323490180271000
chr14	91723888	91724548	0.003083827290080130000
chr8	11832039	11832762	0.001404105881211730000
chr17	36162433	36162828	0.002198287935767700000
chr1	67254085	67254182	0.000158408598504363000
chr3	128417740	128417935	0.000707645325027308000
chr2	239358563	239358907	0.000751185908037373000
chr7	29233468	29234082	0.000467471972410106000
chr10	73370347	73370656	0.000164486520980568000
chr17	47544465	47545378	0.000128506207685587000
chr17	48172957	48173234	0.000060523129176330100
chr1	101537255	101537712	0.000111275199631437000
chr2	45411462	45411645	0.000054649441179888900
chr19	7584241	7584404	0.000049414018830540000
chr22	17082581	17082772	0.000335486954687483000
chr12	58021309	58022029	0.000534092630388029000
chr9	131056737	131056763	0.000125391978204648000
chr9	127282445	127282567	0.000076404549028378500
chr2	136632610	136632970	0.000396192365270121000
chr1	32739049	32739752	0.004245069529356960000
chr1	157670220	157671177	0.023075453559966900000
chr3	5133902	5134159	0.000111242767229849000
chr1	32264286	32264703	0.016453347778497400000
chr7	29409889	29409904	0.000279318129983300000
chr11	3859306	3859870	0.004272392466795330000
chr10	105615502	105616094	0.001182262604003820000
chr4	10101400	10101553	0.000648604742026623000
chr9	135035970	135036217	0.000628707172486224000
chr9	8795664	8796063	0.000111864827839649000
chr10	99695981	99696260	0.000597106450773211000
chr8	144824233	144824658	0.000362156031257847000
chr1	16200518	16200541	0.001331687493316810000
chr18	3499253	3499813	0.001082709358740520000
chr22	17645330	17646263	0.001810872892760780000
chr7	129781429	129781681	0.000045387534340962500
chr2	241562085	241562757	0.016696390389905100000
chr5	123987667	123988226	0.001369256364522190000
chr19	52598653	52599032	0.002039359978451820000
chr14	73613981	73614540	0.000163166271794759000
chr18	61557687	61557735	0.000269985720721561000
chr13	30982428	30983495	0.001277672495850200000
chr16	22012404	22012956	0.005440932224707330000
chr2	178058209	178058419	0.000254926461556417000
chr17	47651453	47651990	0.000257099315224008000
chr2	198960918	198961554	0.000242256189893440000
chr9	140359339	140359477	0.000021846893624954200
chr7	128577080	128577926	0.018478035274279000000
chr14	70235567	70235788	0.000539366603181833000
chr11	121460778	121461085	0.003907336018024120000
chr10	30025782	30026143	0.003945178626452300000
chr3	128225898	128226818	0.002821981201000170000
chr9	116970845	116972431	0.000258938963718177000
chr4	2513597	2513755	0.000580949609184514000
chr3	172366813	172367191	0.000076409248029363200
chr4	83803759	83804018	0.000071951941453613800
chr12	121570559	121571068	0.000411574519557629000
chr14	106963462	106963876	0.013761310423154300000
chr11	58980502	58981095	0.007108589247973370000
chr2	208091665	208091961	0.000063539858603750700
chr6	90011790	90012538	0.000102705967623672000
chr11	57407421	57407842	0.000405325084248724000
chr2	68960656	68961495	0.000190948241913230000
chr1	4838170	4838436	0.000966185661741373000
chr2	48755777	48756584	0.005396677696952030000
chr16	1014424	1015103	0.029905288442450600000
chr2	241925937	241926608	0.000697204200003413000
chr8	128755270	128755294	0.000207940073338732000
chr20	58151913	58152373	0.005200893754069980000
chr1	7362873	7364224	0.000891945729991472000
chr15	83306789	83307126	0.000081950173189536000
chr17	65516746	65517223	0.001137604941580720000
chr3	52502445	52502766	0.000064146640981402000
chr2	25805233	25805546	0.000050066528571215600
chr1	19657280	19657386	0.000169771183777011000
chr7	31010459	31011483	0.001330925472351430000
chr3	50125982	50126434	0.001349193763297420000
chr14	99736143	99736978	0.000042923231194997500
chr1	94725224	94725677	0.000103751594145398000
chr10	131763676	131764419	0.007234506738210020000
chr20	22776990	22777434	0.000310915396464336000
chr4	155701147	155701259	0.000198846651376590000
chr12	94698752	94699253	0.001136793403221470000
chr21	46046042	46046393	0.006096662575127770000
chr3	16577542	16577787	0.005484267976515760000
chr3	71151690	71151744	0.000618437993772111000
chr15	57697512	57698073	0.000127992486980277000
chr22	28110926	28111002	0.000043144208912152800
chr1	95584445	95585272	0.000315564820363668000
chr8	143999155	143999729	0.000427522796565743000
chr10	49459800	49460549	0.005534399718658700000
chr5	124043109	124044098	0.002531080531373450000
chr17	3738423	3738968	0.000572415000389045000
chr2	106438120	106438173	0.000509227995386361000
chr11	58273602	58273608	0.000381844783979596000
chr3	195454591	195454921	0.000738322144368824000
chr16	84760429	84760897	0.001043085739867510000
chr19	37464066	37465039	0.020990189760486800000
chr19	19529118	19529457	0.000050559291811809900
chr11	120008836	120009682	0.011103421883161000000
chr8	39806064	39806584	0.000035434419592253300
chr16	8943122	8943436	0.000261214532215851000
chr6	46143406	46143943	0.000234667037284223000
chr5	1653258	1653609	0.000269401469037892000
chr5	523794	524941	0.013967811324191800000
chr19	51411737	51411940	0.003579619074441510000
chr15	70977270	70977671	0.000171981022595245000
chr17	204422	204451	0.000052839577549045500
chr5	16942544	16942835	0.000927832810952120000
chr21	40383277	40383814	0.000131853348181930000
chr12	13257381	13257892	0.000936594495886932000
chr14	24777708	24778279	0.000720524684352805000
chr7	150150444	150150449	0.000652809209973033000
chr17	10741383	10742759	0.011366678941081900000
chr20	57089461	57090371	0.001002264954640910000
chr1	41933183	41933625	0.000577781178508712000
chr1	167093800	167095143	0.000148174840340730000
chr12	1751897	1752104	0.000079401275322998100
chr9	139924651	139924709	0.001681728577131890000
chr15	43499430	43499909	0.001539665911418650000
chr4	21305490	21306181	0.008664891657696940000
chr2	144440441	144440780	0.000418651651903043000
chr10	91042527	91043370	0.000496284642117805000
chr14	22004993	22005657	0.000673406761569022000
chr17	62777761	62778413	0.000265132622820238000
chr15	40802888	40803733	0.000345140760618327000
chr5	86262015	86262785	0.000342066425992534000
chr12	54412688	54413558	0.006032062434019270000
chr1	151255742	151255971	0.000341205606548728000
chr16	71459826	71460337	0.003602714423679060000
chr5	150038923	150040280	0.000118810424765635000
chr4	78072426	78072602	0.000101989625747519000
chr8	37730745	37730793	0.000101782337864882000
chr6	106433444	106434429	0.004872099823029020000
chr20	42543778	42544319	0.030821737954909600000
chr17	77905160	77905866	0.000103950208471953000
chr2	16839610	16840295	0.000371984191400667000
chr1	167073025	167073595	0.000569209025058967000
chr1	159683347	159683921	0.000885621827306742000
chr11	124095013	124095115	0.000027658741370800800
chr17	18084816	18085196	0.000420156163436300000
chr17	71160748	71161502	0.001249062744120570000
chr3	185827776	185828340	0.008488597759271210000
chr6	30951917	30952175	0.000661578399406327000
chr10	105845720	105846304	0.000222768356516681000
chr12	2432681	2432779	0.000052788572698957900
chr12	11975155	11975515	0.000143222772118455000
chr3	197272311	197272328	0.000105620976844838000
chr3	16342086	16343197	0.002415945580585960000
chr10	5607078	5607135	0.000118418775010279000
chr17	43049442	43049895	0.001104225258607070000
chr6	112068724	112068884	0.000348008345467684000
chr11	91957584	91958458	0.014915379007288900000
chr3	9921382	9922091	0.005177805874487460000
chr7	102612671	102613941	0.001765994104322850000
chr7	29166654	29167530	0.000316273268504221000
chr12	52370254	52370512	0.000051166956336926600
chr7	154983779	154984207	0.000071988954502700100
chr10	90760909	90761751	0.000267005847910742000
chr1	230954520	230954818	0.000234425917367629000
chr22	39929934	39929941	0.000152375954716757000
chr17	40906810	40906989	0.000045980340475509800
chr2	48373026	48373252	0.000074138794307786500
chr15	99416807	99417267	0.000109100663250263000
chr10	31996415	31996740	0.000049124430162401300
chr3	9792491	9792670	0.000640412119812995000
chr1	84764905	84765130	0.000054819443642110900
chr1	227070630	227072161	0.000425849213286093000
chr1	44171432	44171807	0.000447540007163155000
chr4	184916766	184917058	0.000046262285623840200
chr8	65289139	65289227	0.001110404469649540000
chr20	33491767	33492100	0.000325245350463845000
chr1	12774815	12775608	0.000334207014353429000
chr6	82244775	82245079	0.000118593854909685000
chr11	60163525	60163766	0.000181119028922672000
chr8	145064769	145065833	0.000497716553539028000
chr14	92939857	92940131	0.000869224191331701000
chr13	43385644	43386610	0.000277965533956275000
chr2	23642945	23643587	0.000865819408134573000
chr13	113699440	113700027	0.006323882965374160000
chr8	19539991	19540734	0.015586540446174700000
chr6	140160925	140161193	0.000354467926242065000
chr3	46394845	46395542	0.004280203986095230000
chr1	44873592	44873692	0.000364126913360382000
chr16	21290469	21290872	0.000813945486667875000
chr1	161228203	161228877	0.000893282503378458000
chr16	11386434	11387193	0.006475722034233690000
chr5	76527030	76527359	0.000116750255196273000
chr22	38609371	38609534	0.000244580519892709000
chr5	156772562	156772761	0.003021703999518390000
chr1	91182777	91183697	0.009564375349490950000
chr14	21566698	21567520	0.002403586038243610000
chr1	43422337	43423072	0.001347099869635470000
chr12	3660635	3661552	0.000153288535130404000
chr2	106472964	106473839	0.006843786674782250000
chr2	74570564	74571836	0.001871852189208800000
chr4	1742301	1742950	0.012735044704720000000
chr2	218113120	218113489	0.000280031052302257000
chr12	26379256	26379648	0.000112793539731879000
chr12	68575158	68575464	0.000096213769880005800
chr12	76955696	76956058	0.000130077821720533000
chr4	10041984	10042909	0.000278157983903732000
chr3	52831901	52832769	0.003697437869165230000
chr7	22702493	22702505	0.000338145124318203000
chr14	103272089	103272455	0.000362502994726563000
chr17	65602730	65602810	0.000040416231724816200
chr4	25940163	25940297	0.000374543283927721000
chr6	31777519	31777883	0.000224407065073155000
chr20	60904163	60904282	0.000041518560484482200
chr8	105360055	105361054	0.000130812381614918000
chr21	43305576	43305894	0.000061206401910562300
chr11	77012506	77012800	0.003670226408818240000
chr10	13768464	13768605	0.000046029022467228700
chr17	1957365	1958117	0.013043336664642600000
chr2	121516148	121516533	0.000083789847288448600
chr6	15901093	15901433	0.000055714962155293900
chr11	65997357	65998056	0.000141219787091168000
chr1	35249239	35249327	0.000093260088823114900
chr1	55996920	55997258	0.000133644980248065000
chr4	3386172	3387341	0.024108577578158100000
chr2	62419885	62420350	0.000056003908802606800
chr1	21057579	21058227	0.000476803559400873000
chr2	217351940	217352368	0.001504702337085170000
chr4	139106603	139107328	0.000305439153323956000
chr22	46284202	46284460	0.000081904127930345100
chr3	197184245	197185117	0.000697640207434436000
chr19	7812265	7812568	0.000097603776451120000
chr8	48572058	48572557	0.013825728536759900000
chr14	21498429	21499032	0.000476548931891272000
chr6	44186154	44187076	0.006973319328351220000
chr3	188225232	188225542	0.001088290615151390000
chr3	56889795	56890231	0.000497547541696207000
chr4	57594819	57594984	0.001201348760081790000
chr14	105804208	105804449	0.000417470302404437000
chr3	129800573	129800578	0.000147571818731419000
chr3	99790859	99790878	0.000270206338569283000
chr6	34175941	34176036	0.000063911461734962600
chr7	8171359	8171773	0.000054135834770120100
chr7	195987	196130	0.001815078294000630000
chr1	24469564	24469840	0.000047121863759226700
chr7	50880004	50880929	0.000208334401613410000
chr9	115318565	115318987	0.000170898290418174000
chr16	3331498	3331537	0.000079628730480703900
chr1	203156097	203156784	0.003475656529038230000
chr5	1169058	1169373	0.001561582570272830000
chr1	179556993	179557780	0.002404733110329270000
chr2	134884342	134885184	0.000495158833809790000
chr8	29396983	29397161	0.000058321640190096400
chr17	20192989	20193403	0.000315921086123350000
chr15	27017560	27018037	0.002052499258217380000
chr19	1008591	1009949	0.010714381301192400000
chr7	112062980	112063449	0.002554488664488110000
chr9	134604212	134605210	0.000237057873574687000
chr11	68846972	68847470	0.000350962365698905000
chr6	144386093	144386848	0.006096640255474090000
chr3	137483063	137483821	0.004861165499852660000
chr10	96996226	96996833	0.000439093401071792000
chr2	172413979	172414036	0.000151302950246113000
chr11	122929843	122930128	0.000074164844230247300
chr22	20747254	20747837	0.000128906689715522000
chr6	27781089	27781799	0.000659144263807507000
chr5	138532020	138532335	0.000205930859954092000
chr8	140630155	140630180	0.002566467654376220000
chr1	167570711	167570890	0.000336151105597449000
chr1	225610097	225610222	0.000086370806252470400
chr20	47984380	47984728	0.000042373115413020400
chr22	27672057	27672129	0.000645296290080933000
chr10	95027640	95027887	0.000031821712729923200
chr5	95582921	95583441	0.001033533025734980000
chr2	109891681	109892050	0.000162685350475344000
chr7	98982421	98983316	0.000797169642396540000
chr1	44010158	44010633	0.001190610393029390000
chr3	53564456	53564690	0.001320048040545160000
chr11	71708191	71708904	0.000439982175337877000
chr20	4804581	4804909	0.000346199331587454000
chr2	27370956	27371891	0.015463223698542800000
chr1	92952702	92953907	0.048886836157380200000
chr16	49572156	49572227	0.000227622258630998000
chr6	31627511	31628339	0.027059632798233400000
chr12	24375405	24375526	0.000045724273656482300
chr10	75530708	75530718	0.003742362538230480000
chr19	34841182	34841438	0.000499691976895751000
chr6	143193573	143193920	0.000078554084308829100
chr6	151308594	151308884	0.000528548959686786000
chr3	8407419	8407514	0.000217764837448505000
chr10	101293790	101294337	0.006053396175274980000
chr13	43354421	43354782	0.000887968255418238000
chr1	156460474	156460747	0.002627164365700380000
chr6	82958011	82958324	0.002618702119774250000
chr14	57050624	57051003	0.000069388157194707100
chr22	26145960	26146031	0.000857853042024565000
chr6	88875236	88876144	0.021009487584374700000
chr11	83393062	83394074	0.008212416223129260000
chr19	5805595	5805771	0.000192078548670038000
chr1	173448972	173449393	0.000056392526561205200
chr5	176515533	176516367	0.001031229180546690000
chr1	158370467	158370898	0.000170246726589891000
chr4	6919718	6920012	0.000357409880707838000
chr19	18358923	18359093	0.000080625308545381900
chr3	9343008	9343708	0.000261493684567270000
chr1	2109138	2109543	0.001277970640843550000
chr2	146672356	146672576	0.001823842539611040000
chr9	486351	486354	0.000477155894453929000
chr12	4140740	4141193	0.002301135755879490000
chr9	111005798	111006069	0.000041439577164162200
chr6	30113074	30115829	0.003971173763486400000
chr17	39678309	39679478	0.001397503303343190000
chr18	9215747	9215818	0.001943933665456150000
chr1	3058521	3058822	0.001217813883811950000
chr10	98525110	98525577	0.000066185001236780200
chr2	207987538	207987951	0.000996294281622012000
chr7	632816	633202	0.000509275630771492000
chr2	135475426	135477425	0.000641454461832102000
chr17	28704799	28705464	0.008875458175904850000
chr7	120454298	120454639	0.000779907661512389000
chr7	2148808	2149259	0.000268051115828988000
chr2	105319068	105319126	0.000056492330864109600
chr20	48383802	48383974	0.001634861553526270000
chr4	39172219	39172577	0.000973423299262464000
chr4	24975717	24975754	0.000275154682676323000
chr2	206550819	206551466	0.000343396345106717000
chr10	50085163	50086035	0.001710456058434500000
chr20	11852131	11852574	0.000519432158365801000
chr16	68676451	68676806	0.004633868825309180000
chr17	65371900	65372550	0.003885158980294020000
chr9	135726970	135727079	0.000640243950500346000
chr2	175198039	175198768	0.001465497911031950000
chr11	43941594	43941935	0.000204461750154192000
chr7	112430531	112430779	0.000563683004193183000
chr17	77924665	77925447	0.016796704028624500000
chr19	7409875	7410908	0.000443480821670001000
chr8	139734443	139734844	0.001221692725573940000
chr14	107253273	107253669	0.000371009878487689000
chr10	22542444	22542726	0.000956581864313693000
chr1	26497107	26497391	0.000646735727162759000
chr20	61562845	61562955	0.000024972262151648800
chr1	178464331	178464723	0.000073266949987973900
chr1	2164542	2166155	0.002266497680791410000
chr12	116996359	116997535	0.015237312840381700000
chr7	150085670	150086169	0.002593254050589240000
chr12	67984167	67984433	0.005711055783417690000
chr13	39566053	39566222	0.000983654377796774000
chr20	55151024	55151507	0.000098830879938320600
chr8	41154978	41155613	0.001033796992314950000
chr7	132338096	132338277	0.000036422720918885300
chr12	58259082	58259554	0.000228315440754081000
chr17	76507971	76508348	0.000072244702435252700
chr10	134310836	134311114	0.001204790042198690000
chr17	66511045	66511248	0.002201151681079430000
chr5	17684299	17684666	0.008672876862106190000
chr11	63605419	63605717	0.000177950523414608000
chr13	98019536	98019621	0.001235084119481810000
chr2	105488038	105488326	0.000178870182180721000
chr14	101302507	101303280	0.000186112701808698000
chr8	96036568	96036905	0.000778935039999959000
chr9	135818057	135818481	0.000119216243141191000
chr6	72130209	72130742	0.015629913295194900000
chr1	8000314	8001309	0.004232596336779870000
chr8	131146541	131146876	0.000044599025048519500
chr11	10625668	10626235	0.001231201258897590000
chr16	71844102	71844250	0.001069995780781630000
chr10	45948576	45949022	0.003488421134810890000
chr20	24483019	24483529	0.010274056824454500000
chr1	180489082	180489153	0.000032674542771472900
chr2	24396224	24396550	0.000182344779805830000
chr1	44423187	44423424	0.000105975350799051000
chr22	18924873	18925277	0.000394603058087599000
chr5	57786008	57786449	0.005707829593678850000
chr6	143234024	143234755	0.001449629219036410000
chr12	129294939	129295009	0.004082851797855340000
chr20	50112712	50113291	0.000672080589044022000
chr5	132590149	132591225	0.001477553605564100000
chr5	154998	155199	0.000062928464632246700
chr6	109244969	109245383	0.001159010123515420000
chr12	25706982	25707667	0.002059949041262680000
chr1	156401319	156401601	0.000108967383040900000
chr2	211018363	211018639	0.000465874043947097000
chr1	36906600	36906846	0.003066156421091070000
chr2	241737497	241738268	0.002462127898232630000
chr7	2607139	2607424	0.015699658473499700000
chr3	128713921	128714144	0.000145255674387199000
chr1	47690795	47691845	0.028945848103231500000
chr1	29645667	29645881	0.000057043360857907000
chr6	14232235	14232628	0.000526098007802626000
chr15	90880152	90880158	0.000388172944612795000
chr8	41730737	41731792	0.000221044373724427000
chr2	20776435	20776830	0.000052483270376787500
chr1	9007248	9007541	0.000073152065994487500
chr2	219192031	219192948	0.000988420643310253000
chr1	47015444	47015494	0.000621318244551812000
chr8	38538363	38538426	0.000240767364350637000
chr1	220965460	220965840	0.000113017744621601000
chr8	104309910	104310606	0.000251977019867305000
chr7	154990285	154990707	0.000346197522541572000
chr1	208115307	208115808	0.000517640786566408000
chr3	195973977	195974349	0.000487748126875768000
chr9	127052763	127054510	0.001544454653648810000
chr1	201304856	201305661	0.000256468189915315000
chr3	195538675	195539133	0.015748868561936100000
chr12	54765670	54765988	0.000958867886320663000
chr3	128947790	128948180	0.000251621710905912000
chr13	73159440	73160215	0.000573758961625758000
chr12	96350263	96350795	0.010363829619044000000
chr6	85473344	85474209	0.018233680892361700000
chr11	10746826	10746964	0.000050825014647602900
chr20	19915682	19916159	0.005496681368927450000
chr8	41570554	41570622	0.000027507211296389200
chr15	78090420	78090710	0.000228890393843868000
chr17	71343163	71344800	0.000410003972006757000
chr9	124261807	124262699	0.000877684634340070000
chr6	43901261	43901543	0.000373328001833163000
chr3	14745437	14745701	0.000078158151197421600
chr10	134371960	134373932	0.001433162416762950000
chr7	139425741	139426030	0.000085756675946903900
chr1	203247468	203247740	0.000848848589667752000
chr4	186559412	186559707	0.000581076254991842000
chr13	78602831	78603363	0.002832420667437670000
chr10	126106425	126106957	0.007389797209023440000
chr8	1708438	1708447	0.001803245067648800000
chr15	78633092	78633662	0.002572617826436270000
chr6	30690213	30690844	0.005942918615268280000
chr10	104216121	104216266	0.003050685739412630000
chr11	119865842	119865942	0.000062874909230114800
chr1	39670006	39670192	0.000255301000569581000
chr7	4266663	4266998	0.001661602946373650000
chr3	154687782	154688152	0.000167837279914147000
chr1	114695252	114696491	0.002121146666118580000
chr1	204135243	204135787	0.000209192696909732000
chr1	32135179	32135830	0.000335367250416676000
chr1	113239314	113239645	0.000621864617013739000
chr17	3697993	3699034	0.006970307308597760000
chr3	112960547	112961018	0.000167456160569641000
chr16	83999068	83999617	0.000056776097678638400
chr6	166622720	166622889	0.000780187956648018000
chr11	123849141	123849197	0.000028942007577577900
chr17	59222476	59222898	0.000637226295936314000
chr3	12395554	12395914	0.000604075893446533000
chr2	219924695	219925688	0.002166375339120850000
chr13	27998603	27999546	0.026105770716330000000
chr17	15295802	15296270	0.000816369661465618000
chr18	77551953	77552568	0.003117535001457870000
chr5	90349551	90349789	0.000186392253075144000
chr6	24933103	24934269	0.002736014502431850000
chr8	102679791	102680096	0.000770821485273292000
chr20	30864167	30864446	0.000346534394591804000
chr2	211089678	211090171	0.008080802542144640000
chr17	56770003	56770424	0.004742313801853590000
chr5	39526937	39527074	0.000029910004823829200
chr10	50245292	50245385	0.000027103791147991700
chr16	68826954	68827444	0.000517551768119950000
chr2	197028924	197029306	0.001733098124305050000
chr10	74436268	74436333	0.000268702316916524000
chr15	89921672	89922602	0.006615563667395130000
chr3	127794219	127796507	0.020696640737690700000
chr9	131889368	131889727	0.000065508729134981700
chr8	11718685	11720363	0.001289685143634360000
chr20	39383139	39383223	0.000209171782491709000
chr6	73933428	73934058	0.000223343245129244000
chr8	145101182	145101324	0.000545559817709221000
chr2	241906904	241907643	0.001907867954663550000
chr8	144035192	144035478	0.000077983259987326000
chr22	17703558	17703776	0.001476547612858970000
chr10	73472315	73473423	0.012362334886762000000
chr4	153954859	153954958	0.000493885356751885000
chr1	9318091	9318381	0.000141960626947050000
chr6	130182053	130182754	0.037015421105358800000
chr7	707728	707796	0.000629315795202051000
chr4	57684399	57684784	0.001535637198986260000
chr10	123290844	123291278	0.002697236316177090000
chr2	100388227	100388370	0.000919742428240451000
chr1	183208379	183208626	0.000299441605281661000
chr10	102806871	102807587	0.020579279765371000000
chr7	151403110	151403164	0.000284637396342924000
chr17	4639518	4639868	0.002819233962767360000
chr4	15080890	15081163	0.000957775335443996000
chr12	793557	793836	0.000187514205103445000
chr19	15334821	15335041	0.001691363296344270000
chr1	114895011	114895466	0.000245379397235700000
chr4	183089187	183089697	0.002452640542431530000
chr2	223313524	223313861	0.000092268716871928600
chr22	33453893	33454324	0.025020685389975200000
chr2	74648306	74648490	0.000253705642195909000
chr9	138897027	138897828	0.000308646726695820000
chr2	8453146	8453529	0.000404194691231143000
chr7	85103284	85104015	0.000091073323138186700
chr1	197417446	197417732	0.000146166260644325000
chr10	50947616	50948007	0.000257550498171627000
chr18	24269574	24269832	0.000775093310635878000
chr5	133890280	133890915	0.000497649385599509000
chr1	247670081	247670246	0.000195877184189803000
chr14	100905738	100905994	0.000105782464139074000
chr11	129185987	129186684	0.001277790344464960000
chr5	123980631	123981378	0.002425235210846240000
chr21	43668107	43668559	0.000321379388701030000
chr16	87981950	87982794	0.000528698838218711000
chr6	30955382	30955712	0.000398108636916728000
chr15	83619037	83619523	0.000594719943549447000
chr22	26907660	26908008	0.003150531960079890000
chr11	123624914	123625383	0.000942912208783083000
chr1	113392116	113393525	0.000451320519643654000
chr15	78835700	78836057	0.001628377686846630000
chr12	2278318	2278531	0.000046846868622971100
chr9	85816185	85816327	0.000233300715738381000
chr9	35538212	35539007	0.005166898885911610000
chr20	37054880	37055221	0.000975612922078047000
chr1	53856140	53856531	0.000059899843303029900
chr3	50360397	50361180	0.009628077887997440000
chr14	75594752	75594775	0.006789070646008280000
chr8	9910873	9911765	0.000229255603783812000
chr9	126129566	126129890	0.000496551266021543000
chr12	124118982	124119250	0.004254366860689270000
chr15	47476133	47477004	0.010313289485552500000
chr1	149162430	149162518	0.005336614290227460000
chr19	7733642	7734203	0.023692427543728200000
chr9	131450696	131450975	0.000157837791471456000
chr16	31469310	31469562	0.031503001367726200000
chr3	4950617	4950670	0.000247493220524384000
chr11	116509416	116509986	0.000091658317421995100
chr10	98762997	98763300	0.000227353922136678000
chr1	157746405	157746930	0.000584276905687224000
chr15	44027369	44027655	0.000068258205522588500
chr11	119020099	119020941	0.011780983425291500000
chr17	75878639	75879403	0.030134704191603500000
chr1	53098421	53098912	0.002160861479736900000
chr15	65655740	65656635	0.000325358750107668000
chr9	34377068	34377426	0.007759436227211100000
chr6	133055183	133056004	0.000332802473664605000
chr3	15336736	15337162	0.000772878075136964000
chr11	71516394	71516598	0.000063979003411701300
chr12	92453691	92453837	0.000057034394655997500
chr1	36615845	36616030	0.011640746413278000000
chr3	186918188	186918647	0.000213326549660100000
chr17	76618468	76618718	0.000075314881748013900
chr6	31079152	31080048	0.000550231027146386000
chr2	27614142	27614310	0.000689084950434115000
chr5	1514077	1514140	0.001226990759074260000
chr1	201915446	201915999	0.002491523185580990000
chr2	208006420	208007258	0.000273668677721403000
chr1	3106929	3107290	0.000052676888171555800
chr3	44940147	44940636	0.001542078887189540000
chr7	47560215	47560370	0.000525110875626426000
chr12	54758384	54758973	0.000782957486017386000
chr1	207227806	207227965	0.000182430745417597000
chr10	99348862	99349395	0.002192332520757790000
chr10	98116807	98117676	0.015651322929474400000
chr17	26500010	26500086	0.000792306233087336000
chr2	127822551	127822822	0.007144193419249560000
chr15	39689402	39689811	0.000083248851179729400
chr22	40322137	40322751	0.021875941785624400000
chr1	219047954	219048260	0.000118052580500286000
chr5	180073429	180073780	0.000516975023669924000
chr5	115149189	115149472	0.000166566315246389000
chr16	19124473	19125206	0.025120512847788100000
chr20	12225088	12225421	0.000841447384026043000
chr5	169407439	169407941	0.005343945287390430000
chr11	4936427	4936857	0.000189050346931617000
chr22	46372098	46372744	0.006664312631440910000
chr7	2185550	2185772	0.001519197339476470000
chr11	129842470	129842672	0.001662546638494210000
chr14	29254680	29255395	0.013903848160860600000
chr7	767893	768364	0.006398716421122890000
chr2	120005223	120005755	0.002814185213559340000
chr14	95660898	95661633	0.006718806910576580000
chr12	14996143	14996272	0.004328938371179760000
chr11	44627620	44627656	0.001946621107981860000
chr1	171621279	171622243	0.003015517841695140000
chr13	111220199	111220321	0.000036501932089028100
chr21	43735282	43735505	0.004132197687171360000
chr7	752149	753007	0.004248739968789770000
chr16	11193843	11194243	0.000069782168140482400
chr5	1503259	1503979	0.014045639440270700000
chr2	235976249	235976378	0.000163680023974736000
chr3	184035137	184035527	0.000262543036663691000
chr11	70002414	70002884	0.000661718615678917000
chr2	144455439	144456039	0.000305475170325723000
chr8	143282520	143282812	0.000109941350801820000
chr15	57845204	57845291	0.000038592497580581800
chr6	157890509	157890698	0.000083784409075663800
chr5	178205903	178206113	0.000075645276991719500
chr16	18066408	18066832	0.000058478403757987700
chr1	211499127	211499964	0.011029208208972200000
chr2	238131843	238131971	0.000927296384404384000
chr1	204229946	204230657	0.001147459467973660000
chr6	28553390	28555079	0.017640024127041300000
chr19	52243257	52243752	0.000441099259325655000
chr6	15622032	15622671	0.000817472601776857000
chr9	91919480	91919723	0.000058546221805443600
chr15	22992596	22993609	0.004392908068166010000
chr6	31602599	31603535	0.032479903877330400000
chr10	77583708	77583762	0.000448949887956122000
chr22	41346522	41346660	0.001741094070022530000
chr1	44819838	44820073	0.001141870544835580000
chr16	66993711	66993970	0.001342790473103590000
chr2	43163127	43163647	0.001017390060301970000
chr15	61619484	61619490	0.000105944349839773000
chr12	122515957	122516220	0.000435367221240284000
chr3	15383692	15384168	0.000676564075858282000
chr5	141338444	141338734	0.000255775053100720000
chr8	28303495	28303622	0.000093727183412520000
chr20	8695977	8696415	0.000041679159129160200
chr11	109947326	109947654	0.000286490579008509000
chr10	99080756	99081496	0.011939985892773800000
chr11	856942	857102	0.001949510798467120000
chr17	61561470	61561774	0.001971796871497590000
chr8	144625381	144626791	0.000311639556217205000
chr14	32413922	32414086	0.001690558151373810000
chr4	156129725	156130560	0.000295787687723495000
chr12	125261769	125262045	0.000099522301625424000
chr2	8143994	8144587	0.000379179365366949000
chr18	9782387	9782637	0.000303718113800361000
chr14	69246938	69248158	0.001326634375260720000
chr16	4844753	4845384	0.008472043613081290000
chr10	125425262	125426048	0.043360809336806900000
chr16	84377774	84377912	0.000812442334431154000
chr20	45313109	45313494	0.000609426422849895000
chr10	134236118	134236453	0.002307117273394620000
chr2	10484567	10484580	0.000049996376083445900
chr13	50202547	50202713	0.002150504706900950000
chr12	6308654	6309291	0.000731192620351575000
chr1	243634599	243635016	0.000176832201952962000
chr2	30371369	30371990	0.002526595829387790000
chr7	98464285	98464909	0.001839585804024270000
chr17	29152934	29152968	0.003130620150599900000
chr11	102631359	102631387	0.000064963725283227500
chr11	19263864	19264434	0.005247881686341890000
chr17	77810742	77810912	0.001075443356400990000
chr1	45670624	45670856	0.000187028639336178000
chr16	89024511	89024657	0.000513183629999543000
chr18	11994896	11994976	0.000361177462475519000
chr6	130544162	130544832	0.005869780143886470000
chr8	94868550	94868882	0.000058418109562869800
chr7	152135170	152135221	0.000192349159790824000
chr7	75442678	75443288	0.021545694315332900000
chr5	54896982	54897272	0.000092709612014980000
chr10	64380594	64380765	0.000869599632184866000
chr6	7324850	7325004	0.000636634639780768000
chr9	139812238	139812357	0.000708306942388515000
chr2	174223564	174224162	0.000136922693637456000
chr5	138608507	138608519	0.004128080426128000000
chr7	40961163	40962047	0.000232072218036811000
chr12	116819975	116820108	0.001025984048890340000
chr17	3817392	3817740	0.000069641691324724700
chr19	51430949	51431475	0.011744513562043800000
chr2	206633254	206633633	0.000060188704799592800
chr6	31090929	31091383	0.001966000223952360000
chr12	132512619	132512942	0.004259400723507310000
chr1	39318494	39318607	0.000036935587656857800
chr12	56680011	56680698	0.000842164704489573000
chr11	65546988	65547172	0.012981605122290000000
chr8	101476032	101476716	0.002666387723211950000
chr16	10722872	10723613	0.000434145169699279000
chr4	40588553	40589108	0.000590274540800425000
chr10	72648543	72649008	0.004236335986232190000
chr16	75589282	75589572	0.015785874849980500000
chr19	2579221	2579745	0.001221914593026120000
chr3	122487700	122488513	0.000283612477796540000
chr15	63135330	63136041	0.002900499313348800000
chr2	119699603	119700029	0.000968058600945188000
chr3	112934149	112934444	0.000091219343451417200
chr2	197227769	197228086	0.000055828916982713400
chr2	23858940	23859809	0.000597021943799901000
chr2	128381653	128382383	0.002864657960370910000
chr3	5063461	5063546	0.000988778969980123000
chr4	52918169	52918489	0.014349860347886300000
chr1	165853249	165853708	0.001707145284464350000
chr17	17687239	17687834	0.003044170559973260000
chr8	141966016	141966217	0.000037448354150266300
chr12	49171193	49171898	0.000277177062525677000
chr12	15115389	15115623	0.000477336280723403000
chr10	5554466	5554868	0.001184281295699720000
chr15	68883256	68883490	0.000371587773153978000
chr1	11007936	11008054	0.000071332592698093300
chr1	153607617	153608034	0.010010658653507900000
chr15	42343744	42344451	0.000203222768399038000
chr1	2992414	2992640	0.000066891078948438000
chr2	28583388	28584004	0.001733850981787520000
chr10	134754286	134754961	0.008007242568383570000
chr12	122884354	122884585	0.000040096064895786900
chr13	52303132	52304292	0.000398445042159333000
chr13	110959428	110960198	0.031036431724364100000
chr2	228327009	228327367	0.001644411913783260000
chr16	17165002	17165176	0.003110144924612820000
chr5	143138263	143138515	0.001721048701269610000
chr6	167507105	167508537	0.004183844855809790000
chr3	149508420	149508753	0.000383899553003352000
chr13	78550373	78551078	0.001205901626379260000
chr14	105792505	105792853	0.000291797368493558000
chr15	101460077	101460502	0.004139759107060240000
chr8	139509672	139509708	0.005994661567077260000
chr13	52732648	52732911	0.001689067485490130000
chr7	30740619	30741061	0.000334635345724739000
chr4	89512512	89513149	0.000911783210212695000
chr18	43404157	43404867	0.006649515013217580000
chr10	44757323	44757370	0.002620440641781330000
chr1	153601656	153602193	0.000305181829936355000
chr7	4911022	4911224	0.021649094046501700000
chr20	55688877	55689396	0.001630832299412450000
chr10	104178391	104179054	0.004234319965293730000
chr1	223883793	223884247	0.001178036804999190000
chr1	66561079	66561475	0.000116993070836835000
chr6	157912969	157913024	0.001029561198142610000
chr4	176923081	176923827	0.010572253595052000000
chr2	178002466	178003292	0.000643590595953910000
chr19	823662	823841	0.002511603069377980000
chr2	109882934	109883620	0.002806692320534660000
chr22	20919556	20920729	0.002934280033843310000
chr3	111260893	111261303	0.001178603869476810000
chr3	18003561	18004012	0.002327006490742730000
chr19	39862918	39863085	0.000090532911052518400
chr8	40018174	40018327	0.000043533531593445600
chr1	53587046	53587375	0.000129706752816181000
chr8	60032607	60032983	0.003655843505900620000
chr1	15272238	15272567	0.001719358487399800000
chr14	23821890	23822408	0.003572818674250410000
chr3	52098622	52099561	0.008408457703737540000
chr1	38471192	38472003	0.002143153457072700000
chr3	193807511	193807749	0.001760977914094440000
chr2	120007053	120007524	0.001447706195869790000
chr6	156698480	156698597	0.000044158756263246700
chr2	216340492	216341190	0.000793250674176439000
chr3	128294930	128295655	0.008010830468129160000
chr17	1490487	1490557	0.001156669638962410000
chr1	14678259	14678428	0.002252385491693430000
chr15	70632081	70632371	0.000143206454368626000
chr9	137251825	137252129	0.000983856396099245000
chr19	5841060	5841442	0.001334028526555970000
chr19	16369465	16370364	0.000224420679981677000
chr9	101635140	101635197	0.000071562351782487400
chr17	46673910	46674514	0.001158677249054360000
chr6	72253845	72254462	0.000674064665196779000
chr8	20125819	20126308	0.001938189674166730000
chr16	85452873	85453293	0.000662636965636068000
chr1	17902105	17902469	0.000157845696395516000
chr5	139525657	139526226	0.010657414727993400000
chr11	119613061	119613405	0.000101782317374380000
chr4	77133417	77134319	0.003749898368577700000
chr16	58914220	58914345	0.000271189069999720000
chr3	152092337	152092595	0.001137848745635270000
chr9	79630987	79631227	0.000952213611760233000
chr12	56862851	56863389	0.047834834438064800000
chr6	41751160	41751312	0.000162338349447871000
chr15	59588367	59588622	0.000064833693297469100
chr19	7746347	7747220	0.001622447016920140000
chr10	31610306	31610754	0.000320093794524639000
chr19	42613359	42613682	0.000053967053466246300
chr6	139795461	139795527	0.002009469338175530000
chr7	141617279	141617618	0.000466994994737189000
chr3	142677738	142677860	0.000053587476718822100
chr2	208100660	208101334	0.002180945190046990000
chr10	13276466	13276816	0.001028321751005360000
chr9	138377834	138377993	0.000095480961617610800
chr11	71892227	71892539	0.000054017685905292000
chr1	247587794	247588074	0.000129048209698684000
chr11	1772468	1772721	0.001519870716070420000
chr15	78856949	78857124	0.006262996581496130000
chr12	4511651	4511796	0.000033964339522569900
chr10	123964556	123964964	0.000313425758253830000
chr4	89448703	89449097	0.000078243049890768600
chr7	116730466	116731139	0.000519321220601046000
chr17	37322925	37323734	0.001010162573745500000
chr9	110252512	110252781	0.003059115012768580000
chr1	24229232	24229581	0.005397864095145620000
chr3	170352694	170353246	0.000317510098527871000
chr15	101747949	101748151	0.000195662071742653000
chr6	154622698	154623085	0.000079495977326227800
chr20	12906037	12906039	0.000123808518175233000
chr17	65027100	65027600	0.002517231572414590000
chr6	34023808	34024479	0.017845822248897700000
chr15	78557532	78558513	0.002460417383940450000
chr6	90271152	90271380	0.000332999959573309000
chr11	10674729	10674966	0.003574829564624260000
chr22	45939777	45941235	0.000134334239710780000
chr12	99549790	99550106	0.000163126394981101000
chr2	134024093	134024618	0.005084508093610240000
chr1	24878007	24878670	0.000194139892183108000
chr6	53171342	53171642	0.000108808357703040000
chr2	220289908	220290186	0.000278735499826040000
chr22	27431759	27431824	0.000327466571413387000
chr5	136834294	136834863	0.033653031154972500000
chr15	85455724	85456032	0.000078689325446865600
chr15	39886363	39887718	0.000513490075735415000
chr17	59883075	59883616	0.000857173400832680000
chr11	44758563	44759028	0.000214803043992108000
chr5	79799656	79799917	0.000645776983373407000
chr7	4850075	4850345	0.001882215950981470000
chr1	2458209	2458506	0.007653890835987990000
chr16	2316690	2317002	0.005410422868458590000
chr13	80540349	80540390	0.000101800105663228000
chr16	27237355	27237998	0.000470790614185395000
chr5	40480645	40481004	0.000392483173393377000
chr2	178562808	178562966	0.000141217868046592000
chr17	27876591	27876689	0.000046037792606276600
chr17	19147937	19148275	0.000061523008791166000
chr12	12223947	12224457	0.012829884261445800000
chr8	38704242	38704972	0.001305940268921950000
chr1	172500667	172500891	0.000343514154420859000
chr1	38941821	38942430	0.034824299154670100000
chr15	92942808	92943556	0.001093264980878250000
chr17	41923945	41924577	0.001827557803197230000
chr2	24346760	24347113	0.007189014145833940000
chr14	94755491	94755541	0.000170026948593939000
chr15	63671405	63671692	0.000870484899332963000
chr1	248223923	248223974	0.000187926907280252000
chr17	74100039	74100277	0.000044366329763151100
chr9	139796221	139796368	0.002464479712947460000
chr1	24833311	24833320	0.005798839929448430000
chr19	7547929	7548860	0.009273400802699270000
chr3	50267393	50268209	0.003649757764077680000
chr10	51548507	51549350	0.000512050516020723000
chr19	42258995	42259395	0.007890087929538710000
chr12	31744310	31744706	0.005615453030805890000
chr1	247653903	247654260	0.001205580535430860000
chr2	74612222	74612812	0.001225021249624530000
chr16	8995268	8995984	0.004072862890514500000
chr15	98417272	98417731	0.002627324947548730000
chr12	124069923	124070499	0.001690844892903140000
chr1	10805621	10805908	0.000216734192132682000
chr11	60011506	60012011	0.000114885353550410000
chr10	71867147	71867356	0.000290456297226488000
chr16	10272607	10272788	0.000739498196920912000
chr8	10290284	10290804	0.000519464587841747000
chr10	28697975	28698081	0.000688900337186900000
chr20	5670217	5670296	0.000483029587092295000
chr19	752860	753259	0.000103532508273654000
chr11	45743599	45743936	0.033227440410820500000
chr1	160084833	160085496	0.010480602965580700000
chr17	38705760	38705895	0.000043378122122852200
chr6	2432284	2432554	0.001467486953970090000
chr2	175205387	175205852	0.003141801712634420000
chr14	90086828	90087036	0.001113551757528800000
chr22	24496556	24497451	0.005609169471822490000
chr3	9961961	9962252	0.000180030836121844000
chr3	195638330	195638936	0.002695414589454690000
chr11	616879	617140	0.000171758347021170000
chr16	27873237	27873489	0.001049703738707240000
chr7	101784354	101784427	0.000278072052734155000
chr11	95421825	95422144	0.000181435837794119000
chr1	28586543	28587248	0.002519366353375290000
chr17	6830903	6831506	0.000471262171433477000
chr11	34706810	34706961	0.000043392735002636900
chr1	116925789	116926116	0.000078751740770782400
chr10	116259560	116259758	0.007705321684951770000
chr2	66929935	66930551	0.000594277800414392000
chr11	330872	331288	0.013804740520516800000
chr22	39418130	39418379	0.002027478605950640000
chr2	103305353	103306129	0.000393727180755521000
chr13	102068234	102068650	0.006105716723157490000
chr3	87842899	87843336	0.001800447652757100000
chr2	103203173	103203224	0.000035490797667868900
chr3	49331166	49332009	0.000650902437770712000
chr12	52055748	52055784	0.002119373022566500000
chr10	34793792	34794060	0.000208923092787867000
chr15	40642762	40643142	0.001578728049771980000
chr1	161679319	161679921	0.000333897697022471000
chr12	8801526	8801702	0.000372797292539533000
chr13	36705041	36705622	0.008908390224941560000
chr1	120453393	120453645	0.005905952149451000000
chr20	10455667	10456057	0.000098921611109522900
chr12	107147133	107147780	0.000685418560905839000
chr1	44509186	44509575	0.001311709583837290000
chr11	8078824	8078826	0.001583969213356650000
chr5	1474995	1475732	0.002054590505789930000
chr2	28939458	28940400	0.000216760072482307000
chr14	21238111	21238436	0.000093862998416727300
chr1	16357573	16357911	0.000051694654652781300
chr20	19955436	19955868	0.000987456998102865000
chr20	62505169	62505188	0.001248523779597160000
chr9	129295443	129295773	0.000062175504359161300
chr9	136856352	136856652	0.003179877501745020000
chr7	158498459	158498647	0.004141085894188050000
chr7	128001636	128002356	0.003497327950585130000
chr18	47203926	47204366	0.000195527040758753000
chr6	97098016	97098046	0.000842494374354218000
chr22	30592296	30592435	0.001267757326617410000
chr14	101390919	101391505	0.001958202231373270000
chr11	124622348	124622815	0.010643576340802200000
chr11	95931461	95931531	0.000527166521478375000
chr11	2504160	2504813	0.000830447411989717000
chr1	229388952	229389204	0.001509808758849020000
chr7	2597979	2598171	0.004431218895117610000
chr3	111315207	111315387	0.001926265774153600000
chr2	241060773	241060986	0.000042909311339127200
chr12	41221505	41222241	0.039874520421117600000
chr14	60633047	60633078	0.000772505004835632000
chr7	50778643	50778773	0.001333976897357310000
chr18	61822270	61822559	0.000479490224701283000
chr7	128083590	128083732	0.000082327455153528200
chr1	20879644	20880663	0.008571514179513750000
chr12	121175115	121175819	0.000104353784409169000
chr1	203465077	203465361	0.000078440051319657700
chr9	127117328	127117813	0.000370012128024286000
chr10	100103851	100104446	0.000586591346389408000
chr1	44855509	44856168	0.000584211510401579000
chr10	88149210	88149632	0.000100809317179943000
chr3	38991907	38992200	0.000102917493967131000
chr6	30530458	30530544	0.000754475582965612000
chr5	36066944	36067691	0.037704423429982000000
chr8	133673943	133674001	0.000065248486159096600
chr2	182850059	182850114	0.000799587090732417000
chr12	102284884	102285251	0.001047196555441940000
chr6	151134595	151134876	0.000055527570706743800
chr15	64456062	64456365	0.001414086357897130000
chr1	54586807	54587428	0.001796219550470070000
chr18	10410364	10410938	0.000825333424766571000
chr2	234599026	234599330	0.000509366429334047000
chr14	76005929	76005972	0.001220232222860260000
chr7	148404978	148405581	0.000693642564275262000
chr10	18790303	18790372	0.001214279342629130000
chr11	126787785	126787964	0.001343330770315930000
chr1	18435244	18436490	0.000209472997014967000
chr17	40713653	40714731	0.001500267931374840000
chr6	38743116	38743257	0.000042042845092555300
chr2	143907996	143908129	0.001231591588761750000
chr2	197237686	197237764	0.000037269504969116700
chr20	30432308	30432938	0.001326095163604330000
chr20	31443082	31443469	0.008621876485117790000
chr19	42723909	42724191	0.005632080064911040000
chr8	67975874	67976175	0.004630042426566880000
chr5	125967312	125967357	0.002276737548293710000
chr6	52258979	52259035	0.000341721917331350000
chr17	70117522	70117530	0.000780485485871174000
chr2	25498444	25498451	0.000781799508959848000
chr8	73163524	73164024	0.009143896610554840000
chr21	44588272	44588834	0.006551214416763930000
chr10	4891959	4892530	0.000344348952600939000
chr15	42102305	42102381	0.000052579955089115400
chr14	93580644	93581049	0.001656819152655330000
chr3	56390033	56390366	0.000197368144435500000
chr11	19217883	19218301	0.002045778869263800000
chr5	177980691	177980944	0.002127717893335840000
chr22	51138859	51139277	0.002147306668062350000
chr7	44580809	44581831	0.005339788110188260000
chr2	129200109	129200799	0.000748737394195030000
chr17	40489513	40489785	0.013313637243959600000
chr17	48367746	48368059	0.000594747899034997000
chr22	45097327	45097961	0.010166985565485400000
chr1	161601053	161601452	0.000125496211881743000
chr10	80909431	80909901	0.002235567458737310000
chr14	33402368	33403952	0.013630554837264200000
chr10	27737895	27738104	0.000070455054629232600
chr17	46709858	46710112	0.000514792683875390000
chr11	62782872	62784439	0.018823459067346700000
chr8	103572833	103573117	0.000192461785564670000
chr14	61104032	61104571	0.000740185486125386000
chr6	52217264	52217464	0.000051548660752125000
chr11	16628640	16629389	0.025798757712741200000
chr3	11767337	11767704	0.001031993821556020000
chr17	46691820	46692859	0.045942151346040700000
chr3	98313398	98313993	0.000470144358611761000
chr19	667454	667808	0.000107560160028235000
chr22	21318106	21318763	0.011487948760079900000
chr10	134862504	134862901	0.000200786934776664000
chr12	111214586	111214792	0.000513075367362925000
chr5	73092353	73092880	0.000849823281653279000
chr20	61162084	61162216	0.000422308903937976000
chr8	38662686	38662868	0.000089576479228768600
chr3	25498511	25498670	0.000083991437559563000
chr7	44150656	44151172	0.003771556381808860000
chr20	61885850	61886313	0.018048379638681500000
chr14	103500230	103500365	0.000039011622698462200
chr20	31427091	31427113	0.000228676266013638000
chr6	41020847	41021161	0.000179894915868306000
chr1	19229049	19229803	0.016297125815087300000
chr2	60610208	60611170	0.008559828911956000000
chr17	25707428	25707535	0.000340177264453874000
chr20	57616897	57617431	0.001876725011591630000
chr10	35701146	35701504	0.000165429027889082000
chr6	155502890	155503053	0.000070767728218740100
chr19	11517079	11517953	0.022494916028255500000
chr19	51965079	51965444	0.001095390251957550000
chr1	15480555	15480853	0.002544093573530370000
chr17	48738552	48739508	0.000263654486642300000
chr5	60960537	60960751	0.000341697940837998000
chr10	131209478	131209623	0.000038947394747175300
chr1	209877340	209878123	0.008478375715201330000
chr6	112374119	112375383	0.000928694479463053000
chr7	1051703	1052392	0.000708060595461077000
chr9	136728162	136728554	0.000179617028867101000
chr11	59269966	59270409	0.002394711444740530000
chr2	216483918	216484055	0.000082080349056624200
chr7	2596713	2596723	0.001773683643818840000
chr8	6481431	6481608	0.002116550373469960000
chr2	9142741	9143163	0.000538066037349409000
chr8	25993495	25993942	0.000402027888578581000
chr17	19988711	19989186	0.007465016491486300000
chr6	155437754	155437852	0.000061259136414005000
chr6	130537586	130538136	0.005080596248738620000
chr10	1232641	1233675	0.000196147602203588000
chr21	27010696	27011480	0.000751475100270979000
chr7	99816626	99817785	0.003112736181549500000
chr12	125110933	125111063	0.000591053606678204000
chr13	24071859	24072145	0.000101049163671698000
chr1	100325963	100326811	0.006324490958213710000
chr10	135049991	135050704	0.047420563098457500000
chr15	96865294	96866073	0.002073619853157380000
chr3	9166661	9167007	0.000482631726206825000
chr12	66220754	66220810	0.003018804834424530000
chr8	143761503	143761795	0.011631762854436800000
chr11	62620843	62621367	0.008723905493828490000
chr22	29627589	29628227	0.000676975884088805000
chr17	38655492	38655903	0.000909131033118635000
chr11	109948734	109948791	0.000438344330594360000
chr8	11561283	11561724	0.009415932557191260000
chr16	15238178	15238525	0.000125711545299920000
chr12	101988042	101988803	0.003979394850755490000
chr19	3285973	3286244	0.000061328364461615100
chr6	44125473	44125985	0.007526745746906780000
chr2	202050025	202050400	0.000237922494195204000
chr2	74728623	74729100	0.003911648029632510000
chr7	8473990	8474178	0.005989483432715530000
chr19	4991580	4991633	0.001677148348222960000
chr9	130743698	130744307	0.004562338649984120000
chr9	17578842	17579734	0.004699555856158740000
chr7	129414098	129414894	0.000483367877414573000
chr5	137708073	137708638	0.002563723857536370000
chr3	54392499	54393054	0.003661629666423650000
chr4	153919403	153919766	0.000049728864486473300
chr2	106054990	106055458	0.000107659914848270000
chr16	11964386	11965253	0.000323551364341136000
chr5	177626997	177627467	0.000398401425264476000
chr17	38518413	38519136	0.029123024558142300000
chr2	24550721	24551688	0.014705736721784400000
chr9	8857486	8857502	0.003516636665598210000
chr7	41926688	41927150	0.000164710136296948000
chr1	226924257	226924311	0.001434080548257040000
chr7	158263204	158263277	0.007067171162680640000
chr16	30774553	30775247	0.001790860048194210000
chr19	11449933	11450198	0.000389226165445863000
chr3	51908938	51909122	0.003957853999651340000
chr16	87990693	87990909	0.000292244840483294000
chr6	22113460	22113516	0.000197721573169356000
chr1	35226135	35226707	0.028659593522655000000
chr3	124931162	124932002	0.017781740844179300000
chr8	142315841	142316861	0.014565580402987300000
chr21	16869470	16869510	0.000703809792459136000
chr20	53250114	53250604	0.000568236080617030000
chr6	10643875	10644022	0.000101314434928928000
chr16	28020418	28020812	0.000165959124796074000
chr4	82964079	82964312	0.003189678948682010000
chr4	1939879	1939928	0.000233355873736498000
chr1	156928576	156928845	0.000078805788425546000
chr20	1798456	1798896	0.000145926485656741000
chr11	47175143	47175200	0.001675549202210040000
chr22	18042550	18043155	0.004054372504107490000
chr17	37809649	37809838	0.000156100926146953000
chr14	93043260	93043858	0.006463298377358750000
chr2	60687132	60687730	0.001169377008537980000
chr16	57157313	57158056	0.002051276702900310000
chr1	235053896	235054187	0.000092449896672181900
chr15	81317493	81317622	0.000069346130813538500
chr11	70433086	70433293	0.000152550831006530000
chr3	157820591	157822072	0.004705370591480710000
chr1	201981574	201982957	0.002179165177599040000
chr1	111813852	111814208	0.000394583418328054000
chr1	54638137	54638490	0.007643659435950880000
chr6	70992454	70993096	0.005999688293334630000
chr2	149645559	149645934	0.004195136758639890000
chr22	39316598	39317224	0.001826008245264000000
chr7	27192056	27192656	0.017718176242748500000
chr18	20046084	20046899	0.000396450375392408000
chr1	60475484	60475560	0.001332564916738930000
chr1	61719792	61720620	0.000369225327977286000
chr6	130453520	130453806	0.000356822352822036000
chr3	48542040	48542508	0.012954030364655000000
chr22	38091825	38092896	0.006462527092597660000
chr5	56731252	56732213	0.003451458427262510000
chr20	30226477	30226875	0.001103670708975000000
chr15	33022226	33022783	0.016063670835900500000
chr16	83839739	83839902	0.000462484262879998000
chr16	85517269	85517684	0.003248117479403840000
chr15	39685589	39685957	0.001325768625019440000
chr11	117679598	117680226	0.000732228024250200000
chr17	9967369	9967499	0.000176581286865205000
chr16	396164	396494	0.000365009802519159000
chr15	99339029	99339395	0.000089962189412596100
chr2	200625549	200625702	0.000048147464359635200
chr11	117704022	117704570	0.000117250578150930000
chr21	29602425	29602444	0.001482767790460460000
chr14	89285377	89285621	0.000895406068961411000
chr22	36946958	36947143	0.000278085917030386000
chr11	64756160	64756382	0.001461456323594510000
chr3	183957794	183958478	0.006541427126245880000
chr22	39891040	39892498	0.001009109589072890000
chr3	32279236	32279948	0.009121715849635160000
chr15	60883569	60883803	0.004354347886171450000
chr7	36765142	36765609	0.007451427392168430000
chr1	47488597	47489282	0.001809629466500930000
chr2	38138126	38138728	0.000863315271898650000
chr2	165477448	165477582	0.000161287614238234000
chr17	1396953	1397079	0.000262248365348608000
chr11	121593469	121594220	0.004751146377751560000
chr1	230931174	230931656	0.000178503144266714000
chr9	107689793	107690075	0.004132777960550820000
chr10	7744083	7744172	0.000118362325444448000
chr3	11597868	11597941	0.000415737101277421000
chr14	99725830	99727252	0.001465083144577250000
chr17	73246523	73246585	0.000074519169334243300
chr5	148529782	148530097	0.001165629737023150000
chr17	38217443	38218105	0.001485206909069970000
chr13	96072921	96073080	0.000152453656424616000
chr8	1948999	1949342	0.007618496631275150000
chr9	94187714	94187795	0.000263114194006662000
chr7	130148654	130148702	0.000401603039174524000
chr19	7723225	7723346	0.001326072540232040000
chr11	64267330	64267547	0.001499240760605230000
chr2	216947594	216947743	0.000401825490107457000
chr1	226067900	226068334	0.000174066440478448000
chr14	103591749	103592734	0.001028291647900210000
chr12	18963829	18964297	0.002844350742119190000
chr12	53902690	53903067	0.001285451241723490000
chr2	159022758	159023327	0.001431322227512510000
chr2	129247741	129248181	0.000231811896034605000
chr3	127541172	127541455	0.000195209834148596000
chr5	912433	913111	0.014705361599543500000
chr20	31331814	31332170	0.018123375110219900000
chr16	12847194	12847253	0.000104390382174516000
chr6	167814244	167814397	0.000142813608052432000
chr15	63729039	63729230	0.000060719936163000800
chr7	150773644	150774309	0.016261877657483700000
chr18	9658035	9658170	0.000184961975517500000
chr10	99204727	99204975	0.004650131962133230000
chr15	67211859	67212136	0.000068874180959086000
chr6	44698413	44698962	0.002236822940204030000
chr7	151620691	151620888	0.000254110191236293000
chr8	105430351	105430625	0.001027243892332150000
chr11	60850715	60851532	0.000436997242172522000
chr1	243447766	243448000	0.000592139280663346000
chr2	178540201	178540429	0.000142027362903879000
chr12	113330370	113330801	0.001124720534569000000
chr5	1886828	1887583	0.035277892899153500000
chr8	24272697	24272770	0.000039088688790663200
chr2	120281354	120281999	0.003561070079200150000
chr8	38524132	38524442	0.000377456183438307000
chr1	48703955	48705067	0.001392077162841680000
chr17	72276181	72276388	0.001878540812299900000
chr21	40071197	40071383	0.000518379297017607000
chr2	176964502	176964720	0.000318964338242765000
chr17	55631508	55631524	0.000061863180223293000
chr6	29548535	29549352	0.001736932223656700000
chr10	101609768	101610732	0.002136705912525600000
chr5	111333193	111333253	0.000963857314035344000
chr5	38258441	38259243	0.034878565540238500000
chr20	44441325	44442019	0.014473153195908700000
chr20	48998616	48999102	0.001925166143782590000
chr17	27966296	27966740	0.000149488639883331000
chr1	115293662	115293968	0.000079974247940098000
chr22	39953557	39953985	0.003881976581311090000
chr12	25705861	25705953	0.001476451962110060000
chr1	166124748	166124903	0.002740273773244600000
chr3	192127457	192127991	0.006591057458738320000
chr3	11315858	11316173	0.000443155527302765000
chr15	94642624	94643030	0.010109938538273600000
chr4	77702233	77702631	0.000167346065114375000
chr9	35908117	35908428	0.000758305039326772000
chr3	186079367	186080359	0.009063901086160660000
chr22	36013307	36013708	0.000199021672916416000
chr20	36010619	36011074	0.001162111741519950000
chr1	145433592	145433673	0.001423540278592460000
chr22	47081634	47082260	0.000536585990421814000
chr2	11752960	11753053	0.000275315912854339000
chr22	43542604	43542623	0.001775216396346670000
chr9	88896340	88896457	0.000087137618213231500
chr17	7297164	7297857	0.040658728166308100000
chr11	82445072	82445384	0.002455329356857470000
chr2	99439533	99439997	0.003184533495938940000
chr11	108799210	108799455	0.000225698968944820000
chr6	27342060	27342941	0.015101204320141900000
chr1	34630153	34630844	0.001397090013706390000
chr19	49575079	49575475	0.000200121733367382000
chr10	52588251	52588292	0.000479426656534683000
chr3	57131870	57132190	0.000107285230767327000
chr1	119870029	119870802	0.009498833989215140000
chr10	124905786	124906565	0.022823130855457400000
chr9	35929835	35929916	0.000052178704475946700
chr14	55031449	55031827	0.000557932433575019000
chr16	12322432	12322653	0.000340789362116619000
chr6	18353160	18353531	0.000214815304878754000
chr1	204592235	204592392	0.000101878397625663000
chr8	33456955	33457359	0.003053150210327710000
chr14	23547867	23548087	0.001151753907939580000
chr5	94237541	94237755	0.000056496913479133100
chr21	45502894	45503189	0.000415290483106680000
chr5	81146787	81146917	0.001033943858566040000
chr1	178482132	178482328	0.000122052494394168000
chr6	33396029	33396610	0.000287520918140630000
chr14	69395234	69395636	0.001723078048837870000
chr9	130427789	130428222	0.000138689027603615000
chr1	179553141	179553788	0.000812164579818903000
chr21	39608171	39608414	0.000080530801492321800
chr6	1595575	1595741	0.003977152883856680000
chr5	891843	891986	0.003867457239857050000
chr8	129440930	129441175	0.000171642885919405000
chr5	176972593	176972809	0.001202633129609820000
chr8	53045532	53045827	0.000391926172941811000
chr15	42385679	42385941	0.000830055986601741000
chr1	154277259	154277856	0.004249416013628610000
chr13	30434282	30434395	0.000514064263525804000
chr19	13907696	13908134	0.000185376125056023000
chr14	21189030	21189119	0.000047390522865722700
chr12	123365343	123365606	0.000805804650118455000
chr17	19313391	19313529	0.000113839198541964000
chr1	3000512	3001128	0.000146524056161103000
chr18	30105004	30105160	0.000725170083369245000
chr2	20851404	20851787	0.000198610775087101000
chr11	84635206	84635296	0.003038820435352800000
chr6	46729036	46729444	0.004754384977093630000
chr1	147781212	147781887	0.009241441410663470000
chr1	1355999	1356764	0.003173868571422470000
chr12	54088760	54089497	0.001028756959410040000
chr12	7655803	7656540	0.001260731080082690000
chr12	16505650	16505825	0.000164503887020291000
chr3	54962954	54963294	0.002889197166230780000
chr9	79472090	79472244	0.000905832192730131000
chr11	46935876	46936308	0.001596089350353330000
chr10	29011001	29011452	0.000253460581276280000
chr22	29729206	29729347	0.001198843446113170000
chr19	1045096	1045430	0.002337495207318980000
chr7	72005	72352	0.000264481735260639000
chr16	56388908	56389029	0.009003787382509480000
chr4	153699460	153700217	0.000565487415050058000
chr14	34419546	34420499	0.024757213538700500000
chr12	65720609	65720665	0.000133478050912093000
chr9	137718814	137719300	0.001953335653054970000
chr8	145082140	145082728	0.000672548994635152000
chr19	42192347	42193123	0.000392655588368519000
chr8	134783219	134783725	0.010720097215117900000
chr1	10765817	10766044	0.000733548021286434000
chr12	107348639	107349191	0.032692093766564900000
chr6	41431287	41431550	0.000062919626662513300
chr18	6729810	6730036	0.001377248903324950000
chr11	93466826	93467287	0.000904425575565517000
chr11	118476029	118476517	0.000212025894463758000
chr3	72987896	72988159	0.000078604922650952800
chr16	86331509	86332381	0.022107573703376800000
chr1	29449356	29449845	0.004930807463622330000
chr19	19739792	19739820	0.004925265120778710000
chr6	47155543	47155663	0.000075660469725828100
chr13	113770092	113770401	0.003247440309188110000
chr4	154449090	154449177	0.000273710323744912000
chr5	142983747	142983808	0.000214442102799251000
chr11	67381554	67381930	0.002335175981358300000
chr5	150018831	150019123	0.002473254568482880000
chr6	34070718	34070996	0.003838284025505330000
chr22	29108309	29108527	0.000569663641342986000
chr16	66877873	66878810	0.009197376246089890000
chr1	245132079	245132134	0.010416398805261300000
chr13	100623942	100624603	0.007273498098091400000
chr2	170039067	170039085	0.002856231319331610000
chr1	150254529	150255241	0.023648986024460000000
chr15	22955157	22955872	0.009978019245658060000
chr17	4387045	4387100	0.000957866201158444000
chr9	71459366	71459620	0.000662845875992195000
chr7	139108026	139108111	0.000181094270520570000
chr20	60769534	60769785	0.001228542794793370000
chr1	162106802	162106832	0.000198724341923782000
chr4	42399484	42400116	0.001003493974983390000
chr3	50272227	50272436	0.000363874711487452000
chr19	35896238	35896478	0.006086576979530390000
chr1	84629340	84630309	0.017891897566522200000
chr4	129491708	129491921	0.000819223347283016000
chr17	4674755	4675292	0.024840918153061300000
chr17	75082265	75082479	0.000042385183439084500
chr21	44884673	44885219	0.000671890016117300000
chr1	15766660	15766930	0.000109671546628918000
chr8	108343968	108344200	0.000183030731095020000
chr12	133083102	133083593	0.000238297986174028000
chr5	145966494	145966653	0.000151574834846103000
chr5	169918619	169918864	0.000064636526596233300
chr6	128222053	128222390	0.002508183016545300000
chr3	114051653	114052269	0.000725264848638126000
chr7	128827942	128828303	0.000477915489037592000
chr15	83776769	83777082	0.004326916689851820000
chr16	4066142	4066875	0.002985807327171210000
chr16	79804561	79804837	0.000206063911783847000
chr2	70189092	70189111	0.002889581415942300000
chr12	102250253	102251130	0.000380801829972215000
chr2	220436214	220436948	0.014930964956308800000
chr10	104478138	104478447	0.001258267560658160000
chr1	229197824	229198649	0.000432597008513333000
chr10	49956583	49956626	0.000078004319915058900
chr2	70170632	70170890	0.001521512649614360000
chr4	1556595	1556833	0.000217304358856539000
chr17	47964796	47964879	0.002254394040997800000
chr12	51235704	51236059	0.003213758375717960000
chr3	183980095	183980788	0.001751377600320000000
chr12	54694787	54695110	0.005821151431008120000
chr7	65671551	65671987	0.000246055166223758000
chr11	67183330	67183616	0.001562759368820330000
chr10	62673365	62673748	0.002412205214874340000
chr3	182459690	182460103	0.003100163512878010000
chr11	70513213	70513441	0.003824226857892650000
chr3	124775999	124776038	0.005037293259241190000
chr16	71523144	71523912	0.042701733982016600000
chr1	167020561	167021147	0.000421157934945370000
chr5	148438006	148438389	0.000083157584669280800
chr17	8860140	8860431	0.000661348069792067000
chr12	27396229	27396983	0.028244221676902100000
chr13	25766431	25766851	0.001419058562101720000
chr17	66339916	66339947	0.001427943690994020000
chr17	5000803	5001281	0.001988572045528150000
chr2	217419293	217420142	0.000405878072987329000
chr3	131099951	131101138	0.003085706569575740000
chr14	75017934	75018231	0.000231099098911487000
chr19	51670251	51670552	0.004397850640030770000
chr16	28554384	28554443	0.000085668470773859600
chr16	54169984	54170217	0.000185044179416609000
chr8	145946594	145946869	0.000603875881493937000
chr3	123407492	123407570	0.000062326859771876100
chr1	116312729	116312839	0.000216522876653884000
chr17	6563516	6563585	0.000150917472421745000
chr7	1127175	1127767	0.015446486326517100000
chr4	87813407	87814065	0.025126619994214400000
chr8	105478683	105479367	0.002849682161391160000
chr6	43043110	43043831	0.001153775632111680000
chr19	8749178	8749571	0.000246276860842658000
chr13	24844108	24844242	0.013768266199682400000
chr2	202286912	202287499	0.003904854206797100000
chr17	43510266	43510681	0.000304675466814975000
chr5	14118611	14119187	0.000868072211278685000
chr14	95942049	95942666	0.005640172314700590000
chr16	55496274	55496547	0.001982564569099370000
chr6	41675635	41675966	0.002350310685977050000
chr7	39740448	39740780	0.000243011144748813000
chr17	48845563	48846189	0.017988410403870100000
chr5	34917095	34917257	0.004324249429949910000
chr5	156771488	156771494	0.001303180217857080000
chr22	28012091	28012700	0.002073903114826720000
chr6	84140564	84141234	0.030290531033505500000
chr19	4474970	4475274	0.007852387577950170000
chr17	72542117	72542918	0.000715789431374793000
chr7	132435910	132436330	0.002991577337586980000
chr14	52779847	52780158	0.006190622434053980000
chr2	234159253	234159346	0.008159766152400540000
chr10	134552766	134553188	0.000402847153431681000
chr8	145925258	145925997	0.017081677299120500000
chr17	79859809	79859999	0.005095679706623280000
chr8	25904914	25905747	0.012650108442199400000
chr4	88162328	88162776	0.000866995249755871000
chr12	125020047	125020479	0.036240463360866000000
chr1	27559823	27560050	0.006469956866932500000
chr1	234349253	234349696	0.000847271832088203000
chr11	2883529	2884460	0.020278046044221000000
chr4	114605002	114605747	0.000629178866688947000
chr5	175298558	175299035	0.004392963813073290000
chr7	76054035	76054256	0.002770269447865510000
chr15	89929102	89929470	0.000301814556723651000
chr18	48088362	48088627	0.000333228827963647000
chr1	33896226	33897012	0.000687600168062229000
chr2	9564783	9565042	0.000876237744491870000
chr1	158056418	158056461	0.001212006496555160000
chr5	14017988	14018262	0.001160224399746570000
chr14	21539712	21540329	0.022899534320898000000
chr1	47998637	47999163	0.001179160107676370000
chr5	148416733	148417172	0.000602608905864728000
chr6	111928080	111928234	0.000326902453983808000
chr1	205550148	205550669	0.000743830456270859000
chr4	159960676	159960791	0.000637241003861181000
chr1	43533796	43534324	0.001118826432904020000
chr17	39743241	39744025	0.000515468994487141000
chr2	70213021	70213304	0.000452007458046020000
chr11	47517145	47517381	0.000156160338842527000
chr15	101587506	101587971	0.000178993083272418000
chr17	202588	203392	0.023251566002145800000
chr18	12998311	12998806	0.000843671286664238000
chr10	4075946	4076396	0.000251870950712093000
chr2	102332995	102333216	0.000681140654178830000
chr8	9040044	9040197	0.000086054934921311700
chr8	142161840	142161988	0.000194078575257310000
chr6	14543106	14543428	0.000549243575988411000
chr20	39800368	39801027	0.003068648598888830000
chr6	33870691	33870701	0.003771166341007440000
chr2	137013517	137013810	0.000072347065409407000
chr7	26676945	26677423	0.004907264835491530000
chr22	45618904	45619409	0.000575397401099663000
chr16	84552811	84552874	0.000295987775437257000
chr14	21058360	21059287	0.013689042830644900000
chr5	16674894	16675118	0.000102942662537079000
chr3	3170567	3170767	0.000341416305632002000
chr7	150216489	150217081	0.008987205969828220000
chr22	23521007	23521895	0.001447278837693310000
chr7	115608503	115608801	0.002256869813961140000
chr1	22384767	22384926	0.000067919521013498000
chr2	80549579	80549973	0.001953157649028480000
chr1	212420632	212420875	0.000068274089784775400
chr1	29212825	29213367	0.034989535358753100000
chr2	33515130	33515313	0.001272620192605190000
chr12	108727968	108728433	0.000608304636627476000
chr14	105952613	105953166	0.009392177349047340000
chr2	233270950	233271583	0.000188368971430478000
chr6	22147182	22148082	0.003598331176744430000
chr15	42022754	42023104	0.000386282490510833000
chr16	57643932	57644411	0.003990326111125510000
chr13	50801738	50802085	0.000120099423665349000
chr6	20689061	20689477	0.001655803578595360000
chr17	1101093	1101278	0.000086352918770906800
chr17	4634022	4634211	0.000178723716785670000
chr2	110271930	110272121	0.001546778191057020000
chr4	56859639	56860292	0.000763689781898882000
chr15	79382548	79383644	0.045009819218454400000
chr6	41659360	41659658	0.001408885797982500000
chr3	61547104	61547951	0.038637085876904000000
chr19	33781539	33781782	0.000168987320456619000
chr6	32140544	32141146	0.027862875935137300000
chr3	52274051	52274561	0.001309564982938080000
chr17	77111427	77111684	0.000159639033475861000
chr21	46340351	46340517	0.001069307771075790000
chr19	9907044	9907569	0.000459450133677472000
chr8	82607241	82607760	0.012050750849703600000
chr6	143718452	143718679	0.001708813120502040000
chr7	105662697	105662884	0.000681796768853243000
chr3	171611793	171612219	0.003592679184147240000
chr2	9922252	9922575	0.000317036242940340000
chr11	105010284	105010531	0.002246062701763700000
chr16	75509461	75510036	0.001932285192260830000
chr7	157695230	157695747	0.000177503294068510000
chr17	424205	424358	0.002915930570761040000
chr1	19276144	19276353	0.001787386152794460000
chr18	31158497	31159082	0.015383470583882800000
chr1	145075349	145075538	0.004696025674683610000
chr9	131871736	131872018	0.000784046001619627000
chr11	124480409	124481193	0.004029421143078460000
chr9	134163714	134163973	0.000990323450078858000
chr7	43652291	43652643	0.000111006596105601000
chr7	23489752	23489930	0.000162182151628232000
chr1	44482918	44483866	0.015480039752450700000
chr11	67174623	67174843	0.001197719246355630000
chr12	124985889	124986124	0.000125310546568605000
chr2	138721566	138721868	0.004758797200599270000
chr1	182361500	182362230	0.006140182804022650000
chr6	29342253	29343198	0.013206254858933600000
chr1	162350943	162351664	0.003353299519437180000
chr10	78651384	78651415	0.000077771723897716000
chr8	80712989	80713017	0.000078553313814667100
chr22	40353266	40353362	0.001662537582244960000
chr2	232252780	232253149	0.000492837126257121000
chr1	14029875	14030141	0.002833776607581130000
chr17	72933718	72934409	0.001264785383511170000
chr2	108669215	108669494	0.000096880827855642500
chr10	95123718	95123774	0.000102149810989790000
chr5	134827643	134828036	0.007583041165532640000
chr2	129492610	129492760	0.000169897955403588000
chr19	55813339	55814068	0.000723074697222948000
chr5	87989866	87990145	0.018982999601094000000
chr10	134956556	134957173	0.001095409088408310000
chr19	10213271	10213817	0.008623437230531980000
chr12	58160843	58160989	0.004033969768178830000
chr12	131558252	131559071	0.001235154593401200000
chr6	75794800	75795067	0.002096683954637990000
chr1	55753454	55754205	0.000267400645658587000
chr16	30099793	30100430	0.000810327909185629000
chr14	98444151	98444533	0.024037197286569200000
chr22	21311184	21311670	0.015777863266322900000
chr1	23523635	23523909	0.000132220488711425000
chr2	65282029	65282463	0.003512312740668180000
chr21	46327720	46328106	0.000661471329487984000
chr9	130964374	130964508	0.005411767570598110000
chr7	157294107	157294502	0.013212053589384100000
chr16	50727221	50727464	0.004886649328690470000
chr1	207082479	207082900	0.001779513359723000000
chr2	113478848	113479150	0.004864397307852000000
chr21	39237592	39238433	0.000584029450481117000
chr10	50819928	50820278	0.006048722270371190000
chr12	56236534	56237315	0.003303218466959330000
chr10	129682813	129683366	0.001183169239827040000
chr6	6890951	6891077	0.000052586804916372400
chr19	50117794	50118172	0.002764874938714530000
chr4	164395112	164395512	0.000376521743224864000
chr2	113824657	113825234	0.000113072437255959000
chr6	13582059	13582331	0.000345807019739715000
chr21	47170195	47170466	0.000438609284160367000
chr8	144680115	144680433	0.002620650988623850000
chr6	169740686	169740781	0.000064899681885676500
chr4	164253006	164253332	0.006538376117387590000
chr12	53241901	53242922	0.049535422163048200000
chr16	2721629	2722115	0.001245731296043800000
chr4	85887382	85887769	0.000501657310657450000
chr5	175613327	175613405	0.000517144123562424000
chr15	45007015	45007647	0.004095908250913440000
chr20	24974258	24974513	0.008043936559786480000
chr12	113573751	113574368	0.001094727321439600000
chr6	106720270	106720478	0.001795741606106080000
chr10	89553803	89554130	0.000101832135982154000
chr9	103234941	103235181	0.000551531439482155000
chr6	7402920	7403054	0.000130375208621362000
chr1	228658646	228659399	0.003666920507478950000
chr6	10426099	10426412	0.014638820330227800000
chr2	10425661	10425713	0.000169140375454859000
chr2	109253700	109254039	0.000112259660817186000
chr2	106814630	106814741	0.001367956933057580000
chr3	47292165	47292226	0.000944139086750638000
chr17	46641708	46642104	0.012353111582338400000
chr16	27242166	27242311	0.002169699276528490000
chr11	45713046	45713350	0.000120238107287757000
chr13	100195189	100195258	0.000632810417563481000
chr2	7150625	7150719	0.000113992315459133000
chr3	112693867	112694537	0.015378182256365000000
chr17	1628643	1628727	0.000639820863011616000
chr12	7032793	7033146	0.001723520681588360000
chr2	37571178	37572102	0.016613487366731000000
chr16	88989069	88989387	0.016008705739570000000
chr7	5434453	5435066	0.000664000696929791000
chr15	67423452	67423715	0.000285046079624207000
chr22	39788527	39788876	0.000179122176241250000
chr17	12693578	12694843	0.000831899766320139000
chr10	99477939	99478719	0.000816156845195442000
chr11	66336711	66337115	0.000290533418843976000
chr3	49851353	49851942	0.018890661337496200000
chr10	96442621	96442674	0.009270383842502900000
chr1	159915970	159916472	0.002169177572430650000
chr9	128818525	128819199	0.002418027147099890000
chr7	47578960	47579678	0.000664628215822062000
chr2	74607470	74608892	0.003160286678546990000
chr13	28346757	28346998	0.000173466290290953000
chr2	12246651	12246704	0.000957373936236711000
chr3	192445081	192445594	0.000113259265520563000
chr22	36206443	36206677	0.001853380248640060000
chr17	37897822	37898460	0.003630579126490040000
chr12	10170456	10171151	0.000749822536358300000
chr4	86850108	86850721	0.004795228346147260000
chr11	102496104	102496501	0.007703728895818080000
chr10	7486755	7486981	0.000090635308116382200
chr6	150390894	150390963	0.012083721427186200000
chr11	126310323	126310870	0.031318925833839800000
chr12	54332695	54333323	0.005360700647335330000
chr11	76905064	76905468	0.000109633643957969000
chr12	129279936	129280449	0.012126450151631100000
chr7	75698438	75698600	0.000208067013420801000
chr1	159409207	159410002	0.001908885463907710000
chr1	201750284	201751291	0.005153252606353480000
chr6	24365046	24365343	0.001832903656815130000
chr4	3704852	3705147	0.002818618279672650000
chr16	75515554	75515745	0.000114693306267582000
chr20	10838068	10838139	0.002324665872014630000
chr5	127675452	127675527	0.000198075674252286000
chr8	93647121	93647309	0.000100189971054051000
chr17	66308577	66308601	0.000920727139342153000
chr4	37530004	37530341	0.000362475669983084000
chr1	2936585	2936768	0.000070548450661215900
chr22	43548696	43548888	0.001896386927068620000
chr7	35292896	35293537	0.012003049233257700000
chr1	116381079	116382363	0.042934378789413300000
chr7	47693630	47694857	0.006344363209489910000
chr18	29962408	29963177	0.000651646622735107000
chr16	10926204	10926303	0.000099116232711638000
chr11	13485413	13485556	0.000371721200436661000
chr8	102996241	102996800	0.001176317525375050000
chr2	208839085	208840029	0.000532035173560876000
chr3	125899144	125899925	0.018441060890411600000
chr11	119187772	119188468	0.003037018560892530000
chr12	64360878	64361279	0.001442835634341310000
chr8	88884985	88885469	0.000543237927273077000
chr7	73392697	73393148	0.000462724877106032000
chr7	73133398	73134191	0.029203905652770300000
chr4	87770089	87770744	0.000503650167424202000
chr15	78034482	78035113	0.001023367818994230000
chr5	169372282	169372529	0.001406531412209760000
chr11	6425422	6426183	0.001603741135231580000
chr10	1257678	1258225	0.008618403711111590000
chr13	46074928	46075084	0.000620195709042537000
chr2	206789816	206790289	0.003406330300189830000
chr1	184861111	184861477	0.001513334870133690000
chr15	69754296	69754714	0.006644916282125630000
chr2	90076664	90077022	0.004854088616183350000
chr4	26016797	26017163	0.000210673213225271000
chr4	140715901	140715994	0.002289233403618750000
chr17	16200441	16200581	0.000090431066073743100
chr4	77518782	77519000	0.000339475277843562000
chr1	59040648	59041407	0.001456469051013560000
chr3	153839743	153840477	0.001741081348047860000
chr5	135157097	135157736	0.000879951159976932000
chr3	54155913	54156332	0.017312228262782700000
chr2	98344487	98344873	0.000826671706511762000
chr21	38076709	38077347	0.002611788686390150000
chr2	177029459	177030228	0.000596981942241769000
chr1	85930863	85931301	0.026869457140337600000
chr20	31174166	31174721	0.000174139143162376000
chr4	189060646	189061157	0.000523435834044692000
chr17	38582134	38582502	0.001042452667521810000
chr3	55693182	55693741	0.005157004837038520000
chr15	85376403	85376808	0.000285283200127944000
chr2	216491679	216491772	0.000055207435067868800
chr6	30922655	30922981	0.000299201306531100000
chr7	1012599	1012935	0.000642853229253908000
chr15	68117162	68117917	0.002268529020177010000
chr11	76777005	76777325	0.000061340282631744400
chr2	174220966	174221049	0.002384716068747250000
chr2	240884646	240884925	0.008339554889477710000
chr14	55840839	55841074	0.000213174656286272000
chr6	49604368	49604722	0.002808389435601200000
chr6	128239611	128239728	0.002194781576382010000
chr1	36351841	36352279	0.001349652444446200000
chr13	31256334	31256484	0.000086686297969568900
chr19	39142011	39142260	0.000425977400712373000
chr11	128335383	128335642	0.001280088902252340000
chr2	96926568	96926977	0.001680615502023040000
chr3	4863817	4864036	0.007109966554527400000
chr11	111748148	111748583	0.012947074606769200000
chr17	55952063	55952563	0.008337286228479440000
chr15	90056658	90056913	0.000096007973819945500
chr12	111540324	111541563	0.001198707756802380000
chr15	96903559	96903665	0.006329623086573920000
chr5	136104423	136104577	0.001016703316232660000
chr1	7731906	7732006	0.000107965720408033000
chr5	118664518	118664824	0.004210447562275680000
chr13	71877351	71877361	0.000069047411175092700
chr8	81549775	81550719	0.000330860406225332000
chr9	134545318	134545713	0.004755110307042420000
chr3	127395387	127396255	0.000838340199456083000
chr18	7945819	7946074	0.000396301600529886000
chr22	23540280	23540461	0.001267955223802670000
chr4	40317100	40317306	0.000068657744250478700
chr14	103775537	103775765	0.000401480741145274000
chr2	219738529	219738732	0.002213487754414150000
chr17	73484082	73484116	0.000545241081045913000
chr16	85253980	85254209	0.006802841309287570000
chr16	11277202	11277453	0.000348828049520917000
chr1	116574006	116574091	0.000074619131846626100
chr3	196365939	196366191	0.003204614456536420000
chr22	46403218	46403316	0.003263867499459240000
chr2	86574891	86575088	0.000323956063353654000
chr1	1008091	1008207	0.000089199908674150900
chr1	66822466	66822848	0.001624695505433420000
chr5	156642893	156644040	0.000885565866061611000
chr5	1445354	1446208	0.017365816619075300000
chr16	70680104	70680817	0.001121789371490530000
chr7	43134845	43134938	0.000441326465808943000
chr14	102102407	102102737	0.000351673995434051000
chr2	45231782	45232117	0.001124266023404280000
chr7	151087534	151087726	0.000963786960208930000
chr5	1725823	1726243	0.009281981039182970000
chr11	64835040	64835219	0.002025184186419600000
chr10	119183807	119184482	0.006037192767119990000
chr1	153366428	153366607	0.000962081765948294000
chr21	40717570	40718462	0.024596466270236500000
chr1	33190951	33191557	0.000424235446553190000
chr2	238525194	238525820	0.002847394551599480000
chr11	10590003	10590587	0.002358086036139610000
chr19	40946878	40948296	0.000225489266480027000
chr6	7112846	7113051	0.000534569750623062000
chr2	43295011	43295389	0.003075472680841180000
chr5	1494980	1495356	0.011755021339171100000
chr16	57816956	57817250	0.000276588846641580000
chr17	80189645	80190154	0.031574084022785800000
chr10	90552437	90552813	0.002365864051235900000
chr10	22016410	22016863	0.002937153443741260000
chr15	91488186	91488530	0.001666735983349850000
chr6	112683508	112683887	0.000567162660211734000
chr9	90987918	90988224	0.000903120760725469000
chr4	1221838	1221935	0.000770003151278261000
chr2	72426232	72426319	0.000146107040285405000
chr22	32556170	32556618	0.005880292618484590000
chr6	29555939	29556415	0.017791824124661800000
chr17	62461286	62462051	0.001653525626706280000
chr7	29721452	29721696	0.000655206935560746000
chr2	74726478	74727010	0.010357968772056800000
chr17	27913793	27913901	0.001551123976710440000
chr17	41928941	41929283	0.000227134784434098000
chr17	2843206	2843257	0.001699524969630000000
chr4	25028641	25028948	0.002253820611741540000
chr11	123430575	123431162	0.009675721536828630000
chr3	171964315	171965010	0.001161686056528390000
chr2	220075811	220075963	0.000107905478555050000
chr1	26331449	26332153	0.000859277573371498000
chr18	28897048	28897372	0.000941035933010364000
chr8	38205729	38206041	0.000145198520748375000
chr13	99966887	99967378	0.000882852673070442000
chr10	92680914	92681505	0.000553936978779167000
chr10	65797118	65797239	0.001725742305257350000
chr21	39871287	39871503	0.019006366906654100000
chr7	46691564	46692092	0.001285372911918780000
chr20	290737	291101	0.000325352099963475000
chr7	44195590	44195941	0.001438841277375330000
chr5	3599686	3599719	0.003902653093707480000
chr8	103109648	103110169	0.003422525522870840000
chr15	50754893	50755548	0.000604647322023713000
chr10	101468959	101469590	0.001086136436232150000
chr11	60623415	60623639	0.002627319991757400000
chr2	108160374	108160411	0.000114671247657599000
chr16	30976186	30976273	0.002713921583198520000
chr17	15554603	15555115	0.001908720424493270000
chr14	103796437	103796740	0.000104952055774442000
chr10	133871212	133871444	0.003842677951775690000
chr5	1335846	1335965	0.000682533026115825000
chr19	53757677	53758309	0.003022085552896350000
chr5	10594738	10595660	0.001109760208407980000
chr6	139454751	139454928	0.001339299961993920000
chr2	16383282	16383676	0.000143184949230994000
chr4	91156040	91156290	0.004770684005667700000
chr1	181105236	181105575	0.000264462777171224000
chr5	10336006	10336062	0.002316399322020450000
chr9	116534960	116535013	0.000084589844936235600
chr8	23029296	23029736	0.005712822331393590000
chr3	179064461	179064487	0.006669784352633800000
chr15	39760708	39760933	0.000306648304637940000
chr11	57281561	57281614	0.002377192127199190000
chr14	62277673	62277741	0.004164887385965510000
chr15	93790914	93791068	0.000183523872022018000
chr22	46932353	46932833	0.016963705292531200000
chr8	54935911	54936189	0.000477158676828481000
chr2	945298	945423	0.001186240203136290000
chr5	143748397	143748744	0.001177739959981310000
chr19	52276387	52276554	0.000622889755913371000
chr11	11564925	11565148	0.000351774388017047000
chr17	39143887	39143980	0.005995404065270290000
chr16	771506	772142	0.001222821225755750000
chr11	45703864	45704204	0.001089692010258180000
chr22	32772211	32772257	0.000142783272350459000
chr11	34486195	34486306	0.000291489108556486000
chr6	34501843	34502119	0.000237432671279802000
chr9	97671922	97671969	0.001619930165574670000
chr2	228632590	228632807	0.000133777952654329000
chr7	95179670	95179985	0.000156665922108275000
chr1	19990624	19991237	0.012075691551834500000
chr11	71956145	71957134	0.021803080379619300000
chr11	68142198	68142385	0.000367866743454561000
chr9	505571	505721	0.000402920380169200000
chr2	430882	430929	0.001597396645116980000
chr7	71868406	71869570	0.000585712264432244000
chr12	29300854	29301145	0.000535168336289133000
chr3	37934293	37934586	0.001690396958654880000
chr4	170913337	170914373	0.000766993393226199000
chr1	3382237	3383526	0.004223465605219050000
chr8	142183179	142183860	0.005543142849390340000
chr1	15930094	15930386	0.002329594123109130000
chr5	162684769	162684983	0.002877544023450900000
chr20	35924929	35924996	0.000583416921433878000
chr8	124284176	124284379	0.000145332646650040000
chr12	50297936	50298376	0.000815371973806687000
chr16	81480551	81480610	0.003175617236741360000
chr16	75322715	75322931	0.000960543021291302000
chr11	15136059	15136505	0.046436293087723600000
chr17	27071930	27072251	0.006613050906721210000
chr6	32730130	32730859	0.000078014568921160900
chr4	74734574	74734919	0.002375757353677280000
chr11	64509084	64509892	0.010253277348999400000
chr6	157274188	157274454	0.000273973241971719000
chr7	141561614	141562167	0.000454391642592738000
chr20	55573763	55575133	0.003999226392149960000
chr4	154451068	154451356	0.000203508190098758000
chr3	52566601	52567010	0.011486136900384300000
chr17	39092846	39093054	0.002479420826665370000
chr1	155188904	155188982	0.000272244723170912000
chr12	22094750	22095330	0.001505145892491820000
chr15	96896940	96897475	0.002694884587900210000
chr10	5638081	5638488	0.004735692621771720000
chr16	560441	560855	0.000171573359813295000
chr5	172044302	172044853	0.000657512367975063000
chr21	40266015	40266574	0.002235157622786770000
chr17	60744836	60745135	0.001005395370193210000
chr9	38023005	38023348	0.001387408423859560000
chr15	101604085	101604462	0.007254565516839470000
chr1	151583925	151584078	0.001311607180151960000
chr2	230989183	230989210	0.001314240876870420000
chr1	200990247	200990482	0.000100330450893978000
chr21	39649500	39649958	0.006298527695168480000
chr12	46614507	46614854	0.000378648155806968000
chr6	28457911	28458328	0.003486451493783830000
chr7	75803169	75803284	0.000201010971950593000
chr7	1734117	1734389	0.006180215989319750000
chr3	71337491	71337816	0.000203681542574340000
chr10	75619420	75619500	0.002358413506642120000
chr9	124581775	124582156	0.002014735435599220000
chr11	47844773	47845029	0.000170799557746375000
chr11	122709471	122709551	0.000186289184112048000
chr6	144018187	144018564	0.000574701989475853000
chr22	29427488	29427851	0.013023551671407900000
chr11	11590279	11590474	0.003625768060448990000
chr1	221067662	221067782	0.008282493298428050000
chr2	46294020	46294133	0.000804345651727049000
chr4	42894770	42895240	0.004517686517921160000
chr15	84658986	84659293	0.005809832979172440000
chr17	80278914	80279675	0.017830433671566000000
chr17	16838176	16838510	0.000146305314204628000
chr10	78906841	78907156	0.001528206208986710000
chr2	149312369	149312414	0.000131592216691819000
chr12	66459015	66459032	0.000084136668695783100
chr3	185540119	185540407	0.000882645188526189000
chr20	57394000	57394097	0.000378751813897119000
chr15	79229592	79230236	0.001928150206962530000
chr2	102978461	102978605	0.000064210274537031200
chr13	30938410	30938773	0.003765761163071160000
chr12	113797418	113798112	0.004218571430724500000
chr16	75635920	75635960	0.002420729174337390000
chr11	6644643	6644764	0.000327932075767834000
chr1	1067099	1067397	0.011490568798341000000
chr17	56082780	56082885	0.000320365358324109000
chr10	134885550	134886312	0.000580392990655851000
chr21	36346334	36346412	0.000322668410824700000
chr17	38601424	38601676	0.000141875142845972000
chr6	447226	447777	0.007175769645244620000
chr1	67631342	67632028	0.001307810768911600000
chr2	47570607	47570928	0.000141363119176451000
chr10	94582272	94583054	0.004443225924733570000
chr4	178229651	178230178	0.004896282359720370000
chr16	2256512	2256716	0.000639659496698360000
chr17	78073854	78074205	0.023641063842011100000
chr11	118763674	118764003	0.027241985358326600000
chr10	102758403	102758609	0.000625522978430572000
chr10	99053150	99053824	0.003462669644384170000
chr10	46970584	46970868	0.001018650654347200000
chr14	67878938	67879385	0.009518046930432730000
chr2	219446965	219447139	0.000069881032127718400
chr14	37135898	37136391	0.000895949667881695000
chr2	85921438	85922477	0.013760463550473200000
chr10	3933770	3933940	0.000103991117080275000
chr1	3563485	3564031	0.017941373901783600000
chr3	187420335	187420708	0.001022685072247730000
chr3	18141297	18141351	0.000153006424725180000
chr12	13683008	13683399	0.000778207419353485000
chr11	128813442	128814702	0.005927090683032900000
chr10	11020196	11020464	0.001803992091061160000
chr18	48564740	48564941	0.000103050552822109000
chr14	21624639	21625173	0.016696452069621600000
chr13	84456577	84456989	0.000530977442040772000
chr12	54805345	54806218	0.000686715454972564000
chr8	23626607	23626859	0.001861007319703900000
chr16	30907560	30908233	0.008529013215426090000
chr1	55165726	55166071	0.000664526784693482000
chr3	150805167	150805388	0.002436592441808950000
chr4	55898268	55898322	0.000142699503225456000
chr20	44258197	44258384	0.004711947900317900000
chr1	55045839	55046065	0.000129418726248210000
chr4	108783286	108784058	0.005093315322610430000
chr2	228735290	228736089	0.001039874169871060000
chr11	63949188	63949212	0.006765934435141910000
chr17	73511085	73511087	0.000530309841859713000
chr18	45662275	45662360	0.000474988175923725000
chr15	63024668	63024984	0.007113571383171690000
chr1	37319298	37319546	0.001026529918607300000
chr10	46997805	46998903	0.000547985238363784000
chr1	2038377	2038940	0.010357953949396400000
chr2	97204931	97205147	0.000774196735065730000
chr5	172264601	172264981	0.006961374363377810000
chr12	105477526	105477694	0.004281544773539230000
chr3	131644555	131645295	0.000858212492136429000
chr1	26646309	26646801	0.001051523337893540000
chr1	247837482	247837536	0.000085313280592856100
chr5	158952230	158952498	0.000176068134148887000
chr1	36335157	36335392	0.000108621417401014000
chr22	29665040	29665413	0.002023314713650460000
chr9	1536641	1536731	0.000128674937037074000
chr19	47141551	47141856	0.000643026852908378000
chr9	137611388	137611646	0.000373911149897884000
chr12	110511505	110511676	0.000111136211081621000
chr4	48972614	48972831	0.000082005933557150800
chr11	334251	334833	0.015469746556887900000
chr6	32119616	32120203	0.038691135345231800000
chr20	30844648	30844736	0.002921653725120860000
chr6	130013600	130013903	0.001095944877448780000
chr8	2093220	2093254	0.001153865560388350000
chr2	47197798	47198044	0.000364174983138938000
chr19	40896506	40896583	0.023088233995186200000
chr21	40302850	40303152	0.000151944359163822000
chr22	32347971	32348076	0.004909800397242990000
chr9	133768931	133769266	0.002994099071522780000
chr7	132443002	132443545	0.001201774180467410000
chr9	127539942	127540080	0.006163542873959650000
chr6	52150260	52150456	0.001170239000241940000
chr14	54413371	54413931	0.023824745907327700000
chr11	67803715	67804112	0.002715675217272910000
chr2	166982670	166982931	0.006441366158831750000
chr15	93114995	93115423	0.004703218537320190000
chr1	205482924	205483846	0.001804872157844870000
chr2	135674925	135675014	0.003288935274523270000
chr9	132584750	132584943	0.001399054130185990000
chr16	87312259	87312869	0.005366152059431530000
chr2	10586873	10587170	0.000277581078559394000
chr19	42300200	42300812	0.001727149016442420000
chr2	223709146	223709253	0.000587440868813865000
chr3	49700419	49700605	0.000389248977272672000
chr10	33562205	33562403	0.000349917855036852000
chr10	111659687	111659903	0.000137314726268582000
chr2	131864169	131864330	0.000958286548415611000
chr14	104182836	104182951	0.011017158023960700000
chr3	46131480	46131862	0.002569924655119170000
chr3	40140613	40141086	0.000066991723236989200
chr8	72744974	72745197	0.000231813270785665000
chr19	54785076	54785518	0.001435080911287910000
chr4	114374589	114374910	0.000160892849436814000
chr7	55543199	55543698	0.005947749238318050000
chr6	30041727	30042636	0.019416371513760000000
chr2	20739356	20739982	0.001401848616762100000
chr2	220282165	220282563	0.012463267547657900000
chr17	74816428	74816632	0.000080414788774098800
chr4	74853333	74853779	0.000213584485033251000
chr11	122063558	122063843	0.000102881778711630000
chr5	153862183	153862752	0.000712249773894908000
chr1	172419004	172419269	0.001879935398088510000
chr15	76633981	76635638	0.020365755171837800000
chr5	171867729	171867749	0.000207901348180975000
chr6	22568278	22568625	0.000436443426213523000
chr10	73408185	73408420	0.000106912132648442000
chr17	26684261	26684801	0.024360977191366200000
chr2	40740063	40740634	0.002549654532260680000
chr4	40690594	40690643	0.001162298440919790000
chr20	13040655	13040911	0.000111973844464825000
chr7	155352634	155352766	0.000330579443411874000
chr6	144675360	144675582	0.007620731136753510000
chr6	33245990	33246488	0.048649341502909900000
chr5	88056677	88057040	0.000508554165091462000
chr9	123947445	123947702	0.000132787983770487000
chr14	52325747	52326463	0.000315176128826940000
chr1	244531718	244531920	0.009156672724030200000
chr19	4104579	4105153	0.005545660166401550000
chr14	53418812	53419337	0.008518783965127600000
chr1	206226794	206227162	0.000175536510098487000
chr12	7341062	7341276	0.035562824024639100000
chr14	101505523	101506579	0.016933765608278500000
chr15	86236291	86237653	0.000159329886198117000
chr15	82172767	82172817	0.001370082328966690000
chr12	19801258	19801375	0.001587671646461110000
chr5	68787696	68788497	0.032635211473937500000
chr13	107143614	107144353	0.001775900680860900000
chr5	132083532	132083910	0.005091631065419140000
chr12	125365782	125365941	0.002419133527874310000
chr20	60528372	60529016	0.000304362632619755000
chr20	31123396	31123990	0.014044497969586800000
chr11	46940220	46940613	0.000855184386824421000
chr8	48290341	48290343	0.001562320303155020000
chr4	114901059	114901454	0.000509759677840237000
chr19	19675769	19676113	0.002419923739754270000
chr13	53336853	53336890	0.000067283339507271600
chr6	100906182	100906895	0.015864331072598100000
chr3	119030023	119030451	0.000748635798483791000
chr3	72199459	72200396	0.002766130421210870000
chr5	133377824	133377914	0.000086583094360764300
chr1	46144754	46145067	0.000247722883690843000
chr11	250601	251223	0.033289948489838700000
chr12	125340859	125341054	0.000100449944281161000
chr11	112126170	112126301	0.003480212094943940000
chr22	44257997	44258712	0.036349611813011600000
chr1	42105137	42105522	0.000773396113221768000
chr6	71124013	71124075	0.002789767014612040000
chr14	22984401	22984699	0.001654531693314650000
chr16	56625817	56626178	0.001974318795339580000
chr7	126990115	126990845	0.001628805826042290000
chr7	81662170	81662453	0.002341563225354700000
chr8	81033597	81033743	0.001931723816776950000
chr17	7018242	7019091	0.028280500396962400000
chr19	3398778	3399015	0.002093695778936410000
chr7	80907	81075	0.000252285795663820000
chr7	7557590	7557741	0.000116716816235320000
chr7	36300278	36301103	0.001173260426985730000
chr1	27884179	27884618	0.000232779131073968000
chr10	8094142	8094679	0.001209580621933890000
chr14	102499390	102499720	0.000400492502027629000
chr22	25171162	25171372	0.001233256778225450000
chr6	113787498	113787865	0.001996779000285840000
chr4	107725	107897	0.000341416840102614000
chr15	57598511	57598924	0.000507311171942677000
chr12	56329615	56329903	0.015826203633591600000
chr8	21980345	21980508	0.000075036854292685200
chr2	239059379	239059649	0.000080555588522948100
chr9	35844507	35844849	0.000883221295969934000
chr13	114126424	114126476	0.001360773523415930000
chr7	157584994	157585255	0.004413129325284220000
chr20	32011218	32011533	0.000316150539364824000
chr11	64404325	64405054	0.004104357093602150000
chr16	87958281	87958493	0.010295305363427200000
chr5	59326407	59326529	0.000622463300297465000
chr16	55702285	55702465	0.000179034342868218000
chr14	69404437	69404662	0.000107831846157161000
chr6	140863982	140864365	0.002192556853350160000
chr19	39892426	39892799	0.002475533452946600000
chr11	70678605	70678897	0.000143539044884733000
chr2	25110049	25110296	0.000098868383426683400
chr11	124805912	124806508	0.006539502390280670000
chr15	93257525	93257913	0.008913649335916110000
chr4	84407534	84407894	0.000240173039783042000
chr2	170618192	170618557	0.001456620537593440000
chr2	16190121	16190489	0.005581873994430640000
chr8	42551078	42551523	0.000207879043259147000
chr2	235748237	235748808	0.001355647968916900000
chr1	227058754	227059109	0.002320550456811230000
chr6	148598327	148598455	0.000307980408009997000
chr6	150067732	150068215	0.030981366030721600000
chr8	1860592	1861136	0.037561953487506800000
chr16	27654256	27654375	0.000299676341084584000
chr8	65498812	65499369	0.015420719905417300000
chr16	55599921	55600544	0.008490851747770390000
chr13	80354114	80354532	0.001607423799519010000
chr1	184792502	184792781	0.000352753177677178000
chr2	234359654	234359783	0.003056759139405080000
chr14	88457175	88457365	0.000448218920554461000
chr16	70698146	70698362	0.000193127188308998000
chr10	72358696	72359588	0.032889375318607400000
chr1	41829983	41830161	0.000339095667940161000
chr16	2552820	2553178	0.000156608813647796000
chr2	228245254	228245511	0.006096693411282790000
chr17	1304776	1305040	0.000490100915695503000
chr2	208694969	208695818	0.000437239642693983000
chr3	39254882	39255117	0.000724069892707763000
chr20	1600623	1600705	0.000857078330108361000
chr15	70393448	70393940	0.002587633154807900000
chr2	39892502	39892612	0.006242997012686990000
chr14	101875543	101876076	0.006117747412172100000
chr6	35742999	35743107	0.000226612371510134000
chr15	41914122	41914454	0.000916961113658085000
chr22	43327098	43327600	0.001087722986885450000
chr3	32079007	32079277	0.000131871498410738000
chr5	2757023	2757244	0.003895010834756950000
chr3	72027851	72028211	0.000354096157683015000
chr15	67068074	67068378	0.001220494735405880000
chr14	74317981	74318162	0.003115880072359520000
chr16	88858204	88858315	0.002332176023118860000
chr1	19939830	19940140	0.000469387451974636000
chr17	79476186	79476521	0.000266012786924447000
chr2	27236732	27237462	0.010920468581684900000
chr6	28664155	28664226	0.000837160780026598000
chr17	54230419	54230996	0.013388245715170500000
chr10	134269042	134269240	0.000949943758712120000
chr19	53898269	53898513	0.003635608970650360000
chr17	46205147	46205176	0.000436136377023970000
chr1	30569592	30570079	0.001260443764488850000
chr8	142450231	142450415	0.000815354855984922000
chr10	125617197	125617823	0.000200340756460485000
chr12	94019073	94019249	0.000090682307159423700
chr11	110301333	110301606	0.001776452770603110000
chr2	224993012	224993305	0.000826373985788601000
chr12	11918931	11919586	0.001478427002025470000
chr2	26864234	26865249	0.004048774223622610000
chr8	69007363	69007982	0.001385279456685180000
chr7	29872894	29873076	0.000258985699856307000
chr11	119558452	119558768	0.004373696377661580000
chr19	48999025	48999042	0.001024046169222080000
chr13	36444260	36444273	0.001398088630863740000
chr2	216489226	216489343	0.000078845465767288300
chr5	174944395	174944864	0.001558080182927390000
chr8	11331898	11332270	0.000552144155404780000
chr9	17134569	17134970	0.001579708744982050000
chr15	45613645	45613679	0.000390815633011679000
chr3	69914364	69915302	0.004054686179525790000
chr7	101468767	101469146	0.010791126484776400000
chr16	86018680	86018936	0.000745448118250784000
chr22	38685847	38686149	0.000776838056123257000
chr13	37679951	37680691	0.001464466979359660000
chr2	143646385	143646639	0.000262715194804101000
chr11	117665395	117665622	0.000140272063289807000
chr2	17721177	17721984	0.045013188270511300000
chr11	30444984	30446044	0.000448194980562514000
chr2	171674664	171675145	0.030183172331601800000
chr5	132947725	132948256	0.005824198111191800000
chr3	46918266	46918866	0.001638681887763650000
chr9	126414650	126414837	0.000185463863371377000
chr11	66025856	66026390	0.000397632768292752000
chr19	47579456	47579511	0.001860823202029590000
chr12	49505053	49505247	0.001866986014222160000
chr20	62372423	62372750	0.001686825799201510000
chr21	33783773	33783915	0.001919193988843710000
chr14	51296586	51296730	0.006894734210555460000
chr1	201390794	201391747	0.044032255467497000000
chr19	17827930	17827992	0.000279612366369866000
chr10	98923923	98924236	0.000223713850415284000
chr12	64845191	64845239	0.013378133605890300000
chr14	90420449	90420673	0.009716550718648960000
chr7	48048662	48049082	0.005726226553934770000
chr1	117775172	117775445	0.000213738232460315000
chr2	60757640	60758083	0.002651925191630880000
chr1	36004549	36004559	0.001702503429020840000
chr4	184161827	184161973	0.000800788863459949000
chr6	90983735	90983935	0.000369747560985014000
chr21	47351229	47351547	0.001670678467218400000
chr5	177518023	177518025	0.002259137494263000000
chr20	1246703	1246934	0.014461370542953100000
chr22	38484884	38485294	0.023048458931253100000
chr2	44065550	44066294	0.026229584988554500000
chr10	97592418	97592620	0.005423740839617990000
chr8	19266341	19266685	0.000289456114269527000
chr2	191980241	191980337	0.000921486490629015000
chr8	23396373	23396887	0.004569601399854680000
chr19	49181430	49181553	0.000180396339509973000
chr9	127634180	127634403	0.004744868380133660000
chr10	125650957	125651621	0.006041073577356950000
chr3	49908706	49908776	0.000340036324542871000
chr14	22967984	22968031	0.000890426673474249000
chr17	7323357	7323730	0.005925858579954170000
chr1	204949561	204949610	0.000236773085273492000
chr1	6553227	6553510	0.000257626297122710000
chr10	92618033	92618274	0.009992772224437980000
chr12	15090958	15091492	0.000195131161108198000
chr12	133266534	133266769	0.008645482223368040000
chr9	138243864	138244552	0.000591503098939591000
chr9	99329666	99329801	0.002461507950711670000
chr7	1275252	1275630	0.001184748791118790000
chr6	12001569	12002135	0.002126363047370300000
chr17	47967818	47968352	0.002777232663410020000
chr8	134310553	134310718	0.012397135816938600000
chr8	30244710	30245145	0.010339432354353800000
chr18	61143961	61144339	0.001221613161531590000
chr1	211431567	211431828	0.000448422185277019000
chr17	14715369	14715567	0.002265840330939050000
chr5	149868359	149868855	0.001961823532162230000
chr13	100004097	100004738	0.002026970355133530000
chr14	22961766	22964042	0.026203095174490400000
chr12	133336962	133337116	0.006656630350426550000
chr15	77280925	77281418	0.004097265787484390000
chr15	64795662	64795954	0.000689762012043325000
chr3	52220172	52220370	0.000877443760670281000
chr21	48026181	48026476	0.000463510789557991000
chr8	61835708	61836533	0.001179330604837550000
chr5	3606489	3606795	0.007267234094350070000
chr7	158448489	158448712	0.000197192364208098000
chr17	76911989	76912316	0.003129855409743870000
chr2	31805915	31806352	0.029819979700730800000
chr10	88517216	88517608	0.001044568987361100000
chr2	121104029	121104400	0.011719115689937400000
chr12	132329762	132330088	0.002380449031751700000
chr2	162270889	162270993	0.002434951600494440000
chr13	107519535	107519867	0.006584704422053260000
chr10	105275130	105275456	0.002205483563624840000
chr14	100004391	100004594	0.000195880948327512000
chr22	19716556	19716778	0.000103285075498653000
chr11	34229970	34230092	0.000325173146488094000
chr6	36354300	36354988	0.025581473736731100000
chr1	226848569	226848959	0.002488272070844710000
chr13	107001538	107002422	0.002976629229517240000
chr1	155940889	155941006	0.000671666811750483000
chr1	67881572	67882138	0.001781810340248620000
chr16	56483905	56484117	0.000396240458761292000
chr8	142159992	142160235	0.000799042464736653000
chr18	12102529	12102699	0.000113873605486160000
chr9	130616110	130617057	0.002041297491378850000
chr3	167612829	167613730	0.000619624213209356000
chr1	35908609	35908966	0.000306170651268815000
chr1	228109169	228109530	0.000521083770599267000
chr20	4906961	4906994	0.000515843431319866000
chr2	204569955	204570236	0.008177248420146070000
chr2	97196698	97197016	0.000492564253362633000
chr4	183746609	183747346	0.003207270530571080000
chr14	101539195	101539612	0.000141946095100557000
chr9	124029438	124029926	0.033698590853538500000
chr3	15671010	15671452	0.000850929661599069000
chr22	38883833	38884127	0.000345854135460256000
chr11	131533199	131533782	0.000766991919229729000
chr8	24261547	24261642	0.001619110303217300000
chr19	5282046	5282167	0.000445555622671668000
chr5	167547442	167547869	0.001981160715780840000
chr11	31841524	31841980	0.004657614838735780000
chr5	141072814	141072866	0.005449054879371930000
chr2	121107846	121108133	0.005780009003175370000
chr21	35967898	35968217	0.000248540274036088000
chr15	56201496	56201688	0.000103637214456540000
chr6	24926648	24927029	0.002166953639803390000
chr11	3147616	3147966	0.013052415688566500000
chr11	2742507	2742553	0.000236749642290133000
chr6	37751308	37752301	0.002551866550083620000
chr2	85106954	85106968	0.000769371142586024000
chr2	191217424	191217711	0.000145402657034491000
chr6	31093846	31094185	0.005751196286526290000
chr2	105990524	105990540	0.001629578620159310000
chr6	39815812	39815893	0.000105952601670000000
chr2	60711364	60711641	0.000219870972168331000
chr17	55957555	55957633	0.002605105668830710000
chr3	184091243	184091625	0.000132981574282827000
chr4	146856745	146857246	0.001147947958224380000
chr4	89299314	89299948	0.010935498549715500000
chr6	167690581	167690586	0.001372355305236400000
chr11	74424489	74424521	0.000109427866809957000
chr11	6222458	6222973	0.002713062495351110000
chr2	69968414	69968602	0.008915405091349000000
chr13	104077294	104077436	0.004215109336490980000
chr11	47290160	47290281	0.000726909503096398000
chr15	58306165	58306537	0.001955795593634950000
chr10	135093108	135093367	0.003498992401711040000
chr7	44787367	44787496	0.003210324468643600000
chr4	123704718	123704747	0.000238790740529800000
chr13	113427738	113428332	0.022242220824419900000
chr3	14865431	14865571	0.000363138835570516000
chr14	96912866	96912878	0.000760407211563238000
chr5	176920500	176920990	0.010221773692768300000
chr6	90996106	90996115	0.002237060981939100000
chr10	108924132	108924560	0.039608956191767100000
chr15	101513798	101514299	0.014176518000168400000
chr10	104914352	104914412	0.000383165100745096000
chr16	2983766	2984574	0.002724600393374070000
chr18	56267787	56268032	0.000165856540603875000
chr3	32860004	32860178	0.000209227302371957000
chr4	81186901	81187610	0.002869812058668430000
chr12	124941307	124941423	0.002789107745140370000
chr10	75336152	75336540	0.001638696033969670000
chr11	112193244	112193518	0.000235439916165028000
chr2	152220410	152220529	0.000678514929494104000
chr14	77355187	77355614	0.002031306510921920000
chr4	37887255	37887467	0.000115022312777856000
chr3	193855884	193856076	0.000851122671660677000
chr13	40962954	40963299	0.003140540286324150000
chr6	166673341	166673367	0.000686679567492897000
chr19	11305231	11306011	0.006233161103051430000
chr5	176758413	176759081	0.002438761420044500000
chr5	66597184	66597522	0.001338827877249290000
chr11	33673718	33673943	0.000612383687105192000
chr3	16171343	16171610	0.000163035581362075000
chr9	117265998	117266029	0.007179841616417340000
chr5	58335880	58336072	0.000989781338287803000
chr13	45779329	45779607	0.003081787748792820000
chr18	61817088	61817320	0.001648793998774430000
chr8	128025237	128025393	0.000714129231437015000
chr19	18529121	18529339	0.003314563686533200000
chr7	87850377	87850389	0.000707432335769157000
chr19	17972324	17972728	0.023972553723088100000
chr2	28002351	28002424	0.000706366709587877000
chr3	35681046	35681627	0.029798779245528600000
chr1	120174801	120175029	0.000124856447946599000
chr3	14216944	14217071	0.000089148316739325900
chr10	29134817	29135197	0.000343031794774958000
chr3	124499653	124499993	0.000237002463833541000
chr1	221002413	221002658	0.000202530848463101000
chr6	30104552	30105198	0.000686319873161883000
chr9	73004959	73005204	0.002374660930463970000
chr20	34949466	34949501	0.000261873463214018000
chr7	99772381	99772511	0.000595019863716927000
chr7	28452066	28452289	0.015739428497688600000
chr1	7739821	7739886	0.000380711085959877000
chr20	44637358	44637511	0.004427544128976280000
chr14	101536761	101537584	0.018652809819885500000
chr16	446077	446668	0.005155596768694720000
chr3	125745268	125745281	0.004822411048101190000
chr7	2663085	2663360	0.000141920015131374000
chr16	88844415	88844726	0.009280109772990650000
chr1	182140097	182140237	0.000072394754637408300
chr22	37475280	37475993	0.004149514924690100000
chr12	132686912	132687006	0.000115482337172531000
chr2	235907647	235907796	0.000539920138680893000
chr12	106976448	106977074	0.041032007600439700000
chr19	814917	815528	0.007405636733264600000
chr17	42425721	42426011	0.003457492451413240000
chr7	141542037	141542495	0.003311284007767610000
chr6	24495614	24495989	0.010681350736443500000
chr16	88518659	88518730	0.000490068172142647000
chr22	22306113	22306263	0.000813456168401552000
chr3	100052640	100053236	0.003625104696456380000
chr16	3225401	3225686	0.005474818446663910000
chr19	45997414	45997432	0.001172530078571560000
chr17	17991081	17991639	0.018255386579283600000
chr10	15856655	15856704	0.000076691511157224600
chr7	97923799	97923834	0.004017449753264190000
chr7	99765096	99765164	0.007054505520090570000
chr8	23583662	23584042	0.009360563986500110000
chr3	123138187	123138250	0.000240877665196431000
chr2	100483735	100484298	0.001588584364928060000
chr15	65360852	65361335	0.000489027106974075000
chr2	5813483	5813866	0.000115235458412695000
chr1	23111011	23111269	0.000324829377021507000
chr17	26697052	26697752	0.000688594035991655000
chr16	23156203	23156675	0.001222231445582930000
chr20	10198480	10198732	0.001389645427942510000
chr8	9274494	9274794	0.000503337534109753000
chr6	11607923	11607982	0.000087966742018324900
chr11	45715471	45715523	0.002558139439374740000
chr7	32911512	32911519	0.002215962868839970000
chr1	228700193	228700938	0.010096808336890600000
chr10	80605109	80605565	0.001508866915595640000
chr12	104277766	104278227	0.000833525192169794000
chr5	71870744	71870872	0.000348410049968043000
chr6	157137784	157137791	0.001912324731356360000
chr12	111268962	111269156	0.000476176713874624000
chr14	101346860	101347358	0.005574633393135200000
chr1	39570175	39570323	0.000437986122921699000
chr1	26202601	26202940	0.000829693308894639000
chr1	9154250	9154254	0.000941049029155277000
chr10	108460467	108460517	0.005685038439590180000
chr2	71205052	71205891	0.000511955577771582000
chr2	138829891	138829973	0.000199753268986393000
chr10	12648032	12648526	0.005911071985095570000
chr19	49184557	49184628	0.000289559409660444000
chr12	110464779	110465221	0.001350948357636190000
chr18	61442792	61443581	0.003219195477463490000
chr10	94180046	94180753	0.004980628131611560000
chr10	131361472	131361540	0.000060761341637579200
chr18	3874746	3875565	0.030347567590964800000
chr15	69606134	69606770	0.000448128298425282000
chr7	137532374	137533035	0.000699486257212164000
chr7	72777378	72777727	0.000122997317416763000
chr3	23753801	23753985	0.000231076893354937000
chr10	73004558	73004576	0.001871246145920750000
chr21	16126051	16126187	0.002388695424145070000
chr5	59189120	59189849	0.029309645694463700000
chr20	31165639	31165773	0.002361774053028640000
chr20	21492558	21493101	0.003438204324903940000
chr4	48136234	48136586	0.014875158060195400000
chr12	125139714	125140249	0.019635629104976000000
chr13	111144447	111144464	0.001330118804471220000
chr20	48533123	48533196	0.001287295729485620000
chr18	8420625	8420876	0.000113244180340616000
chr5	71748948	71749237	0.000496091382857319000
chr16	4697112	4697302	0.002285034958208070000
chr12	56982155	56982283	0.000142481493730717000
chr1	117317838	117318232	0.047212712060635500000
chr16	4566084	4566306	0.002490256827702550000
chr6	84742695	84743364	0.047040342063487600000
chr21	35312546	35312645	0.000082546969739805700
chr6	89996845	89996953	0.000151459290340985000
chr5	138289138	138289233	0.000272152600494131000
chr15	75919561	75919788	0.000986027315048339000
chr4	147034625	147034848	0.000591910884570177000
chr12	103695883	103696381	0.009738155569341250000
chr3	193849024	193849318	0.000592282182924306000
chr11	63687154	63687247	0.008456628434745140000
chr3	50367972	50368947	0.004161224420559200000
chr15	41057780	41058059	0.000153705844287363000
chr11	5364833	5365377	0.000421569167867489000
chr2	216558203	216558607	0.001879776869934750000
chr11	126873139	126873580	0.037168546046222700000
chr3	42918546	42918786	0.003157806284928670000
chr6	82466362	82466591	0.000981326754498492000
chr16	57879004	57879317	0.000462265108426638000
chr20	46611462	46612091	0.028263500776530300000
chr14	100900810	100900999	0.000390315542390452000
chr6	159458115	159458557	0.019067218327832300000
chr8	117664615	117664855	0.000191063481121626000
chr20	54986793	54987330	0.013825671124656100000
chr20	56274036	56274096	0.004171488482430200000
chr2	33065501	33066042	0.003723720575786750000
chr4	184367267	184367488	0.003434739274584230000
chr8	8746679	8746748	0.000191291366727217000
chr2	7006627	7006786	0.007620151095728280000
chr14	65169958	65170209	0.011363029842072800000
chr6	91111828	91112310	0.001533851601829440000
chr19	2332485	2332719	0.003539484249127290000
chr14	103399429	103400081	0.001703554667172180000
chr2	25352769	25352777	0.001854283938929800000
chr17	7959907	7960424	0.002175525625597570000
chr14	51298737	51299002	0.000403182469671813000
chr3	123409971	123410064	0.009132830408902230000
chr7	29844768	29844982	0.000545501612585695000
chr3	129689545	129690199	0.002832891656255360000
chr16	11306333	11306502	0.000107386528444729000
chr16	4819304	4819632	0.000167188211228315000
chr20	21082272	21082335	0.000145042107201981000
chr6	1626409	1626440	0.003038832117795970000
chr1	27851913	27852202	0.003959438059111950000
chr5	161276519	161276818	0.000859859993438097000
chr12	7044787	7044838	0.001247401567163410000
chr12	54349169	54349349	0.000150809348712530000
chr6	7861530	7861712	0.000619613389513939000
chr6	32022470	32023102	0.005643290631214390000
chr17	79432570	79432709	0.000273295685004681000
chr4	175089999	175090953	0.000475499825927485000
chr7	1113014	1113237	0.010126960335758000000
chr18	20512839	20513147	0.008394308711863100000
chr12	132398428	132398533	0.002775219777164560000
chr14	91141279	91141421	0.000267803838941000000
chr10	134928794	134929181	0.001212339396550950000
chr6	24659344	24659522	0.000356637846200923000
chr7	95951587	95952354	0.015046940552618500000
chr21	39661796	39661956	0.000605711664369870000
chr20	33813236	33813681	0.001676378445051410000
chr3	101567360	101567884	0.001122723837792410000
chr14	45564426	45564553	0.000337202195695572000
chr5	1255458	1255616	0.004936043148022260000
chr8	18541627	18542074	0.005968997640877620000
chr14	99655593	99655820	0.026442643552864500000
chr16	30124803	30125403	0.005963162291527610000
chr10	34399554	34399844	0.009930185284508120000
chr14	95234658	95235489	0.048042532883512200000
chr1	79114644	79114976	0.007166431425617120000
chr7	30791871	30791913	0.000233390322964666000
chr12	52592034	52592517	0.002370821715843730000
chr1	6304199	6304499	0.018272717182071200000
chr13	77893894	77894098	0.000284383036011441000
chr14	56214629	56214877	0.000609795997117111000
chr9	137413998	137414266	0.000198546445745889000
chr16	89181807	89182492	0.024188689311476200000
chr14	104583067	104583653	0.007370812541675430000
chr7	101463138	101463522	0.001424520606274060000
chr3	39323216	39323570	0.035065339504170900000
chr17	77716266	77716367	0.000116122079816453000
chr19	44556258	44556485	0.010229547323380500000
chr17	48880818	48880966	0.000188551786231271000
chr10	5541568	5542328	0.005605992131787410000
chr16	67517429	67517860	0.007290543466664050000
chr8	11706030	11706360	0.005020740930711510000
chr7	29995972	29996206	0.001321409789641040000
chr11	46847818	46848442	0.000260586311589440000
chr17	72879607	72879892	0.000150386256385703000
chr7	1500176	1500555	0.005504537935520370000
chr2	26835353	26835566	0.000293632249871238000
chr15	89951404	89951870	0.022300011570002800000
chr1	201196031	201196295	0.000173923858705284000
chr13	109616351	109616434	0.000085607570615559200
chr1	34068082	34068649	0.006054620067283870000
chr6	160351986	160352218	0.000140130744096987000
chr17	719639	719737	0.001049962269495500000
chr6	36973448	36973518	0.000223035102787622000
chr7	140267479	140267726	0.001927130852187730000
chr3	114009756	114010259	0.027247037644995400000
chr4	183957914	183958214	0.001559336842160710000
chr1	18967409	18967508	0.000547283696796582000
chr11	8052372	8052536	0.001525058037506010000
chr16	10008382	10008441	0.002552686292326190000
chr8	142335272	142335386	0.000466421815485949000
chr1	46955990	46956168	0.006836527943034840000
chr12	10322040	10322420	0.000440892557431895000
chr3	13001256	13001450	0.001343870348053420000
chr10	3991131	3991343	0.000113482186244411000
chr1	171105781	171105925	0.000114434854916084000
chr15	51535382	51535805	0.006224136804009610000
chr19	2490954	2491455	0.006967268490030250000
chr1	200112467	200112638	0.000126667549405047000
chr1	21742745	21742753	0.000327647151855108000
chr17	6718681	6718911	0.003249470217476580000
chr1	7692321	7692367	0.002625790845021280000
chr15	68643101	68643664	0.007674389475352410000
chr1	172787994	172788029	0.003926061071420610000
chr12	754911	754928	0.000092308652089095900
chr16	68071675	68072256	0.000190946386929348000
chr10	75666279	75666539	0.000519229924989898000
chr13	52536577	52536650	0.000623007764260427000
chr8	95449216	95449369	0.003502864130968620000
chr1	154309899	154309918	0.001667191511342370000
chr2	46747379	46747628	0.000406592509678289000
chr10	35703143	35703322	0.000649201059712155000
chr5	124057960	124058115	0.000107257323078336000
chr8	23539388	23539939	0.000261302013824820000
chr17	58654620	58654823	0.000112555786942895000
chr7	24866066	24866293	0.000398170889923108000
chr13	100642451	100642971	0.037130223151053100000
chr1	156611720	156612140	0.009515544020630980000
chr13	37393923	37394336	0.018068686700131800000
chr2	51256078	51256146	0.005206352079586270000
chr1	11825928	11826174	0.000423880837702369000
chr14	106069564	106069616	0.000127510470176756000
chr11	27015473	27015813	0.015641944005181400000
chr12	54784180	54784747	0.000290188571344201000
chr8	142288216	142288517	0.001653076263801510000
chr1	6525501	6526718	0.016184917322601800000
chr12	133406047	133406309	0.000174091570540045000
chr1	178908135	178908349	0.000400277689714397000
chr14	104094619	104094918	0.007440571917660430000
chr2	61034219	61034533	0.001169711051865530000
chr4	47916859	47917094	0.005950351890141020000
chr7	97978097	97978189	0.003616013830578720000
chr17	71762559	71762610	0.002435776656548410000
chr18	9849810	9850143	0.001475929207096930000
chr16	29973734	29973951	0.000495255855859106000
chr12	52299870	52300015	0.001526556310912290000
chr22	18512005	18512081	0.000508955777045086000
chr3	50303757	50304179	0.013935170282525000000
chr19	7702494	7702767	0.001644463697885290000
chr16	3183125	3183170	0.003379931903252200000
chr16	10633189	10633543	0.000592585803900304000
chr11	117389197	117389755	0.000830933334441620000
chr13	99142703	99142859	0.002335998807445330000
chr2	47325167	47325345	0.000300309853361066000
chr20	3296780	3297411	0.027860391072209900000
chr1	28782648	28782834	0.004872999760453400000
chr1	180494032	180494132	0.000112938708131321000
chr19	36395385	36395503	0.000629046115984585000
chr2	3626670	3626969	0.001338030647411010000
chr12	104674540	104674991	0.002247805220920750000
chr3	25832283	25832554	0.001815796321608530000
chr2	55791616	55791841	0.000314263463419713000
chr1	172113756	172114419	0.004696284588185670000
chr8	129115055	129115076	0.001713570701025860000
chr13	103053409	103053652	0.010857353136772600000
chr1	207096239	207096358	0.020563149991151100000
chr3	155945771	155946133	0.011077346761840300000
chr14	51133335	51133534	0.001547713002496410000
chr6	24743575	24743861	0.003010409291424920000
chr19	44860658	44861043	0.017131944565649800000
chr3	49680131	49680486	0.010718544276337900000
chr19	54903329	54903669	0.001021187130719610000
chr2	16517426	16517598	0.000841655720697460000
chr1	49226291	49226683	0.004091405497174520000
chr16	84348548	84349236	0.002030350192500480000
chr14	77467225	77467391	0.000127310258251910000
chr1	156146608	156146752	0.000661691251444086000
chr1	207509316	207509334	0.001681476806846000000
chr4	147559423	147559699	0.010521513907685300000
chr3	194248017	194248211	0.001158498428659150000
chr10	125207411	125207606	0.002640761873560280000
chr21	46969810	46970162	0.002740276775315420000
chr3	156007661	156008127	0.000205518026883365000
chr22	40437196	40437423	0.007689211744877050000
chr12	50678007	50678329	0.011081260319118600000
chr12	14107007	14107199	0.000112210978376047000
chr3	50658081	50658472	0.000940452732916730000
chr11	60774952	60775233	0.000447881200310972000
chr22	50966077	50966123	0.009962466021855840000
chr16	25043992	25044018	0.004430029442726460000
chr1	156251436	156251672	0.008088865195002030000
chr13	43935238	43935318	0.000178442522391100000
chr20	33145848	33145872	0.005434780406880610000
chr1	111743368	111743537	0.000817777270822805000
chr7	150549132	150549472	0.042052900972337500000
chr17	40215839	40216306	0.017757052653985800000
chr11	17538251	17538404	0.000239445862553678000
chr5	19988501	19988944	0.005129974606977780000
chr6	27258466	27258767	0.003753435895927450000
chr16	85393998	85394506	0.009807726194317360000
chr12	49319398	49319981	0.042488014144195600000
chr17	7836253	7837818	0.005979168273535680000
chr10	104357285	104357405	0.000151837156340424000
chr1	230960481	230960652	0.001576693284238300000
chr8	101487092	101487855	0.000608096727789221000
chr5	148650753	148651259	0.000806624727692930000
chr22	46393280	46393376	0.000205375515693925000
chr6	17968022	17968302	0.000633772947363112000
chr1	59680504	59680599	0.000102040627756010000
chr17	78238779	78239193	0.001044928624657970000
chr4	95972466	95972790	0.000338718809966208000
chr17	15133981	15134351	0.002070343037193750000
chr6	30174704	30175305	0.022118948084055500000
chr16	80552413	80552615	0.000901635914236426000
chr2	131721477	131721692	0.001705176649850620000
chr17	76950803	76951132	0.002922127992020110000
chr13	76452552	76452681	0.002404980141506790000
chr8	19120179	19120301	0.000196217085979657000
chr12	32292908	32292997	0.000314051407034613000
chr5	150396297	150396984	0.002187512529783230000
chr10	44409234	44409382	0.002445371810408590000
chr9	100750718	100750742	0.002767843082970430000
chr3	38864998	38865310	0.006352441915847470000
chr17	45051618	45051692	0.000723515835367236000
chr11	126274745	126275628	0.025578898503009400000
chr19	1265877	1265999	0.013962166299813600000
chr5	58113920	58114289	0.002052478151217640000
chr11	94134446	94135029	0.014532609207572900000
chr17	74381133	74381380	0.027836137830780000000
chr1	201002880	201003393	0.000926669527201674000
chr10	19886699	19886806	0.000295194788439962000
chr11	76122315	76122366	0.000134162178308060000
chr4	96012317	96012534	0.001718375453159920000
chr6	24165616	24165998	0.002011959589463870000
chr12	6193688	6193950	0.000695683951531456000
chr22	50631079	50631268	0.000469666049394880000
chr6	14117117	14117621	0.017536742946662400000
chr17	3651276	3651539	0.000178065263792938000
chr21	35125405	35125549	0.000568610627292377000
chr4	73187737	73188012	0.000319056974727374000
chr8	119633345	119633490	0.000435749801706069000
chr15	35087506	35088160	0.035641040949859700000
chr4	148471856	148471995	0.000119765263752841000
chr14	35885253	35885344	0.002930508194977330000
chr12	114846849	114847164	0.017837215192802000000
chr4	56718320	56718365	0.000383037317788518000
chr12	117477837	117477926	0.005903400216709450000
chr2	61935172	61935357	0.000246041253772291000
chr12	8994648	8994672	0.000420386739066603000
chr5	139937981	139938040	0.005026843136964610000
chr3	185549032	185549174	0.000682030971240702000
chr20	36840286	36840345	0.000202317911457315000
chr1	2090814	2090849	0.003970877014617200000
chr15	80447581	80448249	0.000659565344806681000
chr17	76781231	76781345	0.002720131664567400000
chr15	29969096	29969720	0.032623104929719500000
chr2	18681766	18681831	0.000778770624432504000
chr3	195925804	195926074	0.000332585435899071000
chr16	18140482	18140631	0.003099903551950350000
chr1	89989925	89990290	0.014317799959831300000
chr1	60463342	60463903	0.001918675927832300000
chr3	152109952	152110566	0.001838936565007720000
chr12	66801376	66801413	0.001938813248106860000
chr17	19470287	19470413	0.000154238806820456000
chr15	68593357	68593485	0.003536376646468600000
chr6	43044876	43045187	0.015131368998029900000
chr14	88033981	88034460	0.005395206425706250000
chr21	40291207	40291514	0.001377563981829120000
chr14	81426234	81426577	0.000543664843514128000
chr1	100820528	100820703	0.000704182767998300000
chr17	38171455	38171697	0.018522124749229700000
chr2	223536069	223536609	0.015969589850941300000
chr2	145090798	145090814	0.000134168194698017000
chr4	40827593	40827619	0.003154782916769140000
chr14	71067346	71067802	0.007990186376467030000
chr18	57549413	57549610	0.000271421163008542000
chr2	32605725	32605838	0.001606282955917420000
chr18	51882163	51882362	0.005669020346715470000
chr4	109090580	109091059	0.008570390144653300000
chr6	41606869	41607326	0.002095285081242250000
chr17	76280213	76280427	0.000611480856601634000
chr11	20177746	20177852	0.004977558287081310000
chr7	137367050	137367341	0.000642438930251185000
chr15	60942549	60942667	0.003879952204202100000
chr6	3231921	3232246	0.004359995499694170000
chr2	105348228	105348800	0.001705559466175150000
chr2	177024947	177025418	0.014048442303913800000
chr7	41732048	41732237	0.020282952553072900000
chr15	68924220	68924510	0.015095123197541800000
chr17	75371205	75371476	0.001073037452047170000
chr15	57611481	57611637	0.000119715087360101000
chr19	1423753	1423967	0.001974234275971390000
chr17	56270198	56270249	0.001678867113820260000
chr8	15094380	15094487	0.000349077894170845000
chr22	21387752	21388214	0.006321142760750130000
chr1	165796134	165796654	0.003197275139785260000
chr19	45550554	45550757	0.000247640974120322000
chr3	156391394	156391777	0.002716324350949550000
chr1	161201121	161201200	0.002044234146819770000
chr3	126190978	126191181	0.002970778638103040000
chr2	31361593	31362226	0.009872764722230760000
chr1	32202215	32202398	0.005066257567393280000
chr17	3861532	3861634	0.002156251694414290000
chr6	35116456	35116736	0.002443487342246820000
chr7	141971991	141972160	0.000131901065785182000
chr1	185402937	185403197	0.000580669495837990000
chr6	21664652	21665155	0.010583052096170300000
chr12	56101078	56101328	0.002472782304695270000
chr6	164124190	164124465	0.008415867757580120000
chr4	109029347	109029545	0.003187831192514570000
chr17	56315750	56316162	0.009054212134199520000
chr17	75438133	75438188	0.001879778469017700000
chr5	129096035	129096098	0.000144227439898205000
chr11	128778506	128778694	0.002380694500174470000
chr20	62690171	62690218	0.000742679675126444000
chr12	26441031	26441287	0.000349514398426834000
chr12	40229654	40229852	0.006894683112698900000
chr11	120136757	120137212	0.002165799664980670000
chr12	5850327	5850399	0.000874776294988578000
chr5	55617230	55617397	0.000269165258710912000
chr1	173639044	173639712	0.008499410369531940000
chr2	113544864	113545053	0.001288566694003490000
chr21	44985005	44985092	0.004000463695804720000
chr12	133277685	133278223	0.001986335045960060000
chr13	53312966	53313174	0.000261130225070762000
chr2	2685798	2686097	0.003478625939041480000
chr8	27099930	27100123	0.000260210757771339000
chr11	5276490	5276721	0.000733318351761532000
chr16	57980560	57980810	0.000710577900301749000
chr10	49660579	49660810	0.004455120578764880000
chr12	57908774	57908937	0.001747827067242190000
chr1	67891549	67891959	0.000259293068253956000
chr5	43000790	43001210	0.001490095602134200000
chr7	5465887	5465969	0.000980553880881339000
chr17	43483655	43484399	0.000091858785627109100
chr1	167442612	167442883	0.001107195793356270000
chr1	29583851	29584023	0.003961546478242050000
chr12	79898419	79898504	0.000423445770347161000
chr22	27856111	27856302	0.001152118003611210000
chr20	6074846	6075288	0.003001366481711200000
chr22	31516226	31516431	0.001844868348728470000
chr19	41884233	41884369	0.000128430594231520000
chr18	13219222	13219225	0.000244091064427566000
chr22	30603296	30603460	0.004540849303352080000
chr3	24563497	24563685	0.001850064073911960000
chr11	76033097	76033473	0.001570137434240010000
chr17	591717	591826	0.000406862509543752000
chr18	9885015	9885809	0.001149058465247460000
chr7	56118783	56119637	0.014686727634690000000
chr8	101569269	101569405	0.001267535793313070000
chr1	183259923	183260600	0.001638650145480530000
chr3	192960454	192960632	0.000194857530606219000
chr14	69050409	69050558	0.000349776013341364000
chr2	237981972	237982246	0.000199272961856584000
chr7	77428334	77428849	0.043807130527368700000
chr4	2060112	2060313	0.005595097566851830000
chr17	40190501	40190916	0.000683167552279145000
chr11	66314196	66314378	0.013552315472983300000
chr7	129931729	129932033	0.000474666324170046000
chr11	2406384	2406712	0.038450665661421300000
chr15	75341777	75341993	0.009623128762002000000
chr6	5969260	5969517	0.000627155465655975000
chr11	19542493	19542568	0.000500526895135707000
chr16	67892349	67892508	0.000243083506886073000
chr12	110682824	110682837	0.000513930420686445000
chr4	185585751	185585807	0.000638980165240737000
chr22	37266571	37266803	0.000700636194245738000
chr2	85955624	85955737	0.000499456930707291000
chr6	39290159	39290877	0.003780690366958530000
chr12	648437	648776	0.004722745655893310000
chr1	109913739	109914235	0.002543545802489120000
chr17	75282040	75282140	0.002003051315601340000
chr7	2089600	2089966	0.002428629267562070000
chr12	3476910	3477153	0.003084424310191540000
chr10	11277347	11277563	0.000146231185229505000
chr3	50591782	50592118	0.001405586354232790000
chr11	59282123	59282555	0.002752042341930640000
chr12	10123440	10123604	0.000294373628930689000
chr1	214170993	214171381	0.005765507381863540000
chr3	13672669	13672983	0.000686401737117744000
chr11	36588217	36588432	0.007876425361342260000
chr6	109010947	109010960	0.001730304157683140000
chr11	119535621	119535897	0.000534291144495858000
chr13	49323899	49323968	0.003045187816565140000
chr4	142055675	142055685	0.005408852544516690000
chr21	47738771	47738804	0.002099871842783590000
chr19	13113455	13113668	0.004891153662778420000
chr6	24356996	24357720	0.007844243343415080000
chr1	24304566	24304737	0.006032473365350100000
chr16	86320489	86320980	0.002947013475762420000
chr8	144946557	144946826	0.003459847315878220000
chr21	46963448	46963587	0.026618980776431000000
chr16	48395742	48395953	0.003029041524840690000
chr5	54179305	54179570	0.005664362048861030000
chr17	66301429	66301554	0.000199790164486499000
chr20	36847423	36848127	0.002946521548851610000
chr4	176986845	176987453	0.029839130243477000000
chr7	39446098	39446233	0.003753166887033530000
chr15	101420038	101420185	0.031353667536949100000
chr7	28530206	28530724	0.015405529601640700000
chr3	19189709	19190202	0.016060132846928000000
chr19	1921919	1921942	0.004592257591244110000
chr2	106757367	106757574	0.005425355734477760000
chr10	98751284	98751367	0.000104992697382044000
chr11	46615847	46616039	0.006498071204174800000
chr11	8737012	8737458	0.001366620298865030000
chr2	3199829	3200012	0.011329604905975400000
chr4	163085081	163085697	0.027084819127799800000
chr6	2636736	2637133	0.007179712251405650000
chr8	37694279	37695291	0.005120527714671910000
chr3	126627910	126627942	0.001756285936267040000
chr16	89791093	89791139	0.002466164127872590000
chr2	191879510	191879796	0.003349165948568050000
chr1	118727963	118728212	0.001873963579887100000
chr5	180553022	180553165	0.005646301404260580000
chr17	76713041	76713283	0.024579054828818200000
chr1	117209190	117209211	0.008874771034187690000
chr16	83773669	83773740	0.000169024828771254000
chr17	4621205	4621252	0.003865001904152270000
chr10	127262277	127263009	0.003380168818350220000
chr1	58857835	58858074	0.000424616850571146000
chr6	112575393	112575705	0.008649430377687070000
chr7	45024802	45025080	0.013971951615040900000
chr17	7197375	7197507	0.001280861390584430000
chr2	27494536	27494721	0.000129114947289992000
chr9	97530064	97530291	0.001761983606035550000
chr1	52608467	52608614	0.000319273486528113000
chr1	158670761	158671245	0.006943491775496320000
chr2	11485413	11485784	0.014491288545150200000
chr4	3022836	3023500	0.001486399658490950000
chr11	59480501	59480924	0.000887444588953218000
chr14	73703844	73704078	0.000610394334594157000
chr3	141496567	141497111	0.008425806948616100000
chr6	37506997	37507123	0.000381563926911343000
chr6	167364028	167364065	0.003916862712383140000
chr1	28098848	28099570	0.027566339821563300000
chr4	2963261	2963264	0.003072185737516620000
chr5	31854504	31854651	0.001100237714926520000
chr8	53626936	53627213	0.028519414525127200000
chr9	92097137	92097516	0.008869803911230080000
chr6	30002671	30002763	0.003745029266265640000
chr14	105936300	105936409	0.008655390043151120000
chr9	126152971	126153278	0.001454032478028980000
chr7	142997642	142997929	0.002222843572609520000
chr2	70009201	70009351	0.000155353802121535000
chr8	37378276	37378540	0.011238310490938200000
chr14	22958220	22958402	0.017570657669990400000
chr16	70597619	70597967	0.004988607726946270000
chr3	69788840	69788984	0.000110527287857070000
chr17	6947032	6947464	0.039006421183752300000
chr5	147257219	147257477	0.024722981525789700000
chr1	237168540	237168670	0.000922784309237636000
chr2	38645497	38645840	0.002047573924112760000
chr16	17565178	17565189	0.001429912211012220000
chr11	118900111	118900557	0.005000207485697660000
chr1	23888963	23889092	0.011461306141698100000
chr16	89009557	89009929	0.007393361394906630000
chr5	71803219	71803282	0.001314319956331420000
chr12	3602069	3602291	0.008383971349386020000
chr9	126773442	126774073	0.008524457582282420000
chr14	53474299	53474327	0.001903057706812560000
chr11	93262607	93263413	0.001086135042265050000
chr19	58095445	58095659	0.012108840858499000000
chr15	101442706	101442904	0.000245438849403379000
chr1	34642862	34643124	0.007663426437073450000
chr10	3930603	3930704	0.000350864634836972000
chr4	74296522	74296726	0.000745800485876380000
chr2	232396173	232396420	0.001958246303156930000
chr1	28843701	28843744	0.001398941198858580000
chr16	81642149	81642691	0.002023806676186500000
chr8	124890583	124890680	0.000119242928966505000
chr5	7395875	7396491	0.005650277407238240000
chr21	44937872	44938199	0.000381409333799594000
chr8	38278008	38278452	0.001070328683678290000
chr1	241771860	241772015	0.002686394569005760000
chr3	191046380	191046721	0.001546382094268750000
chr16	84327245	84327869	0.010430556127355500000
chr12	111023009	111023252	0.003632233731290330000
chr14	105993308	105993747	0.021937674992460500000
chr1	27527539	27528084	0.002419937566524530000
chr4	159091894	159092553	0.034794618744490200000
chr19	19780661	19780767	0.000994811993438107000
chr2	28497547	28497669	0.000171790937028177000
chr3	10380471	10380753	0.000594030531908517000
chr15	34332433	34332617	0.000378577624766037000
chr12	89573963	89574514	0.001757052034245220000
chr7	71216932	71217407	0.007503019805252880000
chr16	28621222	28621406	0.015337051113234000000
chr19	55084260	55084269	0.006631096833192190000
chr22	33426343	33427086	0.001333057345035180000
chr1	7990871	7991159	0.000614045641751841000
chr5	126564606	126564742	0.004538432082491940000
chr3	5468035	5468160	0.000134852554945585000
chr2	215596037	215596149	0.000156130069989566000
chr16	21294947	21295255	0.006052625217073470000
chr20	17869566	17869663	0.000309272520600571000
chr2	55237421	55237836	0.003041320977695250000
chr14	70547158	70547465	0.000182618537245214000
chr19	2695245	2695405	0.006233033070891600000
chr14	63512588	63512760	0.016252137740761700000
chr6	105931006	105931438	0.002187218632036310000
chr6	43481667	43482436	0.007079180715416430000
chr11	17741687	17741925	0.000642609964860103000
chr2	137063006	137063332	0.001338681054316190000
chr7	155790771	155790956	0.010314974798079500000
chr3	167193257	167193417	0.000296088842663980000
chr4	38238874	38238883	0.003423411001108510000
chr3	138168928	138169728	0.001705837948508680000
chr2	236720733	236720980	0.002039153126566150000
chr11	122543635	122543813	0.000309498588823026000
chr2	28177219	28177263	0.003247371855403240000
chr14	105899248	105899515	0.004756639074399760000
chr10	103910870	103911425	0.000560842429052572000
chr4	100868748	100868859	0.003585063695878100000
chr21	19833420	19833509	0.000434810832821820000
chr6	34759018	34759164	0.002663615990307410000
chr11	133782202	133782453	0.001025122742589020000
chr4	38719348	38719842	0.010106571620122700000
chr6	33360652	33361102	0.017048280203333300000
chr17	78194612	78194847	0.007415938415907020000
chr10	47008185	47008316	0.000450399115436153000
chr14	104604739	104604893	0.011982730929295400000
chr16	87700913	87700941	0.001728509905754140000
chr5	176852293	176852451	0.004500216455583810000
chr3	42002230	42002705	0.001403859463535020000
chr15	43503034	43503118	0.000793227937940581000
chr17	74260692	74260793	0.004357736221055230000
chr5	57754862	57755069	0.000420371051664822000
chr7	16697527	16697591	0.004128973976068770000
chr7	127761359	127761751	0.005055034995583020000
chr3	138327158	138327519	0.020897862594246300000
chr16	18799132	18799331	0.001043120249406780000
chr3	9291773	9292025	0.000234549678953553000
chr9	98619666	98619894	0.000834553446685148000
chr11	1942404	1942475	0.015795522042822800000
chr1	41218805	41218983	0.002071046377998870000
chr3	192635636	192636189	0.026633030387098000000
chr1	247698186	247698341	0.000975974390881152000
chr1	27693782	27693942	0.006469744138125050000
chr7	4877433	4877609	0.024040200360086900000
chr3	139397179	139397363	0.000721525845998037000
chr1	150277456	150277464	0.005642328681591690000
chr13	79169714	79170146	0.006821291649993940000
chr16	54096679	54097369	0.004823060150648830000
chr13	114280854	114281006	0.016812846213364900000
chr22	38435203	38435259	0.001881731804199330000
chr15	58844359	58844583	0.004498669864821110000
chr11	57308888	57308986	0.015616008727236600000
chr1	23953778	23953785	0.004482938806438740000
chr19	48337392	48337597	0.000820311081647932000
chr5	5146265	5146447	0.012630581833220500000
chr12	6162821	6163024	0.000698110846541263000
chr1	184377346	184377525	0.000599137737993573000
chr7	148936039	148936221	0.001011752962224570000
chr16	82096585	82096624	0.006255739102796290000
chr14	73736972	73737095	0.000361292581407771000
chr2	3675626	3675998	0.001198265334671810000
chr1	11596434	11596578	0.000413139226715453000
chr10	3977396	3977608	0.005897208981935490000
chr5	138923113	138923267	0.000723334194390581000
chr3	42190096	42190162	0.009449603092281420000
chr11	1776289	1776688	0.001947782377389480000
chr17	80969515	80969749	0.033434533045286500000
chr12	7308033	7308353	0.012362713002122000000
chr14	59294825	59295079	0.000850867015468403000
chr8	65294586	65294798	0.004671555568313650000
chr9	128651435	128651942	0.009349271976180450000
chr3	158519176	158519566	0.000084615526339323100
chr8	13424345	13424483	0.010476368538867800000
chr15	78426368	78426467	0.001652254986339280000
chr1	6086356	6086483	0.015252277810408400000
chr3	138633846	138634066	0.000736894165241442000
chr12	132194922	132195144	0.014705812445314100000
chr17	72890518	72890550	0.038961762245460200000
chr20	34980965	34981244	0.005312710536405120000
chr16	7354041	7354432	0.047882506522474800000
chr1	33003975	33004453	0.008750063512928070000
chr2	60772513	60772746	0.004350711578097900000
chr19	2360282	2360538	0.000304903874007705000
chr5	148788401	148789115	0.001872666368516560000
chr11	3049896	3050521	0.001061469230354690000
chr5	68781794	68781802	0.003467128157272530000
chr10	104592367	104592419	0.000781852683325569000
chr15	60818383	60818560	0.004565451738344610000
chr12	6553489	6553843	0.011655207620156900000
chr4	154186959	154187224	0.000424811324274101000
chr3	13579659	13579728	0.000770397335197622000
chr2	176980998	176981654	0.005996308079672660000
chr2	231277436	231277705	0.004404920995283770000
chr12	52364770	52366084	0.000778593290188108000
chr17	10325221	10325647	0.004083795921506240000
chr6	30684340	30684773	0.010704536105197100000
chr3	112737885	112738401	0.043647840008016400000
chr1	161998561	161998659	0.000258386903216211000
chr3	35706038	35706161	0.007000678300996370000
chr10	127396176	127396428	0.001532242384273110000
chr8	103129185	103129370	0.000454482724132227000
chr6	11390130	11390379	0.000458920830903357000
chr10	71812101	71812384	0.011962633846835600000
chr4	88189044	88189110	0.000577227538674450000
chr17	79296334	79296376	0.000826906191628197000
chr5	141249675	141249820	0.002490306183411290000
chr19	54692102	54692308	0.000694720008357529000
chr3	36782467	36782736	0.001202096323305110000
chr12	120666854	120666924	0.006850280264123800000
chr10	31146954	31147843	0.005173755634784060000
chr18	457239	457306	0.000186222143325301000
chr13	111160399	111160550	0.000349944676611743000
chr19	863054	863244	0.026121527828573500000
chr8	57233635	57233982	0.030617697506292500000
chr2	26846953	26847162	0.000346676514010366000
chr5	160112178	160112456	0.000811325597014169000
chr7	4030595	4030736	0.000144663753073521000
chr16	12442537	12442738	0.003159291704949710000
chr7	104939725	104939819	0.020906415208922000000
chr19	35815306	35815390	0.000225980765213818000
chr1	68963061	68963542	0.000254787662227471000
chr2	30453223	30453531	0.001388836464648050000
chr16	87444740	87445100	0.001244149355547310000
chr10	50679752	50679780	0.000158713032753938000
chr5	156896087	156896196	0.000131327067084740000
chr11	66259196	66259366	0.012066394036183300000
chr17	6882314	6882421	0.000548049363025594000
chr17	15165803	15165812	0.001359601425715220000
chr3	158450550	158450833	0.003512458064679400000
chr2	108979649	108979731	0.002173981910403650000
chr11	125819795	125820206	0.000218402366929944000
chr1	241520286	241520331	0.015839880522383900000
chr22	50218012	50218150	0.005587160955780170000
chr11	96018125	96018344	0.000347528917010295000
chr7	72754544	72754661	0.000171649813544889000
chr17	48915947	48917039	0.000434353335677879000
chr2	175548164	175548447	0.014721913106342000000
chr1	113050814	113051331	0.016747874307888500000
chr6	125994809	125994931	0.005129058028666430000
chr17	77018427	77018501	0.000664932679872305000
chr6	42984291	42984293	0.003856622614998260000
chr4	147925275	147925334	0.003275963382902710000
chr6	7224968	7225223	0.000503709416051083000
chr16	28509238	28509413	0.000922661130748969000
chr8	29686067	29686393	0.008364028187623190000
chr22	48956105	48956288	0.000609476942205951000
chr16	82660670	82660873	0.002752182138983970000
chr12	108991777	108992265	0.000408836640724284000
chr4	104641033	104641319	0.006039209657194310000
chr8	1957008	1957176	0.000230082906728663000
chr11	93469940	93470068	0.004111756936783700000
chr14	101528123	101528369	0.004936223252886640000
chr13	24758029	24758155	0.004191624897781350000
chr14	55035029	55035215	0.005186651870478560000
chr22	46451214	46451518	0.014100990477857900000
chr2	178116991	178117066	0.002762741846343880000
chr6	40470154	40470211	0.007674496432655570000
chr3	39497727	39497860	0.000148892988900761000
chr13	114182159	114182218	0.000207411565162037000
chr1	19330056	19330155	0.003171752588291580000
chr7	91510405	91510597	0.040412693854698900000
chr17	63035977	63036095	0.000299359339656652000
chr1	179262436	179262488	0.004110321331798540000
chr17	66507610	66507752	0.002554714942572260000
chr11	67372071	67372443	0.013705778982021200000
chr8	11607241	11607386	0.000131971772459406000
chr3	69143889	69144094	0.002039170745053880000
chr20	62679255	62679713	0.024225258314903400000
chr3	125985088	125985235	0.002846057906167050000
chr4	187186171	187186265	0.004816262650863090000
chr17	46555755	46555823	0.001095664719484610000
chr1	119860821	119861382	0.002490039760468320000
chr16	54085289	54085398	0.000983270191727947000
chr17	97062	97734	0.006010640863265260000
chr7	175423	175967	0.002241276569370270000
chr10	50887472	50887861	0.047147001254941300000
chr19	45393621	45393925	0.006780409182990430000
chr8	74373287	74373509	0.000213371279412227000
chr21	44473496	44473840	0.001663750579139210000
chr15	69337281	69337685	0.000353387635843126000
chr1	30886845	30887368	0.001669232763979580000
chr16	79451857	79452063	0.000201227542689632000
chr17	72898009	72898015	0.000789989105227291000
chr10	128943685	128943833	0.000154934940860584000
chr10	131694856	131695114	0.004946497916513310000
chr19	46002528	46002841	0.004518499492385530000
chr1	150117104	150117110	0.002341578368434050000
chr22	40784025	40784325	0.005886887210873390000
chr6	168468183	168468398	0.006815390710542530000
chr6	36459340	36459598	0.000605199679563549000
chr9	74764261	74764766	0.011461876395492300000
chr14	50552617	50553200	0.003226244373797710000
chr16	28969554	28969861	0.006881900696039320000
chr19	57276642	57276917	0.005956095241092390000
chr10	80850449	80850605	0.000270406208922880000
chr19	46149510	46149854	0.005559961528306800000
chr9	127531952	127532208	0.004729191151967510000
chr22	47022167	47022654	0.002115871080433400000
chr20	42667459	42667633	0.013139465898462700000
chr2	75427296	75427963	0.017942968062307600000
chr17	72683096	72683111	0.002640576440844910000
chr3	120401058	120401165	0.016913632204010400000
chr3	152556893	152557119	0.002095220000308940000
chr2	242813634	242814097	0.001247142994637310000
chr19	50922128	50922484	0.004906073869590840000
chr3	143567765	143568082	0.003580957934898940000
chr19	19051622	19052293	0.020294564683492400000
chr9	2161749	2161868	0.000313882956010093000
chr1	160066344	160066587	0.002336719328426260000
chr6	32048449	32048679	0.002248569017358150000
chr10	121255934	121256152	0.003827181286024360000
chr11	130542055	130542682	0.034453682116380500000
chr17	36184576	36184739	0.000161013258438866000
chr3	136754157	136754457	0.004737443656024460000
chr11	763824	764349	0.002563013163929630000
chr1	231299352	231299396	0.001689761549021180000
chr6	33771787	33771931	0.002485080387735010000
chr1	158368889	158369112	0.003196147827784990000
chr3	170136159	170136539	0.004789764337728860000
chr7	43803803	43804002	0.003601766367315540000
chr15	96888959	96889169	0.000345469525059061000
chr19	43856494	43856594	0.001948465971732440000
chr12	71003576	71003964	0.027905088573600900000
chr6	41840102	41840188	0.000521446752488477000
chr22	25959619	25959639	0.005966008997464990000
chr12	42737595	42737622	0.003301537106143320000
chr21	34383810	34383987	0.000290515349298771000
chr11	59387068	59387225	0.000272414202321589000
chr20	2085157	2085344	0.003278455215146670000
chr17	76501381	76501582	0.001348985820453080000
chr1	16112992	16113002	0.001742501246761170000
chr19	4548354	4548585	0.002704758183311360000
chr4	54367835	54367958	0.004731281058575200000
chr16	73178951	73179020	0.008077327864456490000
chr22	30639611	30639979	0.006112976603776970000
chr3	172859945	172860180	0.004294921728259900000
chr17	80346849	80346912	0.002831376794665790000
chr18	11752076	11752215	0.022195689534769200000
chr2	57771478	57771518	0.000230572004895143000
chr6	345903	345972	0.001771662541857400000
chr8	10207892	10208257	0.002212745753314840000
chr14	105154749	105155145	0.007577106131905530000
chr5	159766544	159766696	0.003710903726056420000
chr2	237924001	237924248	0.003087467813618960000
chr4	144280191	144280286	0.000750283405291915000
chr5	34001680	34001718	0.001656839891197010000
chr20	2506140	2506386	0.009164921570583250000
chr16	87416156	87416230	0.009244228393262180000
chr6	33136506	33136996	0.007394897970868700000
chr8	72916548	72916620	0.008118731135282390000
chr3	9851826	9852352	0.031025176019638700000
chr7	154001891	154002372	0.015638634632691700000
chr10	3805252	3805441	0.012522867068716100000
chr5	149624994	149625104	0.004948075858647050000
chr12	49688176	49688316	0.005554409932655450000
chr14	24821383	24821706	0.008465013572758870000
chr3	148917762	148917823	0.005148051941662460000
chr8	77618058	77618385	0.000303578434118367000
chr7	7606596	7607022	0.000996491166274583000
chr4	13416944	13417118	0.002404336321057010000
chr1	201159499	201159988	0.003259760074357080000
chr19	53635532	53635967	0.007497123537848820000
chr5	195609	195821	0.001223441275517700000
chr8	27516511	27516827	0.000583133611968789000
chr16	70487956	70488022	0.018624741359249500000
chr17	79428036	79428142	0.004537731122204220000
chr19	15311588	15311871	0.002923547105054050000
chr4	111560462	111560494	0.009579423988592050000
chr7	158482629	158482636	0.002506546289415170000
chr6	32921142	32921521	0.000914268776605267000
chr15	101984466	101984550	0.000722725928680593000
chr5	1113320	1113377	0.004313336960372540000
chr14	51955517	51955743	0.009018732532545420000
chr17	49118881	49119267	0.000747695040984328000
chr2	109236744	109237112	0.001114316792685030000
chr16	84627507	84627958	0.002183995626364750000
chr1	3668909	3668942	0.012947039039316700000
chr17	55685941	55686103	0.001906248333704230000
chr17	75553599	75554146	0.004799021798022370000
chr11	1049691	1049800	0.002388771231019850000
chr12	13325686	13325724	0.005335595765050070000
chr11	1328479	1328622	0.000371411288118077000
chr20	43937975	43938184	0.003885421446384760000
chr7	142574509	142574734	0.000437836774740970000
chr8	22932954	22933021	0.006451319081434590000
chr4	37246688	37247586	0.004909824646150110000
chr19	4903909	4903952	0.000605084121366744000
chr2	136738377	136738498	0.000308731503877669000
chr21	44892086	44892165	0.003429322144063410000
chr11	120176153	120176369	0.001846242579058210000
chr9	34123757	34124346	0.002628903356586370000
chr1	48087199	48087368	0.006071436995356780000
chr12	104679483	104679896	0.011822681343106900000
chr7	95969424	95969818	0.003030079003149080000
chr17	47464627	47465123	0.003935665211107200000
chr1	36173952	36174005	0.000421115692475952000
chr20	61923786	61923909	0.009584468282406640000
chr14	67708950	67709266	0.003357368449502210000
chr10	11002042	11002062	0.013664893247988100000
chr14	73361825	73362214	0.007008876219807230000
chr22	31364274	31364356	0.049749887024560300000
chr16	55367570	55368072	0.002055739392679390000
chr11	66497107	66497215	0.000850835903564036000
chr16	48592404	48592694	0.001520446073826250000
chr2	159826400	159826472	0.000415909330084536000
chr7	130353913	130354073	0.034560378761301900000
chr14	21526351	21526530	0.000295946091200564000
chr8	146016408	146016453	0.000428720202862016000
chr2	207566878	207567113	0.009577419614723230000
chr19	52956771	52957180	0.022109083110267300000
chr1	97186694	97186897	0.021411973653706800000
chr9	72002574	72002861	0.006652314111493750000
chr1	3424354	3424530	0.001286382590773670000
chr8	101118843	101119192	0.018219931987829600000
chr20	30168680	30168797	0.002575934354826310000
chr14	25043420	25043625	0.003861892962764600000
chr8	95918348	95918631	0.010245819951541800000
chr18	60848167	60848285	0.001565006312574060000
chr2	103035968	103036499	0.013375631812163900000
chr7	75292248	75292459	0.003099945537032440000
chr2	240866924	240867059	0.000538225470802281000
chr4	88720546	88720640	0.016827102425914800000
chr19	58326417	58326618	0.015925611391852300000
chr1	117296494	117297020	0.013605317158876500000
chr8	74960715	74960911	0.001762437813757080000
chr10	134730222	134730605	0.008293864381504910000
chr4	75719320	75719709	0.009687770491602520000
chr17	8094486	8094552	0.000662994520322206000
chr11	66205894	66206505	0.031660961516234000000
chr2	209224280	209224676	0.048652323163556300000
chr16	57682359	57682646	0.003441028417802890000
chr10	735472	736083	0.005715811294738400000
chr1	90411607	90412171	0.002770379590177800000
chr17	73583839	73584111	0.002083707413834910000
chr12	52399713	52399891	0.015265839435971500000
chr14	24421985	24422368	0.006755037867445920000
chr2	10437351	10437673	0.003508611355670060000
chr21	28212803	28212813	0.003907527398585110000
chr17	80261086	80261212	0.005699412858271170000
chr19	17221420	17221563	0.001094423961284410000
chr7	142027996	142028043	0.000423460751893962000
chr12	96728577	96729048	0.004315406680429130000
chr20	50721658	50721911	0.007928828495435990000
chr5	133705984	133706139	0.000318732268253212000
chr22	19751654	19752228	0.004944130920695030000
chr17	32266	32503	0.006913819761177360000
chr2	85440215	85440664	0.003240717474968250000
chr9	139514204	139514238	0.004795600953864970000
chr9	109426838	109426990	0.001353774054720780000
chr15	101567894	101568393	0.000368524354455487000
chr6	33867227	33867321	0.007097964473262670000
chr8	121066407	121066435	0.004185462230772470000
chr11	1594830	1594896	0.002049912844936250000
chr6	141179708	141179816	0.000256716798170951000
chr17	32740919	32741121	0.003444507509838370000
chr10	30323377	30323383	0.000290166182559409000
chr20	1760403	1760507	0.004483592386605470000
chr6	33388054	33388083	0.009878319713398820000
chr5	2739257	2739652	0.002067432131031920000
chr14	77382482	77382822	0.002623021934758990000
chr3	64487027	64487329	0.014513482919216800000
chr16	56973284	56973793	0.010355089115543200000
chr5	15934900	15935287	0.011650995156738500000
chr4	13052904	13052961	0.000432168561457443000
chr6	32945631	32945906	0.001469244506827110000
chr1	24644596	24644925	0.004750369134888030000
chr5	120047291	120047545	0.000363560887229250000
chr10	129245532	129245728	0.000256929192786754000
chr1	6093972	6094509	0.037556258711013200000
chr14	23825582	23825605	0.000635620873546752000
chr3	113458541	113458706	0.001770111453559070000
chr2	233353595	233354017	0.001893312952517550000
chr7	949758	949834	0.007628452431480960000
chr7	87831672	87831905	0.001188996334310120000
chr4	124666954	124667048	0.001034125405468360000
chr2	220246552	220246803	0.001325641379793320000
chr5	139192941	139193133	0.001154463267876880000
chr2	203044135	203044287	0.002015285635352220000
chr16	12207648	12207676	0.000753178039827889000
chr17	28562142	28562220	0.023171133298284100000
chr1	10675575	10675623	0.002922588508322030000
chr5	43533981	43534107	0.000655676816263822000
chr1	116976131	116976301	0.000302401659388864000
chr20	5928064	5928091	0.002569665423371040000
chr17	7328520	7328921	0.005034272351861980000
chr11	71129776	71129870	0.000437504913929914000
chr12	57997927	57998317	0.001853345288065700000
chr15	72523516	72523574	0.009239513709101970000
chr3	42577755	42578433	0.003980322621790920000
chr1	8935061	8935228	0.008807616171986240000
chr21	28218789	28219387	0.017312660225562100000
chr14	65224894	65225253	0.003426150047173400000
chr19	13080124	13080409	0.007660512768805770000
chr2	105474385	105474472	0.001414598914193150000
chr14	38053308	38053599	0.004504772891207550000
chr11	733086	733141	0.000440496557638996000
chr3	142682652	142683329	0.021379850521813100000
chr1	203241948	203242022	0.002645589810439720000
chr7	154777894	154778125	0.001262598775944100000
chr9	117004202	117004337	0.000509443063555046000
chr20	45606631	45606772	0.000231970246775885000
chr16	85741460	85741494	0.000250288635928201000
chr5	54275155	54275198	0.001414066841896790000
chr15	89583787	89584100	0.000213242216839765000
chr16	86959156	86959212	0.000396643675833450000
chr8	144802669	144803607	0.009954647562072000000
chr9	132200921	132201050	0.000970360403483537000
chr6	150211088	150211211	0.002804797864858710000
chr1	211501629	211502171	0.007802884662113070000
chr2	98860544	98860818	0.000771460631493765000
chr8	28748995	28749099	0.008996700819226640000
chr11	11265347	11265585	0.005908121169180860000
chr2	65683094	65683172	0.000779571818181005000
chr7	41137006	41137309	0.025899257919597400000
chr1	158149071	158149228	0.006247551198914020000
chr1	8882831	8882925	0.002857375288637940000
chr14	70635255	70635572	0.012302196357826800000
chr17	58166202	58166296	0.003030097479932710000
chr13	74805233	74805590	0.009815538485538950000
chr7	150884848	150885458	0.041538420339194600000
chr8	23405208	23405296	0.000152796551923693000
chr7	138666834	138667034	0.002995784026609530000
chr6	30079662	30080295	0.009851148387717980000
chr2	27345848	27346079	0.030326386880306500000
chr10	88106244	88106351	0.003858336326920870000
chr8	49468684	49468828	0.044448818086936600000
chr8	26723584	26724001	0.037639530181680100000
chr1	32930168	32930544	0.016966142300200000000
chr12	125634449	125634553	0.012148842773587500000
chr5	86596110	86596221	0.004462168816188500000
chr16	8985593	8985720	0.006195675660069220000
chr22	29513985	29514072	0.000399346012159185000
chr4	186048542	186048907	0.006844672675051140000
chr5	619736	619994	0.003048009825583290000
chr11	70173966	70173985	0.003220770832130750000
chr2	29287725	29287853	0.006944930166706120000
chr11	118051260	118051397	0.003952462736165720000
chr14	60712323	60712563	0.000812194845828280000
chr16	72981203	72981599	0.017424955004303700000
chr10	6100768	6101234	0.003403635163804960000
chr14	106064508	106064839	0.003188821392169770000
chr15	72599502	72599731	0.019968612166044400000
chr8	93894733	93895140	0.002146786669198550000
chr17	39696336	39696588	0.001093290850791680000
chr20	17854235	17854245	0.002004069780483190000
chr1	6844084	6844314	0.000540249254122066000
chr10	118434451	118434550	0.000127318417243848000
chr10	16741464	16741619	0.002458410047186430000
chr10	122739127	122739544	0.010246322850359800000
chr1	26369608	26370407	0.006511263398309040000
chr21	47473291	47473353	0.003852585213653790000
chr16	70976533	70976630	0.000167418798123481000
chr12	113305756	113305783	0.001063877843829840000
chr16	3055115	3055172	0.010904218383499500000
chr20	644758	644897	0.003869192505273000000
chr10	123368158	123368181	0.001826465581478190000
chr2	71753230	71753329	0.000377306119036198000
chr3	3152201	3152374	0.018371091422964000000
chr6	21557448	21557585	0.002470372804945130000
chr7	99959494	99959526	0.000274905766796488000
chr14	60679883	60679981	0.000496287087963747000
chr14	103412853	103412980	0.000410769545234139000
chr22	21258874	21259095	0.001603580887858050000
chr1	6445632	6445916	0.013187440867221500000
chr12	57433400	57433450	0.006409548589438210000
chr18	25621544	25621613	0.002328443763831170000
chr8	23382950	23383218	0.004980606565875200000
chr8	25906990	25907314	0.012543122705206500000
chr19	6489371	6489494	0.000249247191491604000
chr4	79861284	79861398	0.001271786752947890000
chr12	55223670	55223903	0.002687176011369510000
chr17	44919554	44919658	0.000838366382893318000
chr6	170535321	170536124	0.005938947065078740000
chr5	2132239	2132336	0.015426261460146800000
chr2	69201485	69201798	0.007357379561578580000
chr5	16881431	16881480	0.002251945960611440000
chr1	6556787	6557170	0.023968508107054100000
chr3	38596986	38598406	0.002177398109215340000
chr3	16215248	16215383	0.008963803053165080000
chr20	9496625	9496892	0.001605506659181960000
chr4	100737138	100737489	0.000548833051111644000
chr5	43397409	43397659	0.025657367801414500000
chr20	57562230	57562361	0.000328374510050479000
chr8	1107153	1107269	0.001917170417320320000
chr17	64873214	64873528	0.003601210315734920000
chr5	1229127	1229256	0.000806861535201845000
chr10	80841498	80841737	0.011593295919807400000
chr1	156497763	156497842	0.001310100564205310000
chr7	966569	967132	0.027253908447630000000
chr19	12223452	12223581	0.003617581488022700000
chr17	25929870	25930094	0.001776504970942250000
chr1	110476668	110477054	0.003808446677838230000
chr3	45801965	45802101	0.000275645063854134000
chr16	70298926	70299036	0.002329446903062440000
chr17	78233756	78233937	0.023787564508150600000
chr9	118135710	118135937	0.001672198695130560000
chr11	59265184	59265205	0.000791191148093461000
chr12	57556196	57556326	0.000282615768191653000
chr3	52313896	52313923	0.010059963464478200000
chr17	35014588	35014676	0.003472042846008810000
chr19	10677491	10678015	0.022943712024382900000
chr21	43983837	43983971	0.000734775275023778000
chr8	21889675	21889714	0.003420150971258140000
chr18	57069965	57070086	0.000207729290281280000
chr15	48009313	48009656	0.018944300242143800000
chr4	108974762	108974899	0.000251783726198160000
chr4	148402399	148402574	0.009913513335935760000
chr1	231028224	231028345	0.002666710587182240000
chr22	29440815	29440900	0.000288540131734703000
chr1	244262921	244263106	0.003149569419719260000
chr11	65679267	65679594	0.000395262695591342000
chr13	111766257	111766437	0.005839419208541590000
chr19	17829491	17829496	0.007905404512956990000
chr7	12443478	12443529	0.013332602283589500000
chr3	156799409	156799516	0.000130829062463155000
chr9	127273296	127273395	0.000150836717375139000
chr11	64272993	64273041	0.000181677211282956000
chr9	136892128	136892236	0.002902246777967790000
chr16	30798709	30798800	0.000387003939179384000
chr1	55163766	55164047	0.001119309907864840000
chr4	145567248	145567373	0.011032066901611600000
chr1	119522637	119522855	0.001842303791192180000
chr2	171573839	171573891	0.002505171201984280000
chr5	7797712	7797730	0.003125455998004940000
chr11	118013658	118013775	0.000225631599191941000
chr17	46796908	46797042	0.012173754317145800000
chr14	50988384	50988575	0.000748096914888775000
chr20	58569157	58569233	0.010775053248998700000
chr11	85780971	85781167	0.014880122120007300000
chr3	178275476	178275793	0.003121110956413120000
chr6	39902288	39902533	0.032084146899693700000
chr12	127768925	127769091	0.001932959375625830000
chr14	38057472	38057752	0.002806734763993520000
chr9	37034166	37034277	0.007210985021847120000
chr2	102952285	102952419	0.005919391418305680000
chr10	70088173	70088219	0.004234138559475770000
chr7	36700916	36701016	0.002647045596209550000
chr10	60474252	60474467	0.004796301767348020000
chr16	832828	833190	0.014904390764085800000
chr1	173834077	173834155	0.012551291524166800000
chr2	122530032	122530159	0.000873705500511663000
chr11	15095017	15095178	0.019669147165499100000
chr8	61766510	61766546	0.001084473840538290000
chr12	64646740	64646917	0.004211531270331570000
chr4	141783400	141783642	0.002660623407609160000
chr9	130699236	130699468	0.010222480524609500000
chr1	235814134	235814419	0.049312156551203000000
chr2	111996799	111996928	0.016112960872501800000
chr2	176957842	176958174	0.003519141087232530000
chr16	71659830	71660103	0.002940603961410860000
chr17	39710806	39710904	0.002366710058767160000
chr1	180922629	180922636	0.004282854768117320000
chr1	203014503	203014571	0.000944993137809955000
chr12	121419635	121419771	0.005404761870178030000
chr20	30062162	30062750	0.026917163625720800000
chr20	48831907	48831990	0.000711992091234052000
chr13	45770307	45770316	0.006643356302462380000
chr16	21169179	21169246	0.017348475402045500000
chr20	32149963	32150043	0.001904969643290940000
chr22	24105087	24105147	0.003389046617083780000
chr18	56940333	56940463	0.008350539738697460000
chr1	243646235	243646402	0.020154156885342600000
chr4	55710971	55711209	0.004975637246015810000
chr19	10121154	10121323	0.013186791198887700000
chr10	323396	323809	0.011523642481746800000
chr5	50265407	50265450	0.008496804521310050000
chr1	160312163	160312182	0.004910718584976430000
chr21	33245457	33245471	0.021489804767246000000
chr11	128450029	128450259	0.001977671025421030000
chr11	534558	534896	0.006234122372982910000
chr3	138065225	138065265	0.007109533684014930000
chr20	207803	207858	0.000522275182071131000
chr17	80740808	80740950	0.001673376902370730000
chr4	166304412	166304596	0.000357373078502709000
chr12	100378105	100378258	0.018195730032595600000
chr6	132811238	132811326	0.006909391230115490000
chr9	91605682	91605999	0.033866643191257200000
chr11	57125607	57126602	0.001358536135973850000
chr1	180993177	180993237	0.001928613977407950000
chr22	30774829	30774942	0.000741765775201118000
chr6	112797429	112797547	0.000226058195376496000
chr6	149772150	149772346	0.002523345814905980000
chr15	72103133	72103457	0.000241813339382541000
chr19	5953984	5954045	0.001884051537434040000
chr2	180307728	180307975	0.005967819540248890000
chr15	89346795	89346989	0.005842678561769270000
chr2	37416839	37416883	0.002526783801929100000
chr1	1714140	1714271	0.010710816237394100000
chr18	43751229	43751442	0.004502329337510840000
chr11	69633959	69633974	0.002698073836255720000
chr15	58723657	58724041	0.001486736950076220000
chr17	9082458	9082504	0.001657923497467300000
chr8	87756802	87756974	0.001376098064534540000
chr1	111414984	111415232	0.030815707818986200000
chr3	97477758	97477791	0.002145691464811640000
chr3	56217728	56217769	0.000226903804664618000
chr20	34787662	34788104	0.003905351576552150000
chr17	55456412	55456535	0.002508006323364150000
chr3	69482368	69482656	0.017015529297600400000
chr20	57933177	57933267	0.000424114424013275000
chr18	28961214	28961324	0.019626783730979900000
chr2	242945114	242945447	0.005682562281388180000
chr12	24716640	24716714	0.011822926105860700000
chr17	79813410	79813507	0.016174396482549300000
chr8	128494566	128494655	0.000111378902699072000
chr4	3204686	3204843	0.010921292612975900000
chr14	73928420	73929106	0.005286147783228250000
chr18	74634195	74634284	0.000919019418691624000
chr5	176057992	176057996	0.000429327274687705000
chr12	111396889	111396962	0.001191903184476220000
chr4	78978537	78978957	0.023751793575141000000
chr7	23285742	23285803	0.000783568023453595000
chr8	98788873	98789233	0.008506378826446490000
chr14	23887288	23887330	0.002861783787034840000
chr9	117381841	117381858	0.004053893274185900000
chr17	56025690	56025947	0.001116129741378260000
chr3	148415825	148416019	0.000222688417535377000
chr2	239066164	239066321	0.000457669012670147000
chr7	107332399	107332802	0.016940446172694100000
chr13	53775035	53775108	0.008650479804545250000
chr1	153283712	153283994	0.023877502579365700000
chr3	72741058	72741323	0.021181135442476800000
chr3	124281984	124282341	0.000597132640826761000
chr1	212803761	212803810	0.001030151889590560000
chr19	47250447	47250607	0.009152015307367740000
chr22	19709548	19709755	0.027408233668429500000
chr15	76627788	76628062	0.005723357716602910000
chr15	55562699	55562786	0.006039443280601640000
chr1	113009103	113009139	0.000192638509593025000
chr17	19881632	19881747	0.005938444927052020000
chr12	114075881	114075981	0.007037948717369340000
chr1	155290246	155290542	0.014643887173092700000
chr3	187454301	187454376	0.013014595704180100000
chr1	1297187	1297240	0.040158567880852700000
chr17	40074633	40074694	0.018320977213687000000
chr7	181309	181401	0.015217821918757300000
chr8	74227861	74227926	0.000457515034997315000
chr21	45905208	45905300	0.003277385436548400000
chr5	121495831	121495938	0.000489901593896588000
chr16	8955674	8955760	0.008026023698394460000
chr1	55464045	55464173	0.004895231473274460000
chr17	71431640	71431877	0.009476499751823050000
chr1	17992075	17992133	0.000282947730670056000
chr1	27426144	27426188	0.005651461259936990000
chr19	35605465	35605533	0.000129761601614065000
chr1	2772212	2772363	0.001902786176636110000
chr17	74395633	74395690	0.000465019944179973000
chr17	78694651	78694856	0.016286488469988900000
chr4	60699353	60699426	0.000573986605911907000
chr11	46318223	46318527	0.009571937657872500000
chr1	225117389	225117464	0.015136003602565200000
chr2	204572321	204572983	0.003114355581850400000
chr11	2468332	2468446	0.000262847434554661000
chr17	63822778	63822838	0.008213159561200730000
chr1	7902772	7902853	0.004643632005860690000
chr14	21272204	21272532	0.000966174497130052000
chr22	24113982	24114597	0.000790314013436902000
chr12	4916913	4917426	0.004501518420868620000
chr9	139715701	139715736	0.003425024770686780000
chr13	114908785	114908901	0.008318617573669050000
chr1	205536821	205536929	0.005462790922169290000
chr5	10330845	10330984	0.005351588070761770000
chr16	4912632	4912779	0.003581994182161270000
chr13	114889950	114890016	0.000519397394878501000
chr16	23681282	23681287	0.001904345983817640000
chr11	129684147	129684291	0.000709283356354479000
chr12	74932416	74932579	0.005619695030247030000
chr1	12213045	12213275	0.010829450608827500000
chr7	121784504	121784773	0.049565327681259100000
chr6	30883762	30883959	0.019853179517199600000
chr17	64575563	64576105	0.028287130446022500000
chr14	24629534	24629560	0.003174066067976130000
chr13	95620874	95620997	0.007950084061413220000
chr8	22959776	22960278	0.028745731774950700000
chr15	65689152	65689433	0.026116183369225400000
chr4	863878	864100	0.012631785224808400000
chr11	63858820	63858880	0.001026345249594770000
chr16	87866696	87866833	0.015130609163835900000
chr8	21996546	21996639	0.001488019187093130000
chr20	62574023	62574114	0.015094325992310700000
chr3	151161291	151161483	0.000857002468737867000
chr14	88339576	88339690	0.003004785657164890000
chr16	30672502	30672510	0.006645773565821700000
chr9	98784802	98785110	0.000625386282541803000
chr17	48285103	48285428	0.008337404856960430000
chr6	136788025	136788106	0.000425213659448020000
chr17	57010436	57010529	0.000861669680617359000
chr2	240182080	240182131	0.000596199505454751000
chr14	91862813	91862907	0.000217638040678833000
chr3	39148298	39148342	0.041439997295120400000
chr8	57906829	57906837	0.001200503954129470000
chr6	76073316	76073344	0.003289809637114390000
chr16	77232348	77232522	0.023766084237823100000
chr5	134367090	134367394	0.005947524448129480000
chr7	150146792	150146890	0.012500052452160900000
chr10	134298663	134298762	0.000341448974276100000
chr20	48341213	48341539	0.004472526467413320000
chr14	93170710	93170808	0.010033236845248300000
chr1	50573970	50574546	0.032236957577208900000
chr7	142981689	142981779	0.002978544508338200000
chr5	124084564	124085041	0.004092827977290160000
chr3	156019196	156019214	0.004626660058556370000
chr9	100292179	100292291	0.004733528170528120000
chr13	26042598	26042746	0.002992173312386320000
chr8	19795302	19795537	0.011880951513551800000
chr4	85504391	85504480	0.000708423926106794000
chr14	75920168	75920198	0.008069044628066240000
chr9	2764442	2764530	0.002784766358476050000
chr2	143762468	143762837	0.000326353662242345000
chr3	197582049	197582169	0.005417494458712150000
chr2	101223069	101223260	0.003898205397964040000
chr8	23540946	23541133	0.017542839490263800000
chr16	88498528	88498622	0.000725623608136624000
chr21	17442622	17442803	0.000542299565856760000
chr6	6643602	6643814	0.004793412849558780000
chr17	76494864	76495017	0.001999392483542080000
chr15	81282487	81282858	0.027861586519655300000
chr6	56507796	56507871	0.000257835778698170000
chr5	158531132	158531207	0.000670832703528860000
chr17	38077703	38077870	0.003755093092016650000
chr7	157345566	157345659	0.002243387174763170000
chr17	3832609	3832636	0.001969080200437840000
chr17	68071012	68071130	0.000521214779135757000
chr19	17571528	17571656	0.042620100958901300000
chr12	52407234	52407296	0.000531647646699860000
chr4	71587904	71588314	0.010379467558584400000
chr12	3310260	3310269	0.024440281978704700000
chr4	55097576	55097909	0.007746483495815310000
chr15	39487745	39487809	0.000643899912084006000
chr5	115410919	115411456	0.003452882447879150000
chr4	175443640	175443797	0.034670612940169400000
chr18	904963	905180	0.031352434790899200000
chr21	44004246	44004288	0.000314387924161564000
chr6	163755094	163755233	0.013249040756970200000
chr9	80569287	80569320	0.004127112818337340000
chr7	157618262	157618302	0.005043384845272350000
chr7	92848969	92849025	0.049063370899265500000
chr5	171424253	171424662	0.007636864401616040000
chr2	219748759	219748780	0.005158815551007070000
chr4	46995509	46995743	0.023408395039141900000
chr16	79115555	79115817	0.004846698669482430000
chr10	71087924	71087979	0.008001795290718000000
chr9	104198544	104199266	0.002914968511681730000
chr1	244541634	244541681	0.000404162395267540000
chr21	18985757	18985761	0.000211125763552034000
chr20	20036632	20036779	0.000831034462345477000
chr1	169278630	169278712	0.008762541772709710000
chr17	47440203	47440217	0.000909434895687183000
chr14	79084021	79084127	0.000223026241696260000
chr16	73846364	73846386	0.004111322278879370000
chr6	41996535	41996600	0.011325730363319600000
chr11	2612781	2612825	0.000128658629665671000
chr4	164264985	164265012	0.022851754220112800000
chr14	87179265	87179368	0.002514387138729350000
chr22	32358655	32358764	0.000202987419701761000
chr11	10648738	10648828	0.001040568867207940000
chr16	84851030	84851070	0.001435800313767040000
chr15	67168259	67168298	0.003284600839803680000
chr7	87905335	87905392	0.000171807932769604000
chr12	6736838	6736896	0.005802367084953830000
chr1	37773895	37773903	0.000806389982631488000
chr15	70740429	70740470	0.001368039001762880000
chr1	59278781	59278958	0.003814474251356680000
chr1	160769055	160769081	0.000766541852825451000
chr5	35118197	35118300	0.004330311936839420000
chr10	7763753	7763777	0.000266568090318355000
chr7	28447591	28448200	0.005026361747549550000
chr3	114027859	114027886	0.001527258175483070000
chr11	76271391	76271393	0.004085530562819790000
chr3	50350748	50350790	0.004460562582415340000
chr1	174968950	174968980	0.004191723140995530000
chr4	74089071	74089113	0.006661533974449880000
chr17	55525324	55525538	0.005205595079296840000